"事故類型及型態子類別名稱","發生年度","發生月份","發生日期","發生時間","天候名稱","光線名稱","速限.第1當事者","道路型態子類別名稱","事故位置子類別名稱","路面狀況.路面鋪裝名稱","路面狀況.路面狀態名稱","道路障礙.視距品質名稱","號誌.號誌動作名稱","車道劃分設施.分向設施大類別名稱","車道劃分設施.分道設施.快慢車道間名稱","車道劃分設施.分道設施.路面邊線名稱","當事者事故發生時年齡","行動電話或電腦或其他相類功能裝置名稱","經度","緯度","縣市","鄉鎮"
"路上翻車、摔倒","2022",1,20,19,"晴","夜間(或隧道、地下道、涵洞)有照明",60,"彎曲路及附近","慢車道","柏油","乾燥","良好","無號誌","雙向禁止超車線","快慢車道分隔線","有",17,"未使用",121.092354,22.808123,"臺東縣","卑南鄉"
"路口交岔撞","2022",1,20,23,"陰","夜間(或隧道、地下道、涵洞)有照明",30,"四岔路","交叉路口內","柏油","乾燥","良好","正常","雙向禁止超車線","未繪設快慢車道分隔線","有",36,"未使用",120.466662,24.109458,"彰化縣","線西鄉"
"路口交岔撞","2022",1,20,23,"陰","夜間(或隧道、地下道、涵洞)有照明",30,"四岔路","交叉路口內","柏油","乾燥","良好","正常","雙向禁止超車線","未繪設快慢車道分隔線","有",38,"未使用",120.466662,24.109458,"彰化縣","線西鄉"
"路上翻車、摔倒","2022",1,21,9,"晴","日間自然光線",50,"直路","路肩、路緣","柏油","乾燥","良好","無號誌","中央分向島","寛式快慢車道分隔島(50公分以上)","有",66,"未使用",120.132367,23.012065,"臺南市","南區"
"撞路樹、電桿","2022",1,21,10,"雨","日間自然光線",50,"彎曲路及附近","路肩、路緣","柏油","濕潤","良好","無號誌","行車分向線","未繪設快慢車道分隔線","有",37,"未使用",121.206519,24.775605,"新竹縣","關西鎮"
"撞路樹、電桿","2022",1,21,10,"晴","日間自然光線",50,"直路","路肩、路緣","柏油","乾燥","良好","無號誌","雙向禁止超車線","未繪設快慢車道分隔線","有",73,"未使用",120.329237,23.025833,"臺南市","新化區"
"側撞","2022",1,21,11,"晴","日間自然光線",50,"四岔路","交叉路口內","柏油","乾燥","良好","正常","無","未繪設快慢車道分隔線","無",51,"未使用",120.391053,22.61227,"高雄市","大寮區"
"側撞","2022",1,21,11,"晴","日間自然光線",50,"四岔路","交叉路口內","柏油","乾燥","良好","正常","無","未繪設快慢車道分隔線","無",66,"未使用",120.391053,22.61227,"高雄市","大寮區"
"側撞","2022",1,21,11,"晴","日間自然光線",50,"四岔路","交叉路口內","柏油","乾燥","良好","正常","無","未繪設快慢車道分隔線","無",82,"",120.391053,22.61227,"高雄市","大寮區"
"側撞","2022",1,21,11,"晴","日間自然光線",50,"四岔路","交叉路口內","柏油","乾燥","良好","正常","無","未繪設快慢車道分隔線","無",84,"非駕駛人",120.391053,22.61227,"高雄市","大寮區"
"穿越道路中","2022",1,21,18,"雨","夜間(或隧道、地下道、涵洞)有照明",70,"四岔路","交叉路口內","柏油","濕潤","良好","正常","無","未繪設快慢車道分隔線","無",86,"非駕駛人",120.451159,24.099557,"彰化縣","鹿港鎮"
"穿越道路中","2022",1,21,18,"雨","夜間(或隧道、地下道、涵洞)有照明",70,"四岔路","交叉路口內","柏油","濕潤","良好","正常","無","未繪設快慢車道分隔線","無",22,"未使用",120.451159,24.099557,"彰化縣","鹿港鎮"
"穿越道路中","2022",1,21,18,"雨","夜間(或隧道、地下道、涵洞)有照明",70,"四岔路","交叉路口內","柏油","濕潤","良好","正常","無","未繪設快慢車道分隔線","無",22,"未使用",120.451159,24.099557,"彰化縣","鹿港鎮"
"衝出路外","2022",1,21,18,"晴","夜間(或隧道、地下道、涵洞)有照明",50,"直路","一般車道(未劃分快慢車道)","柏油","乾燥","良好","無號誌","行車分向線","未繪設快慢車道分隔線","有",80,"未使用",120.719185,23.808577,"南投縣","竹山鎮"
"追撞","2022",1,21,19,"晴","夜間(或隧道、地下道、涵洞)有照明",50,"彎曲路及附近","一般車道(未劃分快慢車道)","柏油","乾燥","良好","無號誌","行車分向線","快慢車道分隔線","有",56,"未使用",120.437856,22.506779,"屏東縣","新園鄉"
"追撞","2022",1,21,19,"晴","夜間(或隧道、地下道、涵洞)有照明",50,"彎曲路及附近","一般車道(未劃分快慢車道)","柏油","乾燥","良好","無號誌","行車分向線","快慢車道分隔線","有",43,"不明",120.437856,22.506779,"屏東縣","新園鄉"
"其他","2022",1,21,19,"雨","夜間(或隧道、地下道、涵洞)有照明",40,"彎曲路及附近","一般車道(未劃分快慢車道)","柏油","濕潤","良好","無號誌","雙向禁止超車線","未繪設快慢車道分隔線","有",63,"不明",120.851058,21.905593,"屏東縣","恆春鎮"
"其他","2022",1,21,19,"雨","夜間(或隧道、地下道、涵洞)有照明",40,"彎曲路及附近","一般車道(未劃分快慢車道)","柏油","濕潤","良好","無號誌","雙向禁止超車線","未繪設快慢車道分隔線","有",28,"不明",120.851058,21.905593,"屏東縣","恆春鎮"
"穿越道路中","2022",1,21,20,"雨","夜間(或隧道、地下道、涵洞)有照明",50,"直路","一般車道(未劃分快慢車道)","柏油","濕潤","良好","無號誌","雙向禁止超車線","未繪設快慢車道分隔線","有",56,"未使用",121.31254,24.991684,"桃園市","桃園區"
"穿越道路中","2022",1,21,20,"雨","夜間(或隧道、地下道、涵洞)有照明",50,"直路","一般車道(未劃分快慢車道)","柏油","濕潤","良好","無號誌","雙向禁止超車線","未繪設快慢車道分隔線","有",20,"未使用",121.31254,24.991684,"桃園市","桃園區"
"其他","2022",1,21,23,"陰","夜間(或隧道、地下道、涵洞)有照明",50,"直路","機車專用道","柏油","濕潤","良好","無號誌","中央分向島","未繪設快慢車道分隔線","有",46,"未使用",121.471979,25.017629,"新北市","板橋區"
"路口交岔撞","2022",1,22,0,"雨","夜間(或隧道、地下道、涵洞)有照明",50,"四岔路","交叉路口內","柏油","濕潤","良好","正常","中央分向島","未繪設快慢車道分隔線","無",76,"非駕駛人",121.522468,25.1018,"臺北市","士林區"
"路口交岔撞","2022",1,22,0,"雨","夜間(或隧道、地下道、涵洞)有照明",50,"四岔路","交叉路口內","柏油","濕潤","良好","正常","中央分向島","未繪設快慢車道分隔線","無",63,"未使用",121.522468,25.1018,"臺北市","士林區"
"追撞","2022",1,22,15,"雨","日間自然光線",60,"直路","其他","柏油","濕潤","良好","無號誌","中央分向島","快慢車道分隔線","有",22,"未使用",120.272766,22.816221,"高雄市","岡山區"
"追撞","2022",1,22,15,"雨","日間自然光線",60,"直路","其他","柏油","濕潤","良好","無號誌","中央分向島","快慢車道分隔線","有",22,"未使用",120.272766,22.816221,"高雄市","岡山區"
"追撞","2022",1,22,15,"雨","日間自然光線",60,"直路","其他","柏油","濕潤","良好","無號誌","中央分向島","快慢車道分隔線","有",23,"非駕駛人",120.272766,22.816221,"高雄市","岡山區"
"穿越道路中","2022",1,22,20,"雨","夜間(或隧道、地下道、涵洞)有照明",50,"直路","一般車道(未劃分快慢車道)","柏油","濕潤","良好","無號誌","行車分向線","未繪設快慢車道分隔線","有",67,"非駕駛人",120.95775,24.653666,"苗栗縣","三灣鄉"
"穿越道路中","2022",1,22,20,"雨","夜間(或隧道、地下道、涵洞)有照明",50,"直路","一般車道(未劃分快慢車道)","柏油","濕潤","良好","無號誌","行車分向線","未繪設快慢車道分隔線","有",19,"未使用",120.95775,24.653666,"苗栗縣","三灣鄉"
"穿越道路中","2022",1,22,20,"雨","夜間(或隧道、地下道、涵洞)有照明",50,"直路","一般車道(未劃分快慢車道)","柏油","濕潤","良好","無號誌","行車分向線","未繪設快慢車道分隔線","有",28,"不明",120.95775,24.653666,"苗栗縣","三灣鄉"
"其他","2022",1,22,22,"晴","夜間(或隧道、地下道、涵洞)有照明",60,"直路","一般車道(未劃分快慢車道)","柏油","濕潤","良好","無號誌","中央分向島","未繪設快慢車道分隔線","有",34,"未使用",120.481395,23.934475,"彰化縣","溪湖鎮"
"其他","2022",1,22,22,"晴","夜間(或隧道、地下道、涵洞)有照明",60,"直路","一般車道(未劃分快慢車道)","柏油","濕潤","良好","無號誌","中央分向島","未繪設快慢車道分隔線","有",43,"未使用",120.481395,23.934475,"彰化縣","溪湖鎮"
"路上翻車、摔倒","2022",1,23,16,"晴","日間自然光線",50,"橋樑","一般車道(未劃分快慢車道)","柏油","乾燥","良好","無號誌","雙向禁止超車線","快慢車道分隔線","有",42,"未使用",120.621091,23.077925,"高雄市","甲仙區"
"路上翻車、摔倒","2022",1,23,16,"晴","日間自然光線",50,"橋樑","一般車道(未劃分快慢車道)","柏油","乾燥","良好","無號誌","雙向禁止超車線","快慢車道分隔線","有",111,"",120.621091,23.077925,"高雄市","甲仙區"
"路上翻車、摔倒","2022",1,23,16,"晴","日間自然光線",50,"橋樑","一般車道(未劃分快慢車道)","柏油","乾燥","良好","無號誌","雙向禁止超車線","快慢車道分隔線","有",3,"非駕駛人",120.621091,23.077925,"高雄市","甲仙區"
"其他","2022",1,23,23,"霧或煙","夜間(或隧道、地下道、涵洞)有照明",30,"直路","一般車道(未劃分快慢車道)","柏油","乾燥","良好","無號誌","無","未繪設快慢車道分隔線","無",29,"未使用",120.614308,24.236001,"臺中市","大雅區"
"其他","2022",1,23,23,"霧或煙","夜間(或隧道、地下道、涵洞)有照明",30,"直路","一般車道(未劃分快慢車道)","柏油","乾燥","良好","無號誌","無","未繪設快慢車道分隔線","無",39,"未使用",120.614308,24.236001,"臺中市","大雅區"
"其他","2022",1,23,23,"霧或煙","夜間(或隧道、地下道、涵洞)有照明",30,"直路","一般車道(未劃分快慢車道)","柏油","乾燥","良好","無號誌","無","未繪設快慢車道分隔線","無",22,"未使用",120.614308,24.236001,"臺中市","大雅區"
"其他","2022",1,23,23,"霧或煙","夜間(或隧道、地下道、涵洞)有照明",30,"直路","一般車道(未劃分快慢車道)","柏油","乾燥","良好","無號誌","無","未繪設快慢車道分隔線","無",46,"未使用",120.614308,24.236001,"臺中市","大雅區"
"其他","2022",1,23,23,"霧或煙","夜間(或隧道、地下道、涵洞)有照明",30,"直路","一般車道(未劃分快慢車道)","柏油","乾燥","良好","無號誌","無","未繪設快慢車道分隔線","無",46,"未使用",120.614308,24.236001,"臺中市","大雅區"
"其他","2022",1,23,23,"霧或煙","夜間(或隧道、地下道、涵洞)有照明",30,"直路","一般車道(未劃分快慢車道)","柏油","乾燥","良好","無號誌","無","未繪設快慢車道分隔線","無",53,"未使用",120.614308,24.236001,"臺中市","大雅區"
"路口交岔撞","2022",1,24,9,"晴","日間自然光線",50,"四岔路","交叉路口內","柏油","乾燥","良好","無動作","無","未繪設快慢車道分隔線","無",47,"未使用",120.27044,23.21687,"臺南市","下營區"
"路口交岔撞","2022",1,24,9,"晴","日間自然光線",50,"四岔路","交叉路口內","柏油","乾燥","良好","無動作","無","未繪設快慢車道分隔線","無",41,"未使用",120.27044,23.21687,"臺南市","下營區"
"撞路樹、電桿","2022",1,24,15,"晴","日間自然光線",60,"直路","路肩、路緣","柏油","乾燥","良好","無號誌","雙向禁止超車線","快慢車道分隔線","有",22,"不明",120.456261,23.350983,"臺南市","白河區"
"路口交岔撞","2022",1,25,6,"晴","夜間(或隧道、地下道、涵洞)有照明",60,"四岔路","交叉路口內","柏油","乾燥","良好","正常","中央分向島","未繪設快慢車道分隔線","有",78,"非駕駛人",120.479561,24.049019,"彰化縣","鹿港鎮"
"路口交岔撞","2022",1,25,6,"晴","夜間(或隧道、地下道、涵洞)有照明",60,"四岔路","交叉路口內","柏油","乾燥","良好","正常","中央分向島","未繪設快慢車道分隔線","有",24,"未使用",120.479561,24.049019,"彰化縣","鹿港鎮"
"衝進路中","2022",1,25,10,"晴","日間自然光線",30,"直路","一般車道(未劃分快慢車道)","柏油","乾燥","良好","無號誌","無","未繪設快慢車道分隔線","無",2,"非駕駛人",121.160168,22.78427,"臺東縣","臺東市"
"衝進路中","2022",1,25,10,"晴","日間自然光線",30,"直路","一般車道(未劃分快慢車道)","柏油","乾燥","良好","無號誌","無","未繪設快慢車道分隔線","無",48,"未使用",121.160168,22.78427,"臺東縣","臺東市"
"衝進路中","2022",1,25,10,"晴","日間自然光線",30,"直路","一般車道(未劃分快慢車道)","柏油","乾燥","良好","無號誌","無","未繪設快慢車道分隔線","無",32,"不明",121.160168,22.78427,"臺東縣","臺東市"
"撞路樹、電桿","2022",1,25,11,"晴","日間自然光線",40,"直路","慢車道","柏油","乾燥","良好","無號誌","行車分向線","快慢車道分隔線","有",73,"未使用",120.3038,22.74699,"高雄市","橋頭區"
"撞路樹、電桿","2022",1,25,11,"晴","日間自然光線",40,"直路","慢車道","柏油","乾燥","良好","無號誌","行車分向線","快慢車道分隔線","有",111,"",120.3038,22.74699,"高雄市","橋頭區"
"路口交岔撞","2022",1,25,12,"晴","日間自然光線",50,"四岔路","交叉路口內","柏油","乾燥","良好","無號誌","行車分向線","未繪設快慢車道分隔線","有",69,"未使用",120.585877,23.957329,"彰化縣","員林市"
"路口交岔撞","2022",1,25,12,"晴","日間自然光線",50,"四岔路","交叉路口內","柏油","乾燥","良好","無號誌","行車分向線","未繪設快慢車道分隔線","有",25,"未使用",120.585877,23.957329,"彰化縣","員林市"
"路口交岔撞","2022",1,25,12,"晴","日間自然光線",50,"四岔路","交叉路口內","柏油","乾燥","良好","無號誌","行車分向線","未繪設快慢車道分隔線","有",42,"非駕駛人",120.585877,23.957329,"彰化縣","員林市"
"其他","2022",1,25,13,"陰","日間自然光線",40,"三岔路","交叉路口內","柏油","乾燥","良好","正常","中央分向島","未繪設快慢車道分隔線","無",41,"不明",121.772246,25.041118,"新北市","石碇區"
"其他","2022",1,25,13,"陰","日間自然光線",40,"三岔路","交叉路口內","柏油","乾燥","良好","正常","中央分向島","未繪設快慢車道分隔線","無",81,"未使用",121.772246,25.041118,"新北市","石碇區"
"側撞","2022",1,25,19,"晴","日間自然光線",40,"多岔路","交叉路口內","柏油","乾燥","良好","正常","中央分向島","快慢車道分隔線","有",58,"不明",120.664381,24.083087,"臺中市","大里區"
"側撞","2022",1,25,19,"晴","日間自然光線",40,"多岔路","交叉路口內","柏油","乾燥","良好","正常","中央分向島","快慢車道分隔線","有",21,"不明",120.664381,24.083087,"臺中市","大里區"
"對撞","2022",1,25,22,"陰","夜間(或隧道、地下道、涵洞)有照明",60,"高架道路","一般車道(未劃分快慢車道)","柏油","乾燥","不良","無號誌","中央分向島","未繪設快慢車道分隔線","無",41,"未使用",121.591038,25.061144,"臺北市","內湖區"
"對撞","2022",1,25,22,"陰","夜間(或隧道、地下道、涵洞)有照明",60,"高架道路","一般車道(未劃分快慢車道)","柏油","乾燥","不良","無號誌","中央分向島","未繪設快慢車道分隔線","無",22,"不明",121.591038,25.061144,"臺北市","內湖區"
"對撞","2022",1,25,22,"陰","夜間(或隧道、地下道、涵洞)有照明",60,"高架道路","一般車道(未劃分快慢車道)","柏油","乾燥","不良","無號誌","中央分向島","未繪設快慢車道分隔線","無",49,"未使用",121.591038,25.061144,"臺北市","內湖區"
"撞護欄(樁)","2022",1,26,0,"霧或煙","夜間(或隧道、地下道、涵洞)無照明",110,"直路","快車道","柏油","乾燥","不良","無號誌","中央分向島","未繪設快慢車道分隔線","有",35,"未使用",120.708746,24.323032,"臺中市","后里區"
"撞護欄(樁)","2022",1,26,0,"霧或煙","夜間(或隧道、地下道、涵洞)無照明",110,"直路","快車道","柏油","乾燥","不良","無號誌","中央分向島","未繪設快慢車道分隔線","有",19,"未使用",120.708746,24.323032,"臺中市","后里區"
"撞護欄(樁)","2022",1,26,0,"霧或煙","夜間(或隧道、地下道、涵洞)無照明",110,"直路","快車道","柏油","乾燥","不良","無號誌","中央分向島","未繪設快慢車道分隔線","有",50,"未使用",120.708746,24.323032,"臺中市","后里區"
"撞護欄(樁)","2022",1,26,0,"霧或煙","夜間(或隧道、地下道、涵洞)無照明",110,"直路","快車道","柏油","乾燥","不良","無號誌","中央分向島","未繪設快慢車道分隔線","有",36,"非駕駛人",120.708746,24.323032,"臺中市","后里區"
"撞護欄(樁)","2022",1,26,7,"晴","日間自然光線",60,"直路","一般車道(未劃分快慢車道)","柏油","乾燥","良好","無號誌","雙向禁止超車線","未繪設快慢車道分隔線","有",61,"未使用",120.975083,22.554858,"臺東縣","太麻里鄉"
"其他","2022",1,26,8,"晴","日間自然光線",60,"直路","路肩、路緣","柏油","乾燥","良好","無號誌","中央分向島","未繪設快慢車道分隔線","有",70,"未使用",120.64352,24.109555,"臺中市","烏日區"
"其他","2022",1,26,8,"晴","日間自然光線",60,"直路","路肩、路緣","柏油","乾燥","良好","無號誌","中央分向島","未繪設快慢車道分隔線","有",49,"未使用",120.64352,24.109555,"臺中市","烏日區"
"路上翻車、摔倒","2022",1,26,9,"晴","日間自然光線",30,"直路","一般車道(未劃分快慢車道)","柏油","乾燥","良好","無號誌","無","未繪設快慢車道分隔線","有",69,"未使用",120.672041,24.421609,"苗栗縣","苑裡鎮"
"同向擦撞","2022",1,26,9,"晴","日間自然光線",50,"四岔路","交叉口附近","柏油","乾燥","良好","正常","無","未繪設快慢車道分隔線","無",80,"未使用",121.277736,25.057675,"桃園市","蘆竹區"
"同向擦撞","2022",1,26,9,"晴","日間自然光線",50,"四岔路","交叉口附近","柏油","乾燥","良好","正常","無","未繪設快慢車道分隔線","無",64,"未使用",121.277736,25.057675,"桃園市","蘆竹區"
"其他","2022",1,26,12,"晴","日間自然光線",70,"直路","快車道","柏油","乾燥","良好","無號誌","中央分向島","快慢車道分隔線","有",86,"未使用",121.805681,24.621142,"宜蘭縣","冬山鄉"
"其他","2022",1,26,12,"晴","日間自然光線",70,"直路","快車道","柏油","乾燥","良好","無號誌","中央分向島","快慢車道分隔線","有",45,"未使用",121.805681,24.621142,"宜蘭縣","冬山鄉"
"路口交岔撞","2022",1,26,15,"晴","日間自然光線",30,"四岔路","交叉路口內","柏油","乾燥","良好","無號誌","無","未繪設快慢車道分隔線","無",62,"未使用",120.321878,23.869639,"彰化縣","大城鄉"
"路口交岔撞","2022",1,26,15,"晴","日間自然光線",30,"四岔路","交叉路口內","柏油","乾燥","良好","無號誌","無","未繪設快慢車道分隔線","無",81,"未使用",120.321878,23.869639,"彰化縣","大城鄉"
"側撞","2022",1,26,15,"晴","日間自然光線",50,"四岔路","交叉口附近","柏油","乾燥","良好","正常","雙向禁止超車線","未繪設快慢車道分隔線","有",75,"未使用",120.69005,23.909788,"南投縣","南投市"
"側撞","2022",1,26,15,"晴","日間自然光線",50,"四岔路","交叉口附近","柏油","乾燥","良好","正常","雙向禁止超車線","未繪設快慢車道分隔線","有",17,"未使用",120.69005,23.909788,"南投縣","南投市"
"穿越道路中","2022",1,26,18,"晴","夜間(或隧道、地下道、涵洞)有照明",50,"四岔路","交叉路口內","柏油","乾燥","良好","正常","雙向禁止超車線","快慢車道分隔線","有",20,"未使用",120.495803,22.680539,"屏東縣","屏東市"
"穿越道路中","2022",1,26,18,"晴","夜間(或隧道、地下道、涵洞)有照明",50,"四岔路","交叉路口內","柏油","乾燥","良好","正常","雙向禁止超車線","快慢車道分隔線","有",90,"非駕駛人",120.495803,22.680539,"屏東縣","屏東市"
"路上翻車、摔倒","2022",1,27,7,"晴","日間自然光線",40,"彎曲路及附近","一般車道(未劃分快慢車道)","柏油","乾燥","良好","無號誌","行車分向線","未繪設快慢車道分隔線","有",25,"不明",120.93148,24.834975,"新竹市","北區"
"對向擦撞","2022",1,27,7,"晴","日間自然光線",70,"四岔路","交叉口附近","柏油","乾燥","良好","正常","中央分向島","未繪設快慢車道分隔線","有",70,"未使用",120.839325,24.643703,"苗栗縣","造橋鄉"
"對向擦撞","2022",1,27,7,"晴","日間自然光線",70,"四岔路","交叉口附近","柏油","乾燥","良好","正常","中央分向島","未繪設快慢車道分隔線","有",37,"未使用",120.839325,24.643703,"苗栗縣","造橋鄉"
"對向擦撞","2022",1,27,7,"晴","日間自然光線",70,"四岔路","交叉口附近","柏油","乾燥","良好","正常","中央分向島","未繪設快慢車道分隔線","有",36,"非駕駛人",120.839325,24.643703,"苗栗縣","造橋鄉"
"側撞","2022",1,27,8,"晴","日間自然光線",50,"直路","快車道","柏油","乾燥","良好","無號誌","雙向禁止超車線","未繪設快慢車道分隔線","有",31,"未使用",120.644078,24.085316,"臺中市","烏日區"
"側撞","2022",1,27,8,"晴","日間自然光線",50,"直路","快車道","柏油","乾燥","良好","無號誌","雙向禁止超車線","未繪設快慢車道分隔線","有",40,"未使用",120.644078,24.085316,"臺中市","烏日區"
"其他","2022",1,28,15,"雨","日間自然光線",50,"四岔路","交叉口附近","柏油","濕潤","良好","無號誌","中央分向島","寛式快慢車道分隔島(50公分以上)","無",37,"不明",121.561955,24.983636,"臺北市","文山區"
"其他","2022",1,28,15,"雨","日間自然光線",50,"四岔路","交叉口附近","柏油","濕潤","良好","無號誌","中央分向島","寛式快慢車道分隔島(50公分以上)","無",90,"非駕駛人",121.561955,24.983636,"臺北市","文山區"
"其他","2022",1,28,15,"雨","日間自然光線",50,"四岔路","交叉口附近","柏油","濕潤","良好","無號誌","中央分向島","寛式快慢車道分隔島(50公分以上)","無",34,"不明",121.561955,24.983636,"臺北市","文山區"
"其他","2022",1,28,15,"雨","日間自然光線",50,"四岔路","交叉口附近","柏油","濕潤","良好","無號誌","中央分向島","寛式快慢車道分隔島(50公分以上)","無",57,"不明",121.561955,24.983636,"臺北市","文山區"
"追撞","2022",1,28,16,"陰","日間自然光線",50,"三岔路","交叉路口內","柏油","乾燥","良好","無號誌","雙向禁止超車線","未繪設快慢車道分隔線","有",66,"未使用",121.054068,24.792737,"新竹縣","竹北市"
"追撞","2022",1,28,16,"陰","日間自然光線",50,"三岔路","交叉路口內","柏油","乾燥","良好","無號誌","雙向禁止超車線","未繪設快慢車道分隔線","有",58,"未使用",121.054068,24.792737,"新竹縣","竹北市"
"其他","2022",1,28,18,"雨","夜間(或隧道、地下道、涵洞)有照明",50,"三岔路","交叉口附近","柏油","濕潤","良好","無號誌","無","未繪設快慢車道分隔線","有",27,"未使用",120.16577,23.389863,"嘉義縣","布袋鎮"
"穿越道路中","2022",1,28,20,"雨","夜間(或隧道、地下道、涵洞)有照明",60,"直路","快車道","柏油","濕潤","良好","無號誌","行車分向線","快慢車道分隔線","有",47,"未使用",121.158394,23.032969,"臺東縣","關山鎮"
"穿越道路中","2022",1,28,20,"雨","夜間(或隧道、地下道、涵洞)有照明",60,"直路","快車道","柏油","濕潤","良好","無號誌","行車分向線","快慢車道分隔線","有",52,"非駕駛人",121.158394,23.032969,"臺東縣","關山鎮"
"穿越道路中","2022",1,28,20,"雨","夜間(或隧道、地下道、涵洞)有照明",60,"直路","快車道","柏油","濕潤","良好","無號誌","行車分向線","快慢車道分隔線","有",50,"未使用",121.158394,23.032969,"臺東縣","關山鎮"
"其他","2022",1,28,21,"雨","夜間(或隧道、地下道、涵洞)有照明",50,"直路","一般車道(未劃分快慢車道)","柏油","濕潤","良好","無號誌","無","未繪設快慢車道分隔線","有",64,"不明",120.823365,24.565412,"苗栗縣","苗栗市"
"其他","2022",1,28,21,"雨","夜間(或隧道、地下道、涵洞)有照明",50,"直路","一般車道(未劃分快慢車道)","柏油","濕潤","良好","無號誌","無","未繪設快慢車道分隔線","有",17,"不明",120.823365,24.565412,"苗栗縣","苗栗市"
"側撞","2022",1,29,1,"雨","夜間(或隧道、地下道、涵洞)有照明",80,"三岔路","交叉路口內","柏油","濕潤","良好","正常","無","未繪設快慢車道分隔線","無",27,"不明",120.898396,24.744388,"新竹市","香山區"
"側撞","2022",1,29,1,"雨","夜間(或隧道、地下道、涵洞)有照明",80,"三岔路","交叉路口內","柏油","濕潤","良好","正常","無","未繪設快慢車道分隔線","無",31,"不明",120.898396,24.744388,"新竹市","香山區"
"路口交岔撞","2022",1,29,11,"陰","日間自然光線",30,"四岔路","交叉路口內","柏油","乾燥","良好","無號誌","無","未繪設快慢車道分隔線","無",67,"未使用",121.124343,24.915126,"桃園市","楊梅區"
"路口交岔撞","2022",1,29,11,"陰","日間自然光線",30,"四岔路","交叉路口內","柏油","乾燥","良好","無號誌","無","未繪設快慢車道分隔線","無",42,"不明",121.124343,24.915126,"桃園市","楊梅區"
"側撞","2022",1,29,13,"晴","日間自然光線",50,"直路","一般車道(未劃分快慢車道)","柏油","乾燥","良好","無號誌","雙向禁止超車線","未繪設快慢車道分隔線","有",67,"未使用",120.488379,24.165629,"彰化縣","伸港鄉"
"側撞","2022",1,29,13,"晴","日間自然光線",50,"直路","一般車道(未劃分快慢車道)","柏油","乾燥","良好","無號誌","雙向禁止超車線","未繪設快慢車道分隔線","有",40,"未使用",120.488379,24.165629,"彰化縣","伸港鄉"
"撞橋樑、建築物","2022",1,29,23,"雨","夜間(或隧道、地下道、涵洞)有照明",40,"三岔路","交叉口附近","柏油","濕潤","良好","無號誌","無","未繪設快慢車道分隔線","有",16,"未使用",120.574329,22.607828,"屏東縣","內埔鄉"
"追撞","2022",1,30,0,"晴","夜間(或隧道、地下道、涵洞)有照明",50,"直路","一般車道(未劃分快慢車道)","柏油","乾燥","良好","無號誌","雙向禁止超車線","未繪設快慢車道分隔線","有",12,"不明",121.471462,25.014501,"新北市","板橋區"
"追撞","2022",1,30,0,"晴","夜間(或隧道、地下道、涵洞)有照明",50,"直路","一般車道(未劃分快慢車道)","柏油","乾燥","良好","無號誌","雙向禁止超車線","未繪設快慢車道分隔線","有",58,"未使用",121.471462,25.014501,"新北市","板橋區"
"同向通行中","2022",1,30,5,"陰","晨或暮光",30,"三岔路","交叉路口內","柏油","濕潤","良好","無號誌","無","未繪設快慢車道分隔線","無",61,"未使用",121.538167,24.941232,"新北市","新店區"
"同向通行中","2022",1,30,5,"陰","晨或暮光",30,"三岔路","交叉路口內","柏油","濕潤","良好","無號誌","無","未繪設快慢車道分隔線","無",87,"非駕駛人",121.538167,24.941232,"新北市","新店區"
"側撞","2022",1,30,7,"陰","日間自然光線",50,"三岔路","交叉口附近","柏油","濕潤","良好","正常","雙向禁止超車線","未繪設快慢車道分隔線","有",79,"未使用",121.799526,24.719252,"宜蘭縣","壯圍鄉"
"側撞","2022",1,30,7,"陰","日間自然光線",50,"三岔路","交叉口附近","柏油","濕潤","良好","正常","雙向禁止超車線","未繪設快慢車道分隔線","有",43,"未使用",121.799526,24.719252,"宜蘭縣","壯圍鄉"
"撞路樹、電桿","2022",1,30,9,"晴","日間自然光線",60,"直路","路肩、路緣","柏油","乾燥","良好","無號誌","雙向禁止超車線","快慢車道分隔線","有",33,"未使用",120.343353,23.066606,"臺南市","新化區"
"撞路樹、電桿","2022",1,30,9,"晴","日間自然光線",60,"直路","路肩、路緣","柏油","乾燥","良好","無號誌","雙向禁止超車線","快慢車道分隔線","有",29,"未使用",120.343353,23.066606,"臺南市","新化區"
"對撞","2022",1,30,10,"霧或煙","日間自然光線",30,"彎曲路及附近","一般車道(未劃分快慢車道)","柏油","濕潤","不良","無號誌","無","未繪設快慢車道分隔線","有",51,"不明",120.65746,23.562802,"嘉義縣","梅山鄉"
"對撞","2022",1,30,10,"霧或煙","日間自然光線",30,"彎曲路及附近","一般車道(未劃分快慢車道)","柏油","濕潤","不良","無號誌","無","未繪設快慢車道分隔線","有",61,"未使用",120.65746,23.562802,"嘉義縣","梅山鄉"
"側撞","2022",1,30,11,"雨","日間自然光線",50,"四岔路","交叉路口內","柏油","濕潤","良好","正常","中央分向島","快慢車道分隔線","有",43,"不明",120.906412,24.687624,"苗栗縣","頭份市"
"側撞","2022",1,30,11,"雨","日間自然光線",50,"四岔路","交叉路口內","柏油","濕潤","良好","正常","中央分向島","快慢車道分隔線","有",50,"不明",120.906412,24.687624,"苗栗縣","頭份市"
"追撞","2022",1,30,15,"晴","日間自然光線",50,"直路","一般車道(未劃分快慢車道)","柏油","乾燥","良好","無號誌","行車分向線","未繪設快慢車道分隔線","有",19,"未使用",120.571158,22.587278,"屏東縣","萬巒鄉"