"事故類型及型態子類別名稱","發生年度","發生月份","發生日期","發生時間","天候名稱","光線名稱","速限.第1當事者","道路型態子類別名稱","事故位置子類別名稱","路面狀況.路面鋪裝名稱","路面狀況.路面狀態名稱","道路障礙.視距品質名稱","號誌.號誌動作名稱","車道劃分設施.分向設施大類別名稱","車道劃分設施.分道設施.快慢車道間名稱","車道劃分設施.分道設施.路面邊線名稱","當事者事故發生時年齡","行動電話或電腦或其他相類功能裝置名稱","經度","緯度","縣市","鄉鎮"
"其他","2022",2,12,1,"雨","夜間(或隧道、地下道、涵洞)有照明",60,"直路","快車道","柏油","濕潤","良好","無號誌","中央分向島","快慢車道分隔線","有",39,"非駕駛人",120.89921,24.684638,"苗栗縣","頭份市"
"側撞","2022",2,12,8,"晴","日間自然光線",70,"三岔路","交叉路口內","柏油","乾燥","良好","正常","單向禁止超車線","快慢車道分隔線","有",55,"不明",120.92836,23.971026,"南投縣","埔里鎮"
"側撞","2022",2,12,8,"晴","日間自然光線",70,"三岔路","交叉路口內","柏油","乾燥","良好","正常","單向禁止超車線","快慢車道分隔線","有",52,"不明",120.92836,23.971026,"南投縣","埔里鎮"
"側撞","2022",2,12,8,"晴","日間自然光線",70,"三岔路","交叉路口內","柏油","乾燥","良好","正常","單向禁止超車線","快慢車道分隔線","有",64,"不明",120.92836,23.971026,"南投縣","埔里鎮"
"側撞","2022",2,12,8,"晴","日間自然光線",70,"三岔路","交叉路口內","柏油","乾燥","良好","正常","單向禁止超車線","快慢車道分隔線","有",79,"不明",120.92836,23.971026,"南投縣","埔里鎮"
"路上翻車、摔倒","2022",2,12,10,"晴","日間自然光線",60,"直路","一般車道(未劃分快慢車道)","柏油","乾燥","良好","無號誌","雙向禁止超車線","未繪設快慢車道分隔線","有",17,"未使用",120.451763,24.015702,"彰化縣","埔鹽鄉"
"穿越道路中","2022",2,12,11,"晴","日間自然光線",50,"多岔路","行人穿越道","柏油","乾燥","良好","正常","無","未繪設快慢車道分隔線","無",73,"不明",120.975289,24.804332,"新竹市","東區"
"穿越道路中","2022",2,12,11,"晴","日間自然光線",50,"多岔路","行人穿越道","柏油","乾燥","良好","正常","無","未繪設快慢車道分隔線","無",18,"不明",120.975289,24.804332,"新竹市","東區"
"側撞","2022",2,12,15,"晴","日間自然光線",60,"四岔路","交叉路口內","柏油","乾燥","良好","正常","無","未繪設快慢車道分隔線","無",66,"不明",120.501495,23.753236,"雲林縣","莿桐鄉"
"側撞","2022",2,12,15,"晴","日間自然光線",60,"四岔路","交叉路口內","柏油","乾燥","良好","正常","無","未繪設快慢車道分隔線","無",19,"不明",120.501495,23.753236,"雲林縣","莿桐鄉"
"追撞","2022",2,12,22,"晴","夜間(或隧道、地下道、涵洞)有照明",70,"三岔路","交叉路口內","柏油","乾燥","良好","正常","無","未繪設快慢車道分隔線","無",36,"未使用",120.383442,22.635979,"高雄市","大寮區"
"追撞","2022",2,12,22,"晴","夜間(或隧道、地下道、涵洞)有照明",70,"三岔路","交叉路口內","柏油","乾燥","良好","正常","無","未繪設快慢車道分隔線","無",26,"未使用",120.383442,22.635979,"高雄市","大寮區"
"撞路樹、電桿","2022",2,13,0,"晴","夜間(或隧道、地下道、涵洞)有照明",50,"直路","一般車道(未劃分快慢車道)","柏油","乾燥","良好","無號誌","雙向禁止超車線","未繪設快慢車道分隔線","有",69,"未使用",120.468489,23.9866,"彰化縣","埔鹽鄉"
"撞路樹、電桿","2022",2,13,0,"晴","夜間(或隧道、地下道、涵洞)有照明",50,"直路","一般車道(未劃分快慢車道)","柏油","乾燥","良好","無號誌","雙向禁止超車線","未繪設快慢車道分隔線","有",42,"未使用",120.468489,23.9866,"彰化縣","埔鹽鄉"
"側撞","2022",2,13,17,"陰","夜間(或隧道、地下道、涵洞)有照明",50,"三岔路","交叉路口內","柏油","乾燥","良好","正常","中央分向島","快慢車道分隔線","有",68,"不明",120.817994,24.575202,"苗栗縣","苗栗市"
"側撞","2022",2,13,17,"陰","夜間(或隧道、地下道、涵洞)有照明",50,"三岔路","交叉路口內","柏油","乾燥","良好","正常","中央分向島","快慢車道分隔線","有",62,"不明",120.817994,24.575202,"苗栗縣","苗栗市"
"對撞","2022",2,13,21,"雨","夜間(或隧道、地下道、涵洞)有照明",50,"直路","一般車道(未劃分快慢車道)","柏油","濕潤","良好","無號誌","雙向禁止超車線","未繪設快慢車道分隔線","有",18,"未使用",120.257317,23.467638,"嘉義縣","朴子市"
"對撞","2022",2,13,21,"雨","夜間(或隧道、地下道、涵洞)有照明",50,"直路","一般車道(未劃分快慢車道)","柏油","濕潤","良好","無號誌","雙向禁止超車線","未繪設快慢車道分隔線","有",52,"未使用",120.257317,23.467638,"嘉義縣","朴子市"
"倒車撞","2022",2,13,21,"雨","夜間(或隧道、地下道、涵洞)有照明",50,"直路","一般車道(未劃分快慢車道)","柏油","濕潤","良好","無號誌","行車分向線","未繪設快慢車道分隔線","有",44,"未使用",121.495438,24.94651,"新北市","新店區"
"倒車撞","2022",2,13,21,"雨","夜間(或隧道、地下道、涵洞)有照明",50,"直路","一般車道(未劃分快慢車道)","柏油","濕潤","良好","無號誌","行車分向線","未繪設快慢車道分隔線","有",56,"未使用",121.495438,24.94651,"新北市","新店區"
"其他","2022",2,14,3,"雨","夜間(或隧道、地下道、涵洞)有照明",50,"四岔路","交叉路口內","柏油","濕潤","良好","正常","無","未繪設快慢車道分隔線","無",19,"未使用",120.685456,24.163099,"臺中市","北區"
"其他","2022",2,14,3,"雨","夜間(或隧道、地下道、涵洞)有照明",50,"四岔路","交叉路口內","柏油","濕潤","良好","正常","無","未繪設快慢車道分隔線","無",35,"未使用",120.685456,24.163099,"臺中市","北區"
"追撞","2022",2,14,4,"雨","夜間(或隧道、地下道、涵洞)有照明",50,"直路","一般車道(未劃分快慢車道)","柏油","濕潤","良好","無號誌","雙向禁止超車線","快慢車道分隔線","有",56,"未使用",121.421151,25.015065,"新北市","樹林區"
"追撞","2022",2,14,4,"雨","夜間(或隧道、地下道、涵洞)有照明",50,"直路","一般車道(未劃分快慢車道)","柏油","濕潤","良好","無號誌","雙向禁止超車線","快慢車道分隔線","有",42,"未使用",121.421151,25.015065,"新北市","樹林區"
"其他","2022",2,14,5,"雨","夜間(或隧道、地下道、涵洞)有照明",50,"三岔路","交叉路口內","柏油","濕潤","良好","正常","中央分向島","快慢車道分隔線","有",31,"未使用",120.574431,24.275476,"臺中市","清水區"
"其他","2022",2,14,5,"雨","夜間(或隧道、地下道、涵洞)有照明",50,"三岔路","交叉路口內","柏油","濕潤","良好","正常","中央分向島","快慢車道分隔線","有",70,"非駕駛人",120.574431,24.275476,"臺中市","清水區"
"同向擦撞","2022",2,15,6,"晴","晨或暮光",50,"直路","慢車道","柏油","乾燥","良好","無號誌","雙向禁止超車線","快慢車道分隔線","有",49,"未使用",120.6916,24.255,"臺中市","神岡區"
"同向擦撞","2022",2,15,6,"晴","晨或暮光",50,"直路","慢車道","柏油","乾燥","良好","無號誌","雙向禁止超車線","快慢車道分隔線","有",86,"未使用",120.6916,24.255,"臺中市","神岡區"
"撞交通島","2022",2,15,8,"晴","日間自然光線",40,"直路","慢車道","柏油","乾燥","良好","無號誌","中央分向島","窄式快慢車道分隔島(無柵欄)","有",44,"未使用",120.67978,24.087878,"臺中市","大里區"
"其他","2022",2,15,15,"晴","日間自然光線",40,"直路","慢車道","柏油","乾燥","良好","無號誌","中央分向島","寛式快慢車道分隔島(50公分以上)","無",50,"未使用",120.31546,22.653019,"高雄市","三民區"
"其他","2022",2,15,15,"晴","日間自然光線",40,"直路","慢車道","柏油","乾燥","良好","無號誌","中央分向島","寛式快慢車道分隔島(50公分以上)","無",24,"未使用",120.31546,22.653019,"高雄市","三民區"
"側撞","2022",2,15,15,"晴","日間自然光線",40,"四岔路","交叉路口內","柏油","乾燥","良好","正常","無","未繪設快慢車道分隔線","無",70,"未使用",120.31139,23.129133,"臺南市","善化區"
"側撞","2022",2,15,15,"晴","日間自然光線",40,"四岔路","交叉路口內","柏油","乾燥","良好","正常","無","未繪設快慢車道分隔線","無",59,"未使用",120.31139,23.129133,"臺南市","善化區"
"追撞","2022",2,15,18,"晴","夜間(或隧道、地下道、涵洞)有照明",50,"直路","路肩、路緣","柏油","乾燥","良好","無號誌","雙向禁止超車線","未繪設快慢車道分隔線","有",63,"不明",120.258385,22.968534,"臺南市","仁德區"
"追撞","2022",2,15,18,"晴","夜間(或隧道、地下道、涵洞)有照明",50,"直路","路肩、路緣","柏油","乾燥","良好","無號誌","雙向禁止超車線","未繪設快慢車道分隔線","有",40,"不明",120.258385,22.968534,"臺南市","仁德區"
"撞護欄(樁)","2022",2,16,5,"晴","夜間(或隧道、地下道、涵洞)有照明",100,"直路","快車道","柏油","乾燥","良好","無號誌","中央分向島","未繪設快慢車道分隔線","有",37,"未使用",120.774929,24.416695,"苗栗縣","三義鄉"
"撞護欄(樁)","2022",2,16,5,"晴","夜間(或隧道、地下道、涵洞)有照明",100,"直路","快車道","柏油","乾燥","良好","無號誌","中央分向島","未繪設快慢車道分隔線","有",36,"未使用",120.774929,24.416695,"苗栗縣","三義鄉"
"其他","2022",2,16,10,"晴","日間自然光線",50,"直路","一般車道(未劃分快慢車道)","柏油","乾燥","良好","無號誌","雙向禁止超車線","未繪設快慢車道分隔線","有",70,"未使用",120.395578,23.937653,"彰化縣","二林鎮"
"其他","2022",2,16,10,"晴","日間自然光線",50,"直路","一般車道(未劃分快慢車道)","柏油","乾燥","良好","無號誌","雙向禁止超車線","未繪設快慢車道分隔線","有",44,"未使用",120.395578,23.937653,"彰化縣","二林鎮"
"路口交岔撞","2022",2,16,11,"陰","日間自然光線",30,"四岔路","交叉路口內","柏油","乾燥","良好","無號誌","無","未繪設快慢車道分隔線","無",46,"未使用",121.177059,25.005687,"桃園市","中壢區"
"路口交岔撞","2022",2,16,11,"陰","日間自然光線",30,"四岔路","交叉路口內","柏油","乾燥","良好","無號誌","無","未繪設快慢車道分隔線","無",69,"未使用",121.177059,25.005687,"桃園市","中壢區"
"追撞","2022",2,16,14,"晴","日間自然光線",60,"直路","一般車道(未劃分快慢車道)","柏油","乾燥","良好","無號誌","中央分向島","快慢車道分隔線","有",69,"未使用",121.458457,25.173169,"新北市","淡水區"
"追撞","2022",2,16,14,"晴","日間自然光線",60,"直路","一般車道(未劃分快慢車道)","柏油","乾燥","良好","無號誌","中央分向島","快慢車道分隔線","有",58,"未使用",121.458457,25.173169,"新北市","淡水區"
"穿越道路中","2022",2,16,14,"晴","日間自然光線",30,"三岔路","交叉路口內","柏油","乾燥","良好","無號誌","無","未繪設快慢車道分隔線","無",45,"不明",120.968932,24.816375,"新竹市","北區"
"穿越道路中","2022",2,16,14,"晴","日間自然光線",30,"三岔路","交叉路口內","柏油","乾燥","良好","無號誌","無","未繪設快慢車道分隔線","無",43,"非駕駛人",120.968932,24.816375,"新竹市","北區"
"側撞","2022",2,17,13,"雨","日間自然光線",50,"直路","一般車道(未劃分快慢車道)","柏油","濕潤","良好","無號誌","行車分向線","未繪設快慢車道分隔線","有",88,"未使用",121.199998,25.06462,"桃園市","大園區"
"側撞","2022",2,17,13,"雨","日間自然光線",50,"直路","一般車道(未劃分快慢車道)","柏油","濕潤","良好","無號誌","行車分向線","未繪設快慢車道分隔線","有",33,"未使用",121.199998,25.06462,"桃園市","大園區"
"撞交通島","2022",2,18,4,"雨","夜間(或隧道、地下道、涵洞)有照明",60,"直路","一般車道(未劃分快慢車道)","柏油","濕潤","良好","無號誌","中央分向島","未繪設快慢車道分隔線","有",19,"未使用",121.145182,24.696554,"新竹縣","橫山鄉"
"撞交通島","2022",2,18,4,"雨","夜間(或隧道、地下道、涵洞)有照明",60,"直路","一般車道(未劃分快慢車道)","柏油","濕潤","良好","無號誌","中央分向島","未繪設快慢車道分隔線","有",18,"非駕駛人",121.145182,24.696554,"新竹縣","橫山鄉"
"撞交通島","2022",2,18,6,"雨","夜間(或隧道、地下道、涵洞)有照明",60,"直路","交通島(含槽化線)","柏油","濕潤","良好","無號誌","中央分向島","未繪設快慢車道分隔線","有",21,"不明",120.440342,23.409131,"嘉義縣","水上鄉"
"撞交通島","2022",2,18,6,"雨","夜間(或隧道、地下道、涵洞)有照明",60,"直路","交通島(含槽化線)","柏油","濕潤","良好","無號誌","中央分向島","未繪設快慢車道分隔線","有",56,"未使用",120.440342,23.409131,"嘉義縣","水上鄉"
"側撞","2022",2,18,10,"陰","日間自然光線",50,"直路","快車道","柏油","乾燥","良好","無號誌","無","快慢車道分隔線","無",22,"不明",120.531333,24.25575,"臺中市","梧棲區"
"側撞","2022",2,18,10,"陰","日間自然光線",50,"直路","快車道","柏油","乾燥","良好","無號誌","無","快慢車道分隔線","無",66,"未使用",120.531333,24.25575,"臺中市","梧棲區"
"側撞","2022",2,18,11,"晴","日間自然光線",30,"三岔路","交叉路口內","柏油","乾燥","良好","無號誌","無","未繪設快慢車道分隔線","無",31,"未使用",120.365003,23.265512,"臺南市","柳營區"
"側撞","2022",2,18,11,"晴","日間自然光線",30,"三岔路","交叉路口內","柏油","乾燥","良好","無號誌","無","未繪設快慢車道分隔線","無",53,"未使用",120.365003,23.265512,"臺南市","柳營區"
"穿越道路中","2022",2,18,11,"晴","日間自然光線",50,"四岔路","交叉路口內","柏油","乾燥","良好","正常","無","未繪設快慢車道分隔線","無",36,"未使用",120.2528,22.85727,"高雄市","路竹區"
"穿越道路中","2022",2,18,11,"晴","日間自然光線",50,"四岔路","交叉路口內","柏油","乾燥","良好","正常","無","未繪設快慢車道分隔線","無",79,"非駕駛人",120.2528,22.85727,"高雄市","路竹區"
"對向擦撞","2022",2,18,14,"陰","日間自然光線",50,"彎曲路及附近","一般車道(未劃分快慢車道)","柏油","乾燥","良好","無號誌","雙向禁止超車線","未繪設快慢車道分隔線","有",65,"不明",120.803155,23.813041,"南投縣","鹿谷鄉"
"對向擦撞","2022",2,18,14,"陰","日間自然光線",50,"彎曲路及附近","一般車道(未劃分快慢車道)","柏油","乾燥","良好","無號誌","雙向禁止超車線","未繪設快慢車道分隔線","有",54,"未使用",120.803155,23.813041,"南投縣","鹿谷鄉"
"撞路樹、電桿","2022",2,18,15,"晴","日間自然光線",50,"直路","路肩、路緣","柏油","乾燥","良好","無號誌","行車分向線","未繪設快慢車道分隔線","有",62,"未使用",120.510628,23.705309,"雲林縣","斗六市"
"側撞","2022",2,18,16,"晴","日間自然光線",60,"四岔路","交叉路口內","柏油","乾燥","良好","正常","無","未繪設快慢車道分隔線","無",32,"未使用",120.361316,22.695951,"高雄市","仁武區"
"側撞","2022",2,18,16,"晴","日間自然光線",60,"四岔路","交叉路口內","柏油","乾燥","良好","正常","無","未繪設快慢車道分隔線","無",42,"未使用",120.361316,22.695951,"高雄市","仁武區"
"追撞","2022",2,18,18,"雨","夜間(或隧道、地下道、涵洞)有照明",50,"直路","機車優先道","柏油","濕潤","不良","無號誌","行車分向線","快慢車道分隔線","有",53,"未使用",121.2261,24.895662,"桃園市","平鎮區"
"追撞","2022",2,18,18,"雨","夜間(或隧道、地下道、涵洞)有照明",50,"直路","機車優先道","柏油","濕潤","不良","無號誌","行車分向線","快慢車道分隔線","有",28,"不明",121.2261,24.895662,"桃園市","平鎮區"
"側撞","2022",2,18,21,"晴","夜間(或隧道、地下道、涵洞)有照明",50,"三岔路","交叉路口內","柏油","乾燥","良好","正常","無","未繪設快慢車道分隔線","無",32,"未使用",120.260788,22.952486,"臺南市","仁德區"
"側撞","2022",2,18,21,"晴","夜間(或隧道、地下道、涵洞)有照明",50,"三岔路","交叉路口內","柏油","乾燥","良好","正常","無","未繪設快慢車道分隔線","無",34,"未使用",120.260788,22.952486,"臺南市","仁德區"
"撞護欄(樁)","2022",2,19,2,"晴","夜間(或隧道、地下道、涵洞)有照明",50,"彎曲路及附近","路肩、路緣","柏油","乾燥","良好","無號誌","中央分向島","快慢車道分隔線","有",18,"不明",120.353594,23.286995,"臺南市","柳營區"
"撞路樹、電桿","2022",2,19,10,"雨","日間自然光線",70,"直路","路肩、路緣","柏油","濕潤","良好","無號誌","中央分向島","未繪設快慢車道分隔線","有",26,"未使用",121.614521,24.095608,"花蓮縣","新城鄉"
"撞路樹、電桿","2022",2,19,10,"雨","日間自然光線",70,"直路","路肩、路緣","柏油","濕潤","良好","無號誌","中央分向島","未繪設快慢車道分隔線","有",21,"非駕駛人",121.614521,24.095608,"花蓮縣","新城鄉"
"撞路樹、電桿","2022",2,19,10,"雨","日間自然光線",70,"直路","路肩、路緣","柏油","濕潤","良好","無號誌","中央分向島","未繪設快慢車道分隔線","有",20,"非駕駛人",121.614521,24.095608,"花蓮縣","新城鄉"
"撞路樹、電桿","2022",2,19,10,"雨","日間自然光線",70,"直路","路肩、路緣","柏油","濕潤","良好","無號誌","中央分向島","未繪設快慢車道分隔線","有",19,"非駕駛人",121.614521,24.095608,"花蓮縣","新城鄉"
"撞路樹、電桿","2022",2,19,10,"雨","日間自然光線",70,"直路","路肩、路緣","柏油","濕潤","良好","無號誌","中央分向島","未繪設快慢車道分隔線","有",16,"非駕駛人",121.614521,24.095608,"花蓮縣","新城鄉"
"同向擦撞","2022",2,19,13,"晴","日間自然光線",70,"三岔路","交叉路口內","柏油","乾燥","良好","正常","中央分向島","未繪設快慢車道分隔線","有",24,"未使用",120.450556,22.775311,"高雄市","旗山區"
"同向擦撞","2022",2,19,13,"晴","日間自然光線",70,"三岔路","交叉路口內","柏油","乾燥","良好","正常","中央分向島","未繪設快慢車道分隔線","有",56,"未使用",120.450556,22.775311,"高雄市","旗山區"
"同向擦撞","2022",2,19,17,"雨","夜間(或隧道、地下道、涵洞)有照明",50,"直路","快車道","柏油","濕潤","良好","無號誌","行車分向線","快慢車道分隔線","有",88,"非駕駛人",120.337511,22.674553,"高雄市","仁武區"
"同向擦撞","2022",2,19,17,"雨","夜間(或隧道、地下道、涵洞)有照明",50,"直路","快車道","柏油","濕潤","良好","無號誌","行車分向線","快慢車道分隔線","有",28,"未使用",120.337511,22.674553,"高雄市","仁武區"
"撞護欄(樁)","2022",2,20,0,"雨","夜間(或隧道、地下道、涵洞)有照明",100,"直路","快車道","柏油","濕潤","良好","無號誌","中央分向島","未繪設快慢車道分隔線","有",20,"不明",121.415622,25.062015,"新北市","泰山區"
"撞護欄(樁)","2022",2,20,0,"雨","夜間(或隧道、地下道、涵洞)有照明",100,"直路","快車道","柏油","濕潤","良好","無號誌","中央分向島","未繪設快慢車道分隔線","有",23,"非駕駛人",121.415622,25.062015,"新北市","泰山區"
"撞護欄(樁)","2022",2,20,0,"雨","夜間(或隧道、地下道、涵洞)有照明",100,"直路","快車道","柏油","濕潤","良好","無號誌","中央分向島","未繪設快慢車道分隔線","有",22,"非駕駛人",121.415622,25.062015,"新北市","泰山區"
"其他","2022",2,20,2,"雨","夜間(或隧道、地下道、涵洞)有照明",40,"直路","慢車道","柏油","濕潤","良好","無號誌","中央分向島","寛式快慢車道分隔島(50公分以上)","無",53,"不明",120.30342,23.468155,"嘉義縣","太保市"
"穿越道路中","2022",2,20,6,"雨","晨或暮光",50,"三岔路","交叉路口內","柏油","濕潤","良好","無號誌","無","未繪設快慢車道分隔線","無",21,"未使用",120.564366,24.244551,"臺中市","沙鹿區"
"穿越道路中","2022",2,20,6,"雨","晨或暮光",50,"三岔路","交叉路口內","柏油","濕潤","良好","無號誌","無","未繪設快慢車道分隔線","無",83,"非駕駛人",120.564366,24.244551,"臺中市","沙鹿區"
"對撞","2022",2,20,9,"雨","日間自然光線",50,"直路","一般車道(未劃分快慢車道)","柏油","濕潤","良好","無號誌","雙向禁止超車線","未繪設快慢車道分隔線","有",27,"不明",121.705887,25.175119,"基隆市","安樂區"
"對撞","2022",2,20,9,"雨","日間自然光線",50,"直路","一般車道(未劃分快慢車道)","柏油","濕潤","良好","無號誌","雙向禁止超車線","未繪設快慢車道分隔線","有",52,"不明",121.705887,25.175119,"基隆市","安樂區"
"撞路樹、電桿","2022",2,20,13,"雨","日間自然光線",50,"直路","一般車道(未劃分快慢車道)","柏油","濕潤","良好","無號誌","雙向禁止超車線","未繪設快慢車道分隔線","無",69,"未使用",120.948591,24.805538,"新竹市","北區"
"路口交岔撞","2022",2,21,7,"晴","日間自然光線",30,"四岔路","交叉路口內","柏油","乾燥","良好","無號誌","無","未繪設快慢車道分隔線","有",41,"未使用",120.499168,22.559034,"屏東縣","萬丹鄉"
"路口交岔撞","2022",2,21,7,"晴","日間自然光線",30,"四岔路","交叉路口內","柏油","乾燥","良好","無號誌","無","未繪設快慢車道分隔線","有",78,"未使用",120.499168,22.559034,"屏東縣","萬丹鄉"
"側撞","2022",2,21,16,"雨","日間自然光線",50,"多岔路","交叉路口內","柏油","濕潤","良好","正常","無","未繪設快慢車道分隔線","無",54,"不明",121.295119,24.968905,"桃園市","八德區"
"側撞","2022",2,21,16,"雨","日間自然光線",50,"多岔路","交叉路口內","柏油","濕潤","良好","正常","無","未繪設快慢車道分隔線","無",16,"不明",121.295119,24.968905,"桃園市","八德區"
"其他","2022",2,21,19,"雨","夜間(或隧道、地下道、涵洞)有照明",50,"直路","一般車道(未劃分快慢車道)","柏油","濕潤","良好","正常","中央分向島","未繪設快慢車道分隔線","無",51,"不明",121.45599,25.099691,"新北市","五股區"
"路上翻車、摔倒","2022",2,21,20,"晴","夜間(或隧道、地下道、涵洞)有照明",50,"直路","一般車道(未劃分快慢車道)","柏油","乾燥","良好","無號誌","中央分向島","未繪設快慢車道分隔線","有",19,"不明",120.525514,22.559089,"屏東縣","潮州鎮"
"衝出路外","2022",2,22,1,"雨","夜間(或隧道、地下道、涵洞)有照明",50,"直路","一般車道(未劃分快慢車道)","柏油","濕潤","良好","無號誌","雙向禁止超車線","未繪設快慢車道分隔線","有",37,"不明",121.41012,25.070845,"新北市","泰山區"
"撞交通島","2022",2,22,7,"雨","日間自然光線",70,"彎曲路及附近","快車道","柏油","濕潤","良好","無號誌","中央分向島","快慢車道分隔線","有",20,"未使用",120.551413,23.922201,"彰化縣","永靖鄉"
"側撞","2022",2,22,9,"陰","日間自然光線",50,"四岔路","交叉路口內","柏油","乾燥","良好","正常","雙向禁止超車線","快慢車道分隔線","有",70,"未使用",120.516372,22.703663,"屏東縣","屏東市"
"側撞","2022",2,22,9,"陰","日間自然光線",50,"四岔路","交叉路口內","柏油","乾燥","良好","正常","雙向禁止超車線","快慢車道分隔線","有",20,"未使用",120.516372,22.703663,"屏東縣","屏東市"
"側撞","2022",2,22,9,"陰","日間自然光線",50,"四岔路","交叉路口內","柏油","乾燥","良好","正常","雙向禁止超車線","快慢車道分隔線","有",21,"非駕駛人",120.516372,22.703663,"屏東縣","屏東市"
"同向擦撞","2022",2,22,11,"雨","日間自然光線",110,"直路","快車道","柏油","濕潤","良好","無號誌","中央分向島","未繪設快慢車道分隔線","有",44,"未使用",120.590438,24.268843,"臺中市","清水區"
"同向擦撞","2022",2,22,11,"雨","日間自然光線",110,"直路","快車道","柏油","濕潤","良好","無號誌","中央分向島","未繪設快慢車道分隔線","有",53,"未使用",120.590438,24.268843,"臺中市","清水區"
"同向擦撞","2022",2,22,11,"雨","日間自然光線",110,"直路","快車道","柏油","濕潤","良好","無號誌","中央分向島","未繪設快慢車道分隔線","有",44,"未使用",120.590438,24.268843,"臺中市","清水區"
"同向擦撞","2022",2,22,11,"雨","日間自然光線",110,"直路","快車道","柏油","濕潤","良好","無號誌","中央分向島","未繪設快慢車道分隔線","有",32,"未使用",120.590438,24.268843,"臺中市","清水區"
"同向擦撞","2022",2,22,11,"雨","日間自然光線",110,"直路","快車道","柏油","濕潤","良好","無號誌","中央分向島","未繪設快慢車道分隔線","有",42,"未使用",120.590438,24.268843,"臺中市","清水區"
"撞護欄(樁)","2022",2,22,12,"晴","日間自然光線",50,"彎曲路及附近","慢車道","柏油","乾燥","良好","無號誌","雙向禁止超車線","快慢車道分隔線","無",36,"未使用",120.3412,22.66365,"高雄市","鳥松區"
"撞護欄(樁)","2022",2,22,12,"晴","日間自然光線",50,"彎曲路及附近","慢車道","柏油","乾燥","良好","無號誌","雙向禁止超車線","快慢車道分隔線","無",111,"",120.3412,22.66365,"高雄市","鳥松區"
"撞交通島","2022",2,22,21,"雨","夜間(或隧道、地下道、涵洞)有照明",50,"直路","一般車道(未劃分快慢車道)","柏油","濕潤","良好","無號誌","中央分向島","未繪設快慢車道分隔線","有",19,"不明",121.284859,24.995321,"桃園市","桃園區"
"側撞","2022",2,23,7,"陰","日間自然光線",50,"直路","路肩、路緣","水泥","乾燥","良好","無號誌","雙向禁止超車線","未繪設快慢車道分隔線","有",25,"未使用",120.2874,22.82982,"高雄市","路竹區"
"側撞","2022",2,23,7,"陰","日間自然光線",50,"直路","路肩、路緣","水泥","乾燥","良好","無號誌","雙向禁止超車線","未繪設快慢車道分隔線","有",24,"未使用",120.2874,22.82982,"高雄市","路竹區"
"撞護欄(樁)","2022",2,23,12,"雨","日間自然光線",110,"直路","快車道","柏油","濕潤","良好","無號誌","中央分向島","未繪設快慢車道分隔線","有",27,"未使用",120.506371,23.572735,"嘉義縣","大林鎮"
"撞護欄(樁)","2022",2,23,12,"雨","日間自然光線",110,"直路","快車道","柏油","濕潤","良好","無號誌","中央分向島","未繪設快慢車道分隔線","有",19,"未使用",120.506371,23.572735,"嘉義縣","大林鎮"
"追撞","2022",2,23,19,"雨","夜間(或隧道、地下道、涵洞)有照明",70,"直路","機車專用道","柏油","濕潤","良好","無號誌","中央分向島","快慢車道分隔線","有",29,"未使用",121.445352,23.737886,"花蓮縣","鳳林鎮"
"追撞","2022",2,23,19,"雨","夜間(或隧道、地下道、涵洞)有照明",70,"直路","機車專用道","柏油","濕潤","良好","無號誌","中央分向島","快慢車道分隔線","有",57,"未使用",121.445352,23.737886,"花蓮縣","鳳林鎮"
"衝出路外","2022",2,24,1,"陰","夜間(或隧道、地下道、涵洞)有照明",50,"彎曲路及附近","路肩、路緣","柏油","濕潤","良好","無號誌","雙向禁止超車線","未繪設快慢車道分隔線","有",21,"未使用",120.984991,24.696767,"新竹縣","峨眉鄉"
"撞交通島","2022",2,24,1,"雨","夜間(或隧道、地下道、涵洞)有照明",50,"直路","一般車道(未劃分快慢車道)","柏油","濕潤","良好","無號誌","中央分向島","未繪設快慢車道分隔線","無",36,"未使用",121.216449,24.942222,"桃園市","平鎮區"
"其他","2022",2,24,4,"陰","夜間(或隧道、地下道、涵洞)有照明",60,"直路","快車道","柏油","乾燥","良好","無號誌","中央分向島","寛式快慢車道分隔島(50公分以上)","有",23,"不明",120.657713,24.086201,"臺中市","霧峰區"
"其他","2022",2,24,4,"陰","夜間(或隧道、地下道、涵洞)有照明",60,"直路","快車道","柏油","乾燥","良好","無號誌","中央分向島","寛式快慢車道分隔島(50公分以上)","有",22,"未使用",120.657713,24.086201,"臺中市","霧峰區"
"其他","2022",2,24,4,"陰","夜間(或隧道、地下道、涵洞)有照明",60,"直路","快車道","柏油","乾燥","良好","無號誌","中央分向島","寛式快慢車道分隔島(50公分以上)","有",23,"不明",120.657713,24.086201,"臺中市","霧峰區"
"同向擦撞","2022",2,24,17,"陰","晨或暮光",60,"橋樑","一般車道(未劃分快慢車道)","柏油","乾燥","良好","無號誌","雙向禁止超車線","未繪設快慢車道分隔線","有",49,"未使用",121.732945,24.691308,"宜蘭縣","三星鄉"
"同向擦撞","2022",2,24,17,"陰","晨或暮光",60,"橋樑","一般車道(未劃分快慢車道)","柏油","乾燥","良好","無號誌","雙向禁止超車線","未繪設快慢車道分隔線","有",76,"未使用",121.732945,24.691308,"宜蘭縣","三星鄉"