"事故類型及型態子類別名稱","發生年度","發生月份","發生日期","發生時間","天候名稱","光線名稱","速限.第1當事者","道路型態子類別名稱","事故位置子類別名稱","路面狀況.路面鋪裝名稱","路面狀況.路面狀態名稱","道路障礙.視距品質名稱","號誌.號誌動作名稱","車道劃分設施.分向設施大類別名稱","車道劃分設施.分道設施.快慢車道間名稱","車道劃分設施.分道設施.路面邊線名稱","當事者事故發生時年齡","行動電話或電腦或其他相類功能裝置名稱","經度","緯度","縣市","鄉鎮"
"追撞","2022",2,25,0,"晴","夜間(或隧道、地下道、涵洞)有照明",50,"三岔路","交叉路口內","柏油","乾燥","良好","正常","無","未繪設快慢車道分隔線","無",19,"未使用",121.212542,24.890519,"桃園市","龍潭區"
"追撞","2022",2,25,0,"晴","夜間(或隧道、地下道、涵洞)有照明",50,"三岔路","交叉路口內","柏油","乾燥","良好","正常","無","未繪設快慢車道分隔線","無",29,"未使用",121.212542,24.890519,"桃園市","龍潭區"
"追撞","2022",2,25,0,"晴","夜間(或隧道、地下道、涵洞)有照明",50,"三岔路","交叉路口內","柏油","乾燥","良好","正常","無","未繪設快慢車道分隔線","無",39,"不明",121.212542,24.890519,"桃園市","龍潭區"
"追撞","2022",2,25,0,"晴","夜間(或隧道、地下道、涵洞)有照明",50,"三岔路","交叉路口內","柏油","乾燥","良好","正常","無","未繪設快慢車道分隔線","無",69,"不明",121.212542,24.890519,"桃園市","龍潭區"
"追撞","2022",2,25,0,"晴","夜間(或隧道、地下道、涵洞)有照明",50,"三岔路","交叉路口內","柏油","乾燥","良好","正常","無","未繪設快慢車道分隔線","無",24,"不明",121.212542,24.890519,"桃園市","龍潭區"
"追撞","2022",2,25,0,"晴","夜間(或隧道、地下道、涵洞)有照明",50,"三岔路","交叉路口內","柏油","乾燥","良好","正常","無","未繪設快慢車道分隔線","無",46,"不明",121.212542,24.890519,"桃園市","龍潭區"
"追撞","2022",2,25,0,"晴","夜間(或隧道、地下道、涵洞)有照明",50,"三岔路","交叉路口內","柏油","乾燥","良好","正常","無","未繪設快慢車道分隔線","無",22,"非駕駛人",121.212542,24.890519,"桃園市","龍潭區"
"追撞","2022",2,25,0,"晴","夜間(或隧道、地下道、涵洞)有照明",50,"三岔路","交叉路口內","柏油","乾燥","良好","正常","無","未繪設快慢車道分隔線","無",29,"非駕駛人",121.212542,24.890519,"桃園市","龍潭區"
"撞路樹、電桿","2022",2,25,7,"晴","日間自然光線",40,"直路","慢車道","柏油","乾燥","良好","無號誌","中央分向島","寛式快慢車道分隔島(50公分以上)","有",44,"不明",120.655053,24.088286,"臺中市","大里區"
"對向擦撞","2022",2,25,12,"陰","日間自然光線",50,"彎曲路及附近","一般車道(未劃分快慢車道)","柏油","乾燥","良好","無號誌","無","未繪設快慢車道分隔線","無",40,"未使用",121.710605,25.079284,"基隆市","七堵區"
"對向擦撞","2022",2,25,12,"陰","日間自然光線",50,"彎曲路及附近","一般車道(未劃分快慢車道)","柏油","乾燥","良好","無號誌","無","未繪設快慢車道分隔線","無",76,"未使用",121.710605,25.079284,"基隆市","七堵區"
"穿越道路中","2022",2,25,19,"晴","夜間(或隧道、地下道、涵洞)有照明",50,"直路","快車道","柏油","乾燥","良好","無號誌","中央分向島","未繪設快慢車道分隔線","有",73,"非駕駛人",120.384899,22.617608,"高雄市","大寮區"
"穿越道路中","2022",2,25,19,"晴","夜間(或隧道、地下道、涵洞)有照明",50,"直路","快車道","柏油","乾燥","良好","無號誌","中央分向島","未繪設快慢車道分隔線","有",60,"未使用",120.384899,22.617608,"高雄市","大寮區"
"其他","2022",2,26,2,"陰","夜間(或隧道、地下道、涵洞)有照明",60,"直路","一般車道(未劃分快慢車道)","柏油","乾燥","不良","無號誌","雙向禁止超車線","未繪設快慢車道分隔線","有",82,"未使用",120.867799,24.39925,"苗栗縣","大湖鄉"
"其他","2022",2,26,2,"陰","夜間(或隧道、地下道、涵洞)有照明",60,"直路","一般車道(未劃分快慢車道)","柏油","乾燥","不良","無號誌","雙向禁止超車線","未繪設快慢車道分隔線","有",25,"未使用",120.867799,24.39925,"苗栗縣","大湖鄉"
"路上翻車、摔倒","2022",2,26,2,"陰","夜間(或隧道、地下道、涵洞)有照明",50,"隧道","一般車道(未劃分快慢車道)","柏油","乾燥","良好","無號誌","雙向禁止超車線","未繪設快慢車道分隔線","有",43,"未使用",121.694185,24.220305,"花蓮縣","秀林鄉"
"其他","2022",2,26,9,"晴","日間自然光線",50,"直路","一般車道(未劃分快慢車道)","柏油","乾燥","良好","無號誌","中央分向島","未繪設快慢車道分隔線","有",65,"不明",121.483446,25.061512,"新北市","三重區"
"其他","2022",2,26,9,"晴","日間自然光線",50,"直路","一般車道(未劃分快慢車道)","柏油","乾燥","良好","無號誌","中央分向島","未繪設快慢車道分隔線","有",21,"未使用",121.483446,25.061512,"新北市","三重區"
"其他","2022",2,26,9,"晴","日間自然光線",50,"直路","一般車道(未劃分快慢車道)","柏油","乾燥","良好","無號誌","中央分向島","未繪設快慢車道分隔線","有",35,"未使用",121.483446,25.061512,"新北市","三重區"
"側撞","2022",2,26,10,"晴","日間自然光線",30,"四岔路","交叉路口內","柏油","乾燥","良好","正常","無","未繪設快慢車道分隔線","無",46,"未使用",120.318859,22.653515,"高雄市","三民區"
"側撞","2022",2,26,10,"晴","日間自然光線",30,"四岔路","交叉路口內","柏油","乾燥","良好","正常","無","未繪設快慢車道分隔線","無",20,"未使用",120.318859,22.653515,"高雄市","三民區"
"追撞","2022",2,26,11,"晴","日間自然光線",50,"多岔路","交叉路口內","柏油","乾燥","良好","無號誌","中央分向島","未繪設快慢車道分隔線","有",63,"未使用",121.438955,25.172019,"新北市","淡水區"
"追撞","2022",2,26,11,"晴","日間自然光線",50,"多岔路","交叉路口內","柏油","乾燥","良好","無號誌","中央分向島","未繪設快慢車道分隔線","有",58,"未使用",121.438955,25.172019,"新北市","淡水區"
"追撞","2022",2,26,11,"晴","日間自然光線",50,"多岔路","交叉路口內","柏油","乾燥","良好","無號誌","中央分向島","未繪設快慢車道分隔線","有",49,"非駕駛人",121.438955,25.172019,"新北市","淡水區"
"側撞","2022",2,26,11,"晴","日間自然光線",50,"四岔路","交叉路口內","柏油","乾燥","良好","正常","中央分向島","快慢車道分隔線","有",85,"未使用",120.467028,22.604472,"屏東縣","萬丹鄉"
"側撞","2022",2,26,11,"晴","日間自然光線",50,"四岔路","交叉路口內","柏油","乾燥","良好","正常","中央分向島","快慢車道分隔線","有",22,"未使用",120.467028,22.604472,"屏東縣","萬丹鄉"
"側撞","2022",2,26,11,"晴","日間自然光線",50,"四岔路","交叉路口內","柏油","乾燥","良好","正常","中央分向島","快慢車道分隔線","有",25,"未使用",120.467028,22.604472,"屏東縣","萬丹鄉"
"撞路樹、電桿","2022",2,26,11,"晴","日間自然光線",50,"直路","一般車道(未劃分快慢車道)","柏油","乾燥","良好","無號誌","行車分向線","未繪設快慢車道分隔線","無",56,"未使用",121.645648,25.105866,"新北市","汐止區"
"路口交岔撞","2022",2,26,17,"晴","日間自然光線",30,"四岔路","交叉路口內","柏油","乾燥","良好","無號誌","無","未繪設快慢車道分隔線","無",32,"未使用",120.278948,22.742179,"高雄市","橋頭區"
"路口交岔撞","2022",2,26,17,"晴","日間自然光線",30,"四岔路","交叉路口內","柏油","乾燥","良好","無號誌","無","未繪設快慢車道分隔線","無",58,"未使用",120.278948,22.742179,"高雄市","橋頭區"
"側撞","2022",2,27,3,"晴","夜間(或隧道、地下道、涵洞)有照明",50,"四岔路","交叉路口內","柏油","乾燥","良好","正常","無","未繪設快慢車道分隔線","無",20,"未使用",120.646661,24.153408,"臺中市","南屯區"
"側撞","2022",2,27,3,"晴","夜間(或隧道、地下道、涵洞)有照明",50,"四岔路","交叉路口內","柏油","乾燥","良好","正常","無","未繪設快慢車道分隔線","無",66,"未使用",120.646661,24.153408,"臺中市","南屯區"
"路口交岔撞","2022",2,27,7,"陰","日間自然光線",50,"四岔路","交叉路口內","柏油","乾燥","良好","無號誌","無","未繪設快慢車道分隔線","無",87,"未使用",120.268415,23.029742,"臺南市","永康區"
"路口交岔撞","2022",2,27,7,"陰","日間自然光線",50,"四岔路","交叉路口內","柏油","乾燥","良好","無號誌","無","未繪設快慢車道分隔線","無",27,"未使用",120.268415,23.029742,"臺南市","永康區"
"其他","2022",2,27,9,"晴","日間自然光線",50,"三岔路","交叉口附近","柏油","乾燥","良好","無號誌","雙向禁止超車線","未繪設快慢車道分隔線","有",87,"不明",120.821977,24.189148,"臺中市","新社區"
"其他","2022",2,27,9,"晴","日間自然光線",50,"三岔路","交叉口附近","柏油","乾燥","良好","無號誌","雙向禁止超車線","未繪設快慢車道分隔線","有",69,"不明",120.821977,24.189148,"臺中市","新社區"
"對撞","2022",2,27,16,"晴","日間自然光線",40,"直路","一般車道(未劃分快慢車道)","柏油","乾燥","良好","無號誌","行車分向線","未繪設快慢車道分隔線","有",19,"未使用",121.644052,24.668457,"宜蘭縣","三星鄉"
"對撞","2022",2,27,16,"晴","日間自然光線",40,"直路","一般車道(未劃分快慢車道)","柏油","乾燥","良好","無號誌","行車分向線","未繪設快慢車道分隔線","有",26,"未使用",121.644052,24.668457,"宜蘭縣","三星鄉"
"對撞","2022",2,27,16,"晴","日間自然光線",40,"直路","一般車道(未劃分快慢車道)","柏油","乾燥","良好","無號誌","行車分向線","未繪設快慢車道分隔線","有",19,"非駕駛人",121.644052,24.668457,"宜蘭縣","三星鄉"
"對撞","2022",2,27,16,"晴","日間自然光線",40,"直路","一般車道(未劃分快慢車道)","柏油","乾燥","良好","無號誌","行車分向線","未繪設快慢車道分隔線","有",24,"非駕駛人",121.644052,24.668457,"宜蘭縣","三星鄉"
"對撞","2022",2,27,16,"晴","日間自然光線",40,"直路","一般車道(未劃分快慢車道)","柏油","乾燥","良好","無號誌","行車分向線","未繪設快慢車道分隔線","有",28,"非駕駛人",121.644052,24.668457,"宜蘭縣","三星鄉"
"追撞","2022",2,28,7,"晴","日間自然光線",50,"直路","一般車道(未劃分快慢車道)","柏油","乾燥","良好","無號誌","行車分向線","未繪設快慢車道分隔線","有",23,"未使用",120.294802,23.043771,"臺南市","新化區"
"追撞","2022",2,28,7,"晴","日間自然光線",50,"直路","一般車道(未劃分快慢車道)","柏油","乾燥","良好","無號誌","行車分向線","未繪設快慢車道分隔線","有",33,"未使用",120.294802,23.043771,"臺南市","新化區"
"追撞","2022",2,28,7,"晴","日間自然光線",50,"直路","一般車道(未劃分快慢車道)","柏油","乾燥","良好","無號誌","行車分向線","未繪設快慢車道分隔線","有",32,"非駕駛人",120.294802,23.043771,"臺南市","新化區"
"路上翻車、摔倒","2022",2,28,13,"晴","日間自然光線",50,"彎曲路及附近","快車道","柏油","乾燥","不良","無號誌","中央分向島","快慢車道分隔線","有",18,"未使用",120.420689,22.931994,"臺南市","龍崎區"
"路上翻車、摔倒","2022",2,28,15,"晴","晨或暮光",50,"彎曲路及附近","一般車道(未劃分快慢車道)","柏油","乾燥","不良","無號誌","雙向禁止超車線","未繪設快慢車道分隔線","有",22,"未使用",121.780962,25.135206,"基隆市","信義區"
"其他","2022",3,1,4,"晴","夜間(或隧道、地下道、涵洞)有照明",70,"直路","一般車道(未劃分快慢車道)","柏油","乾燥","良好","無號誌","中央分向島","快慢車道分隔線","有",23,"未使用",120.5445,24.0775,"彰化縣","大村鄉"
"其他","2022",3,1,4,"晴","夜間(或隧道、地下道、涵洞)有照明",70,"直路","一般車道(未劃分快慢車道)","柏油","乾燥","良好","無號誌","中央分向島","快慢車道分隔線","有",42,"未使用",120.5445,24.0775,"彰化縣","大村鄉"
"側撞","2022",3,1,7,"晴","日間自然光線",60,"直路","一般車道(未劃分快慢車道)","柏油","乾燥","良好","無號誌","雙向禁止超車線","未繪設快慢車道分隔線","有",63,"未使用",120.732548,24.342979,"臺中市","后里區"
"側撞","2022",3,1,7,"晴","日間自然光線",60,"直路","一般車道(未劃分快慢車道)","柏油","乾燥","良好","無號誌","雙向禁止超車線","未繪設快慢車道分隔線","有",24,"未使用",120.732548,24.342979,"臺中市","后里區"
"其他","2022",3,1,10,"晴","日間自然光線",50,"三岔路","交叉路口內","柏油","乾燥","良好","正常","雙向禁止超車線","未繪設快慢車道分隔線","無",34,"不明",121.457156,25.091173,"新北市","蘆洲區"
"其他","2022",3,1,10,"晴","日間自然光線",50,"三岔路","交叉路口內","柏油","乾燥","良好","正常","雙向禁止超車線","未繪設快慢車道分隔線","無",21,"不明",121.457156,25.091173,"新北市","蘆洲區"
"其他","2022",3,1,10,"晴","日間自然光線",50,"三岔路","交叉路口內","柏油","乾燥","良好","正常","雙向禁止超車線","未繪設快慢車道分隔線","無",42,"不明",121.457156,25.091173,"新北市","蘆洲區"
"同向擦撞","2022",3,1,19,"晴","夜間(或隧道、地下道、涵洞)有照明",50,"直路","快車道","柏油","乾燥","良好","無號誌","中央分向島","快慢車道分隔線","有",18,"未使用",120.3958,22.63503,"高雄市","大寮區"
"同向擦撞","2022",3,1,19,"晴","夜間(或隧道、地下道、涵洞)有照明",50,"直路","快車道","柏油","乾燥","良好","無號誌","中央分向島","快慢車道分隔線","有",84,"非駕駛人",120.3958,22.63503,"高雄市","大寮區"
"同向擦撞","2022",3,1,19,"晴","夜間(或隧道、地下道、涵洞)有照明",50,"直路","快車道","柏油","乾燥","良好","無號誌","中央分向島","快慢車道分隔線","有",18,"非駕駛人",120.3958,22.63503,"高雄市","大寮區"
"撞路樹、電桿","2022",3,2,1,"晴","夜間(或隧道、地下道、涵洞)有照明",30,"直路","一般車道(未劃分快慢車道)","柏油","乾燥","良好","無號誌","無","未繪設快慢車道分隔線","無",20,"未使用",120.466337,23.738702,"雲林縣","虎尾鎮"
"同向擦撞","2022",3,2,7,"晴","日間自然光線",50,"直路","一般車道(未劃分快慢車道)","柏油","乾燥","良好","無號誌","雙向禁止超車線","未繪設快慢車道分隔線","有",86,"未使用",120.390819,22.51005,"高雄市","林園區"
"同向擦撞","2022",3,2,7,"晴","日間自然光線",50,"直路","一般車道(未劃分快慢車道)","柏油","乾燥","良好","無號誌","雙向禁止超車線","未繪設快慢車道分隔線","有",43,"未使用",120.390819,22.51005,"高雄市","林園區"
"追撞","2022",3,2,9,"陰","日間自然光線",50,"四岔路","交叉路口內","柏油","乾燥","良好","正常","無","未繪設快慢車道分隔線","無",72,"未使用",121.310532,24.999997,"桃園市","桃園區"
"追撞","2022",3,2,9,"陰","日間自然光線",50,"四岔路","交叉路口內","柏油","乾燥","良好","正常","無","未繪設快慢車道分隔線","無",28,"未使用",121.310532,24.999997,"桃園市","桃園區"
"側撞","2022",3,2,11,"晴","日間自然光線",50,"三岔路","交叉路口內","柏油","乾燥","良好","正常","無","未繪設快慢車道分隔線","無",59,"未使用",120.29997,22.724503,"高雄市","楠梓區"
"側撞","2022",3,2,11,"晴","日間自然光線",50,"三岔路","交叉路口內","柏油","乾燥","良好","正常","無","未繪設快慢車道分隔線","無",71,"未使用",120.29997,22.724503,"高雄市","楠梓區"
"同向擦撞","2022",3,2,13,"晴","日間自然光線",50,"直路","一般車道(未劃分快慢車道)","柏油","乾燥","良好","無號誌","中央分向島","未繪設快慢車道分隔線","有",81,"未使用",121.36601,25.058068,"桃園市","龜山區"
"同向擦撞","2022",3,2,13,"晴","日間自然光線",50,"直路","一般車道(未劃分快慢車道)","柏油","乾燥","良好","無號誌","中央分向島","未繪設快慢車道分隔線","有",48,"未使用",121.36601,25.058068,"桃園市","龜山區"
"側撞","2022",3,2,15,"晴","日間自然光線",50,"四岔路","交叉路口內","柏油","乾燥","良好","正常","無","未繪設快慢車道分隔線","無",75,"未使用",120.292241,22.967029,"臺南市","歸仁區"
"側撞","2022",3,2,15,"晴","日間自然光線",50,"四岔路","交叉路口內","柏油","乾燥","良好","正常","無","未繪設快慢車道分隔線","無",72,"未使用",120.292241,22.967029,"臺南市","歸仁區"
"側撞","2022",3,2,15,"晴","日間自然光線",50,"四岔路","交叉路口內","柏油","乾燥","良好","正常","無","未繪設快慢車道分隔線","無",43,"不明",120.292241,22.967029,"臺南市","歸仁區"
"側撞","2022",3,2,15,"晴","日間自然光線",50,"四岔路","交叉路口內","柏油","乾燥","良好","正常","無","未繪設快慢車道分隔線","無",60,"不明",120.292241,22.967029,"臺南市","歸仁區"
"其他","2022",3,2,17,"晴","夜間(或隧道、地下道、涵洞)有照明",50,"四岔路","交叉口附近","柏油","乾燥","良好","正常","中央分向島","未繪設快慢車道分隔線","無",56,"未使用",121.549381,25.084112,"臺北市","中山區"
"其他","2022",3,2,17,"晴","夜間(或隧道、地下道、涵洞)有照明",50,"四岔路","交叉口附近","柏油","乾燥","良好","正常","中央分向島","未繪設快慢車道分隔線","無",21,"未使用",121.549381,25.084112,"臺北市","中山區"
"其他","2022",3,2,17,"晴","夜間(或隧道、地下道、涵洞)有照明",50,"四岔路","交叉口附近","柏油","乾燥","良好","正常","中央分向島","未繪設快慢車道分隔線","無",21,"未使用",121.549381,25.084112,"臺北市","中山區"
"其他","2022",3,2,17,"晴","夜間(或隧道、地下道、涵洞)有照明",50,"四岔路","交叉口附近","柏油","乾燥","良好","正常","中央分向島","未繪設快慢車道分隔線","無",43,"未使用",121.549381,25.084112,"臺北市","中山區"
"其他","2022",3,2,17,"晴","夜間(或隧道、地下道、涵洞)有照明",50,"四岔路","交叉口附近","柏油","乾燥","良好","正常","中央分向島","未繪設快慢車道分隔線","無",51,"未使用",121.549381,25.084112,"臺北市","中山區"
"其他","2022",3,2,17,"晴","夜間(或隧道、地下道、涵洞)有照明",50,"四岔路","交叉口附近","柏油","乾燥","良好","正常","中央分向島","未繪設快慢車道分隔線","無",67,"未使用",121.549381,25.084112,"臺北市","中山區"
"其他","2022",3,2,17,"晴","夜間(或隧道、地下道、涵洞)有照明",50,"四岔路","交叉口附近","柏油","乾燥","良好","正常","中央分向島","未繪設快慢車道分隔線","無",64,"未使用",121.549381,25.084112,"臺北市","中山區"
"其他","2022",3,2,17,"晴","夜間(或隧道、地下道、涵洞)有照明",50,"四岔路","交叉口附近","柏油","乾燥","良好","正常","中央分向島","未繪設快慢車道分隔線","無",35,"未使用",121.549381,25.084112,"臺北市","中山區"
"其他","2022",3,2,17,"晴","夜間(或隧道、地下道、涵洞)有照明",50,"四岔路","交叉口附近","柏油","乾燥","良好","正常","中央分向島","未繪設快慢車道分隔線","無",35,"未使用",121.549381,25.084112,"臺北市","中山區"
"其他","2022",3,2,17,"晴","夜間(或隧道、地下道、涵洞)有照明",50,"四岔路","交叉口附近","柏油","乾燥","良好","正常","中央分向島","未繪設快慢車道分隔線","無",40,"未使用",121.549381,25.084112,"臺北市","中山區"
"側撞","2022",3,2,17,"晴","日間自然光線",50,"四岔路","交叉路口內","柏油","乾燥","良好","正常","無","未繪設快慢車道分隔線","無",42,"未使用",120.219417,22.978407,"臺南市","東區"
"側撞","2022",3,2,17,"晴","日間自然光線",50,"四岔路","交叉路口內","柏油","乾燥","良好","正常","無","未繪設快慢車道分隔線","無",17,"未使用",120.219417,22.978407,"臺南市","東區"
"其他","2022",3,2,23,"晴","夜間(或隧道、地下道、涵洞)有照明",50,"直路","路肩、路緣","柏油","乾燥","良好","無號誌","雙向禁止超車線","未繪設快慢車道分隔線","有",36,"不明",120.825156,24.588724,"苗栗縣","苗栗市"
"其他","2022",3,2,23,"晴","夜間(或隧道、地下道、涵洞)有照明",50,"直路","路肩、路緣","柏油","乾燥","良好","無號誌","雙向禁止超車線","未繪設快慢車道分隔線","有",35,"不明",120.825156,24.588724,"苗栗縣","苗栗市"
"其他","2022",3,2,23,"晴","夜間(或隧道、地下道、涵洞)有照明",50,"直路","路肩、路緣","柏油","乾燥","良好","無號誌","雙向禁止超車線","未繪設快慢車道分隔線","有",7,"非駕駛人",120.825156,24.588724,"苗栗縣","苗栗市"
"側撞","2022",3,3,10,"晴","日間自然光線",40,"三岔路","交叉路口內","柏油","乾燥","良好","正常","無","未繪設快慢車道分隔線","無",24,"未使用",120.340692,22.70836,"高雄市","仁武區"
"側撞","2022",3,3,10,"晴","日間自然光線",40,"三岔路","交叉路口內","柏油","乾燥","良好","正常","無","未繪設快慢車道分隔線","無",82,"不明",120.340692,22.70836,"高雄市","仁武區"
"路口交岔撞","2022",3,3,11,"晴","日間自然光線",50,"四岔路","交叉路口內","柏油","乾燥","良好","無號誌","無","未繪設快慢車道分隔線","無",79,"未使用",120.398156,23.600801,"嘉義縣","溪口鄉"
"路口交岔撞","2022",3,3,11,"晴","日間自然光線",50,"四岔路","交叉路口內","柏油","乾燥","良好","無號誌","無","未繪設快慢車道分隔線","無",59,"未使用",120.398156,23.600801,"嘉義縣","溪口鄉"
"其他","2022",3,3,17,"晴","日間自然光線",30,"直路","一般車道(未劃分快慢車道)","柏油","乾燥","良好","無號誌","無","未繪設快慢車道分隔線","無",24,"未使用",120.315818,22.773501,"高雄市","燕巢區"
"其他","2022",3,3,17,"晴","日間自然光線",30,"直路","一般車道(未劃分快慢車道)","柏油","乾燥","良好","無號誌","無","未繪設快慢車道分隔線","無",69,"未使用",120.315818,22.773501,"高雄市","燕巢區"
"路口交岔撞","2022",3,4,7,"晴","晨或暮光",50,"四岔路","交叉路口內","柏油","乾燥","良好","正常","無","未繪設快慢車道分隔線","無",76,"未使用",120.566866,24.268273,"臺中市","清水區"
"路口交岔撞","2022",3,4,7,"晴","晨或暮光",50,"四岔路","交叉路口內","柏油","乾燥","良好","正常","無","未繪設快慢車道分隔線","無",29,"未使用",120.566866,24.268273,"臺中市","清水區"
"撞路樹、電桿","2022",3,4,9,"晴","日間自然光線",50,"直路","一般車道(未劃分快慢車道)","柏油","乾燥","良好","無號誌","行車分向線","未繪設快慢車道分隔線","無",65,"未使用",120.72386,24.338755,"臺中市","后里區"
"側撞","2022",3,4,15,"晴","日間自然光線",50,"多岔路","交叉路口內","柏油","乾燥","良好","正常","無","未繪設快慢車道分隔線","無",25,"未使用",120.384175,23.496235,"嘉義縣","太保市"
"側撞","2022",3,4,15,"晴","日間自然光線",50,"多岔路","交叉路口內","柏油","乾燥","良好","正常","無","未繪設快慢車道分隔線","無",54,"未使用",120.384175,23.496235,"嘉義縣","太保市"
"側撞","2022",3,4,21,"晴","夜間(或隧道、地下道、涵洞)有照明",50,"四岔路","交叉路口內","柏油","乾燥","良好","正常","無","未繪設快慢車道分隔線","無",44,"未使用",120.205118,23.012417,"臺南市","北區"
"側撞","2022",3,4,21,"晴","夜間(或隧道、地下道、涵洞)有照明",50,"四岔路","交叉路口內","柏油","乾燥","良好","正常","無","未繪設快慢車道分隔線","無",23,"未使用",120.205118,23.012417,"臺南市","北區"
"其他","2022",3,5,1,"晴","夜間(或隧道、地下道、涵洞)有照明",50,"直路","路肩、路緣","柏油","乾燥","良好","無號誌","中央分向島","快慢車道分隔線","有",17,"未使用",121.061303,24.879337,"新竹縣","湖口鄉"
"其他","2022",3,5,1,"晴","夜間(或隧道、地下道、涵洞)有照明",50,"直路","路肩、路緣","柏油","乾燥","良好","無號誌","中央分向島","快慢車道分隔線","有",25,"未使用",121.061303,24.879337,"新竹縣","湖口鄉"
"路口交岔撞","2022",3,5,3,"雨","夜間(或隧道、地下道、涵洞)有照明",30,"四岔路","交叉路口內","柏油","濕潤","良好","無號誌","無","未繪設快慢車道分隔線","有",24,"未使用",121.784239,24.649725,"宜蘭縣","冬山鄉"
"路口交岔撞","2022",3,5,3,"雨","夜間(或隧道、地下道、涵洞)有照明",30,"四岔路","交叉路口內","柏油","濕潤","良好","無號誌","無","未繪設快慢車道分隔線","有",16,"未使用",121.784239,24.649725,"宜蘭縣","冬山鄉"
"路口交岔撞","2022",3,5,9,"晴","日間自然光線",50,"四岔路","交叉路口內","柏油","乾燥","良好","正常","單向禁止超車線","快慢車道分隔線","無",29,"未使用",120.283596,23.106972,"臺南市","新市區"
"路口交岔撞","2022",3,5,9,"晴","日間自然光線",50,"四岔路","交叉路口內","柏油","乾燥","良好","正常","單向禁止超車線","快慢車道分隔線","無",35,"未使用",120.283596,23.106972,"臺南市","新市區"
"路口交岔撞","2022",3,5,9,"晴","日間自然光線",50,"四岔路","交叉路口內","柏油","乾燥","良好","正常","單向禁止超車線","快慢車道分隔線","無",2,"非駕駛人",120.283596,23.106972,"臺南市","新市區"
"路口交岔撞","2022",3,5,9,"晴","日間自然光線",50,"四岔路","交叉路口內","柏油","乾燥","良好","正常","單向禁止超車線","快慢車道分隔線","無",30,"非駕駛人",120.283596,23.106972,"臺南市","新市區"
"撞路樹、電桿","2022",3,5,9,"晴","日間自然光線",50,"直路","路肩、路緣","柏油","乾燥","良好","無號誌","雙向禁止超車線","快慢車道分隔線","有",44,"不明",120.188658,23.14722,"臺南市","佳里區"
"側撞","2022",3,5,10,"晴","日間自然光線",70,"三岔路","交叉路口內","柏油","乾燥","良好","無號誌","無","未繪設快慢車道分隔線","無",73,"未使用",120.548442,24.143438,"臺中市","大肚區"
"側撞","2022",3,5,10,"晴","日間自然光線",70,"三岔路","交叉路口內","柏油","乾燥","良好","無號誌","無","未繪設快慢車道分隔線","無",47,"未使用",120.548442,24.143438,"臺中市","大肚區"
"路口交岔撞","2022",3,5,15,"晴","日間自然光線",50,"多岔路","交叉路口內","柏油","乾燥","良好","無號誌","無","未繪設快慢車道分隔線","有",28,"未使用",120.561637,22.856672,"高雄市","美濃區"
"路口交岔撞","2022",3,5,15,"晴","日間自然光線",50,"多岔路","交叉路口內","柏油","乾燥","良好","無號誌","無","未繪設快慢車道分隔線","有",46,"未使用",120.561637,22.856672,"高雄市","美濃區"
"路口交岔撞","2022",3,5,15,"晴","日間自然光線",50,"多岔路","交叉路口內","柏油","乾燥","良好","無號誌","無","未繪設快慢車道分隔線","有",83,"不明",120.561637,22.856672,"高雄市","美濃區"
"側撞","2022",3,5,21,"晴","夜間(或隧道、地下道、涵洞)有照明",60,"三岔路","交叉路口內","柏油","乾燥","良好","無號誌","無","未繪設快慢車道分隔線","無",62,"不明",120.232165,23.781397,"雲林縣","麥寮鄉"
"側撞","2022",3,5,21,"晴","夜間(或隧道、地下道、涵洞)有照明",60,"三岔路","交叉路口內","柏油","乾燥","良好","無號誌","無","未繪設快慢車道分隔線","無",30,"不明",120.232165,23.781397,"雲林縣","麥寮鄉"
"追撞","2022",3,6,0,"晴","夜間(或隧道、地下道、涵洞)無照明",110,"直路","快車道","柏油","乾燥","良好","無號誌","中央分向島","未繪設快慢車道分隔線","有",30,"未使用",120.796847,24.607359,"苗栗縣","後龍鎮"
"追撞","2022",3,6,0,"晴","夜間(或隧道、地下道、涵洞)無照明",110,"直路","快車道","柏油","乾燥","良好","無號誌","中央分向島","未繪設快慢車道分隔線","有",31,"未使用",120.796847,24.607359,"苗栗縣","後龍鎮"
"追撞","2022",3,6,0,"晴","夜間(或隧道、地下道、涵洞)無照明",110,"直路","快車道","柏油","乾燥","良好","無號誌","中央分向島","未繪設快慢車道分隔線","有",58,"未使用",120.796847,24.607359,"苗栗縣","後龍鎮"
"追撞","2022",3,6,0,"晴","夜間(或隧道、地下道、涵洞)無照明",110,"直路","快車道","柏油","乾燥","良好","無號誌","中央分向島","未繪設快慢車道分隔線","有",46,"未使用",120.796847,24.607359,"苗栗縣","後龍鎮"
"追撞","2022",3,6,0,"晴","夜間(或隧道、地下道、涵洞)無照明",110,"直路","快車道","柏油","乾燥","良好","無號誌","中央分向島","未繪設快慢車道分隔線","有",37,"未使用",120.796847,24.607359,"苗栗縣","後龍鎮"
"追撞","2022",3,6,0,"晴","夜間(或隧道、地下道、涵洞)無照明",110,"直路","快車道","柏油","乾燥","良好","無號誌","中央分向島","未繪設快慢車道分隔線","有",55,"未使用",120.796847,24.607359,"苗栗縣","後龍鎮"