"事故類型及型態子類別名稱","發生年度","發生月份","發生日期","發生時間","天候名稱","光線名稱","速限.第1當事者","道路型態子類別名稱","事故位置子類別名稱","路面狀況.路面鋪裝名稱","路面狀況.路面狀態名稱","道路障礙.視距品質名稱","號誌.號誌動作名稱","車道劃分設施.分向設施大類別名稱","車道劃分設施.分道設施.快慢車道間名稱","車道劃分設施.分道設施.路面邊線名稱","當事者事故發生時年齡","行動電話或電腦或其他相類功能裝置名稱","經度","緯度","縣市","鄉鎮"
"追撞","2022",3,6,0,"晴","夜間(或隧道、地下道、涵洞)無照明",110,"直路","快車道","柏油","乾燥","良好","無號誌","中央分向島","未繪設快慢車道分隔線","有",54,"未使用",120.796847,24.607359,"苗栗縣","後龍鎮"
"追撞","2022",3,6,0,"晴","夜間(或隧道、地下道、涵洞)無照明",110,"直路","快車道","柏油","乾燥","良好","無號誌","中央分向島","未繪設快慢車道分隔線","有",20,"非駕駛人",120.796847,24.607359,"苗栗縣","後龍鎮"
"追撞","2022",3,6,0,"晴","夜間(或隧道、地下道、涵洞)無照明",110,"直路","快車道","柏油","乾燥","良好","無號誌","中央分向島","未繪設快慢車道分隔線","有",45,"未使用",120.796847,24.607359,"苗栗縣","後龍鎮"
"穿越道路中","2022",3,6,2,"晴","夜間(或隧道、地下道、涵洞)有照明",50,"四岔路","行人穿越道","柏油","乾燥","良好","正常","中央分向島","未繪設快慢車道分隔線","有",20,"不明",121.207885,24.96157,"桃園市","中壢區"
"穿越道路中","2022",3,6,2,"晴","夜間(或隧道、地下道、涵洞)有照明",50,"四岔路","行人穿越道","柏油","乾燥","良好","正常","中央分向島","未繪設快慢車道分隔線","有",70,"不明",121.207885,24.96157,"桃園市","中壢區"
"追撞","2022",3,6,2,"晴","夜間(或隧道、地下道、涵洞)無照明",110,"直路","快車道","柏油","乾燥","良好","無號誌","中央分向島","未繪設快慢車道分隔線","有",23,"未使用",120.249199,23.02806,"臺南市","永康區"
"追撞","2022",3,6,2,"晴","夜間(或隧道、地下道、涵洞)無照明",110,"直路","快車道","柏油","乾燥","良好","無號誌","中央分向島","未繪設快慢車道分隔線","有",31,"未使用",120.249199,23.02806,"臺南市","永康區"
"追撞","2022",3,6,9,"晴","日間自然光線",90,"直路","一般車道(未劃分快慢車道)","柏油","乾燥","良好","無號誌","無","未繪設快慢車道分隔線","有",39,"不明",121.343132,25.101927,"新北市","林口區"
"追撞","2022",3,6,9,"晴","日間自然光線",90,"直路","一般車道(未劃分快慢車道)","柏油","乾燥","良好","無號誌","無","未繪設快慢車道分隔線","有",48,"不明",121.343132,25.101927,"新北市","林口區"
"撞護欄(樁)","2022",3,7,3,"陰","夜間(或隧道、地下道、涵洞)有照明",50,"四岔路","交叉口附近","柏油","乾燥","良好","正常","雙向禁止超車線","未繪設快慢車道分隔線","有",41,"不明",120.151158,23.574618,"雲林縣","口湖鄉"
"其他","2022",3,7,5,"雨","夜間(或隧道、地下道、涵洞)有照明",50,"三岔路","交叉路口內","柏油","濕潤","良好","正常","無","未繪設快慢車道分隔線","無",37,"非駕駛人",121.10803,24.98887,"桃園市","觀音區"
"其他","2022",3,7,5,"雨","夜間(或隧道、地下道、涵洞)有照明",50,"三岔路","交叉路口內","柏油","濕潤","良好","正常","無","未繪設快慢車道分隔線","無",62,"未使用",121.10803,24.98887,"桃園市","觀音區"
"撞交通島","2022",3,7,9,"雨","晨或暮光",40,"直路","慢車道","柏油","濕潤","良好","無號誌","中央分向島","寛式快慢車道分隔島(50公分以上)","無",18,"不明",120.591166,24.158921,"臺中市","南屯區"
"其他","2022",3,7,14,"陰","夜間(或隧道、地下道、涵洞)無照明",30,"直路","一般車道(未劃分快慢車道)","柏油","濕潤","良好","無號誌","無","未繪設快慢車道分隔線","有",61,"不明",120.46087,24.051578,"彰化縣","福興鄉"
"撞路樹、電桿","2022",3,7,15,"雨","日間自然光線",50,"直路","一般車道(未劃分快慢車道)","柏油","濕潤","良好","無號誌","雙向禁止超車線","未繪設快慢車道分隔線","有",69,"未使用",120.77705,24.439788,"苗栗縣","銅鑼鄉"
"對撞","2022",3,7,15,"晴","日間自然光線",50,"多岔路","交叉路口內","柏油","乾燥","良好","正常","中央分向島","快慢車道分隔線","無",53,"未使用",120.34232,22.624689,"高雄市","苓雅區"
"對撞","2022",3,7,15,"晴","日間自然光線",50,"多岔路","交叉路口內","柏油","乾燥","良好","正常","中央分向島","快慢車道分隔線","無",55,"未使用",120.34232,22.624689,"高雄市","苓雅區"
"路上翻車、摔倒","2022",3,7,17,"晴","晨或暮光",50,"彎曲路及附近","一般車道(未劃分快慢車道)","柏油","乾燥","良好","無號誌","雙向禁止超車線","未繪設快慢車道分隔線","無",19,"未使用",120.720809,24.107143,"臺中市","太平區"
"路上翻車、摔倒","2022",3,7,17,"晴","晨或暮光",50,"彎曲路及附近","一般車道(未劃分快慢車道)","柏油","乾燥","良好","無號誌","雙向禁止超車線","未繪設快慢車道分隔線","無",28,"未使用",120.720809,24.107143,"臺中市","太平區"
"路上翻車、摔倒","2022",3,7,17,"晴","晨或暮光",50,"彎曲路及附近","一般車道(未劃分快慢車道)","柏油","乾燥","良好","無號誌","雙向禁止超車線","未繪設快慢車道分隔線","無",63,"未使用",120.720809,24.107143,"臺中市","太平區"
"穿越道路中","2022",3,7,17,"雨","晨或暮光",50,"三岔路","交叉路口內","柏油","濕潤","良好","正常","中央分向島","未繪設快慢車道分隔線","無",68,"非駕駛人",121.456789,25.086955,"新北市","蘆洲區"
"穿越道路中","2022",3,7,17,"雨","晨或暮光",50,"三岔路","交叉路口內","柏油","濕潤","良好","正常","中央分向島","未繪設快慢車道分隔線","無",19,"未使用",121.456789,25.086955,"新北市","蘆洲區"
"其他","2022",3,7,21,"晴","夜間(或隧道、地下道、涵洞)有照明",110,"直路","快車道","柏油","乾燥","良好","無號誌","中央分向島","未繪設快慢車道分隔線","有",39,"未使用",121.263343,24.889259,"桃園市","大溪區"
"其他","2022",3,7,21,"晴","夜間(或隧道、地下道、涵洞)有照明",110,"直路","快車道","柏油","乾燥","良好","無號誌","中央分向島","未繪設快慢車道分隔線","有",25,"非駕駛人",121.263343,24.889259,"桃園市","大溪區"
"其他","2022",3,7,21,"晴","夜間(或隧道、地下道、涵洞)有照明",110,"直路","快車道","柏油","乾燥","良好","無號誌","中央分向島","未繪設快慢車道分隔線","有",45,"使用手持或有礙駕駛安全",121.263343,24.889259,"桃園市","大溪區"
"其他","2022",3,7,21,"晴","夜間(或隧道、地下道、涵洞)有照明",110,"直路","快車道","柏油","乾燥","良好","無號誌","中央分向島","未繪設快慢車道分隔線","有",36,"未使用",121.263343,24.889259,"桃園市","大溪區"
"撞護欄(樁)","2022",3,8,4,"晴","夜間(或隧道、地下道、涵洞)有照明",40,"直路","一般車道(未劃分快慢車道)","柏油","乾燥","良好","無號誌","行車分向線","未繪設快慢車道分隔線","無",35,"不明",121.628712,25.225609,"新北市","金山區"
"其他","2022",3,8,7,"晴","日間自然光線",50,"彎曲路及附近","一般車道(未劃分快慢車道)","柏油","乾燥","良好","無號誌","雙向禁止超車線","未繪設快慢車道分隔線","有",50,"未使用",121.050363,24.784525,"新竹縣","竹東鎮"
"其他","2022",3,8,7,"晴","日間自然光線",50,"彎曲路及附近","一般車道(未劃分快慢車道)","柏油","乾燥","良好","無號誌","雙向禁止超車線","未繪設快慢車道分隔線","有",57,"未使用",121.050363,24.784525,"新竹縣","竹東鎮"
"側撞","2022",3,8,7,"晴","日間自然光線",50,"直路","慢車道","柏油","乾燥","良好","無號誌","中央分向島","快慢車道分隔線","有",53,"不明",120.893511,24.741052,"新竹市","香山區"
"側撞","2022",3,8,7,"晴","日間自然光線",50,"直路","慢車道","柏油","乾燥","良好","無號誌","中央分向島","快慢車道分隔線","有",38,"不明",120.893511,24.741052,"新竹市","香山區"
"側撞","2022",3,8,7,"晴","日間自然光線",50,"直路","慢車道","柏油","乾燥","良好","無號誌","中央分向島","快慢車道分隔線","有",43,"不明",120.893511,24.741052,"新竹市","香山區"
"側撞","2022",3,8,9,"晴","日間自然光線",50,"三岔路","交叉路口內","柏油","乾燥","良好","無號誌","行車分向線","未繪設快慢車道分隔線","無",41,"未使用",121.51434,24.949751,"新北市","新店區"
"側撞","2022",3,8,9,"晴","日間自然光線",50,"三岔路","交叉路口內","柏油","乾燥","良好","無號誌","行車分向線","未繪設快慢車道分隔線","無",21,"未使用",121.51434,24.949751,"新北市","新店區"
"側撞","2022",3,8,9,"晴","日間自然光線",70,"四岔路","交叉路口內","柏油","乾燥","良好","正常","中央分向島","未繪設快慢車道分隔線","無",64,"未使用",121.485891,25.121646,"臺北市","北投區"
"側撞","2022",3,8,9,"晴","日間自然光線",70,"四岔路","交叉路口內","柏油","乾燥","良好","正常","中央分向島","未繪設快慢車道分隔線","無",58,"未使用",121.485891,25.121646,"臺北市","北投區"
"路口交岔撞","2022",3,8,16,"晴","日間自然光線",30,"四岔路","交叉路口內","柏油","乾燥","良好","正常","無","未繪設快慢車道分隔線","無",54,"未使用",120.257811,22.938422,"臺南市","仁德區"
"路口交岔撞","2022",3,8,16,"晴","日間自然光線",30,"四岔路","交叉路口內","柏油","乾燥","良好","正常","無","未繪設快慢車道分隔線","無",81,"未使用",120.257811,22.938422,"臺南市","仁德區"
"路口交岔撞","2022",3,8,17,"晴","晨或暮光",30,"四岔路","交叉路口內","柏油","乾燥","良好","無號誌","無","未繪設快慢車道分隔線","無",20,"未使用",120.455728,23.568099,"嘉義縣","民雄鄉"
"路口交岔撞","2022",3,8,17,"晴","晨或暮光",30,"四岔路","交叉路口內","柏油","乾燥","良好","無號誌","無","未繪設快慢車道分隔線","無",31,"未使用",120.455728,23.568099,"嘉義縣","民雄鄉"
"對撞","2022",3,8,18,"晴","夜間(或隧道、地下道、涵洞)有照明",40,"直路","一般車道(未劃分快慢車道)","柏油","乾燥","良好","無號誌","行車分向線","未繪設快慢車道分隔線","有",65,"不明",120.712287,24.106478,"臺中市","太平區"
"對撞","2022",3,8,18,"晴","夜間(或隧道、地下道、涵洞)有照明",40,"直路","一般車道(未劃分快慢車道)","柏油","乾燥","良好","無號誌","行車分向線","未繪設快慢車道分隔線","有",24,"未使用",120.712287,24.106478,"臺中市","太平區"
"對撞","2022",3,8,18,"晴","夜間(或隧道、地下道、涵洞)有照明",40,"直路","一般車道(未劃分快慢車道)","柏油","乾燥","良好","無號誌","行車分向線","未繪設快慢車道分隔線","有",23,"非駕駛人",120.712287,24.106478,"臺中市","太平區"
"對撞","2022",3,8,18,"晴","夜間(或隧道、地下道、涵洞)有照明",40,"直路","一般車道(未劃分快慢車道)","柏油","乾燥","良好","無號誌","行車分向線","未繪設快慢車道分隔線","有",34,"非駕駛人",120.712287,24.106478,"臺中市","太平區"
"側撞","2022",3,8,19,"晴","夜間(或隧道、地下道、涵洞)有照明",40,"四岔路","交叉路口內","柏油","乾燥","良好","正常","無","未繪設快慢車道分隔線","無",19,"不明",120.3587,22.58999,"高雄市","鳳山區"
"側撞","2022",3,8,19,"晴","夜間(或隧道、地下道、涵洞)有照明",40,"四岔路","交叉路口內","柏油","乾燥","良好","正常","無","未繪設快慢車道分隔線","無",28,"未使用",120.3587,22.58999,"高雄市","鳳山區"
"側撞","2022",3,8,19,"晴","夜間(或隧道、地下道、涵洞)有照明",40,"四岔路","交叉路口內","柏油","乾燥","良好","正常","無","未繪設快慢車道分隔線","無",17,"非駕駛人",120.3587,22.58999,"高雄市","鳳山區"
"側撞","2022",3,8,19,"晴","夜間(或隧道、地下道、涵洞)有照明",40,"四岔路","交叉路口內","柏油","乾燥","良好","正常","無","未繪設快慢車道分隔線","無",28,"非駕駛人",120.3587,22.58999,"高雄市","鳳山區"
"穿越道路中","2022",3,9,6,"晴","日間自然光線",40,"直路","慢車道","柏油","乾燥","良好","無號誌","雙向禁止超車線","快慢車道分隔線","有",60,"非駕駛人",120.707773,24.159304,"臺中市","太平區"
"穿越道路中","2022",3,9,6,"晴","日間自然光線",40,"直路","慢車道","柏油","乾燥","良好","無號誌","雙向禁止超車線","快慢車道分隔線","有",51,"未使用",120.707773,24.159304,"臺中市","太平區"
"撞路樹、電桿","2022",3,9,6,"晴","日間自然光線",40,"直路","路肩、路緣","柏油","乾燥","良好","無號誌","中央分向島","快慢車道分隔線","有",26,"未使用",120.356263,22.680234,"高雄市","仁武區"
"撞路樹、電桿","2022",3,9,6,"晴","日間自然光線",40,"直路","路肩、路緣","柏油","乾燥","良好","無號誌","中央分向島","快慢車道分隔線","有",111,"",120.356263,22.680234,"高雄市","仁武區"
"側撞","2022",3,9,7,"晴","日間自然光線",60,"三岔路","交叉路口內","柏油","乾燥","良好","無號誌","無","未繪設快慢車道分隔線","無",56,"未使用",120.265501,23.472773,"嘉義縣","朴子市"
"側撞","2022",3,9,7,"晴","日間自然光線",60,"三岔路","交叉路口內","柏油","乾燥","良好","無號誌","無","未繪設快慢車道分隔線","無",24,"未使用",120.265501,23.472773,"嘉義縣","朴子市"
"其他","2022",3,9,12,"晴","日間自然光線",50,"三岔路","交叉口附近","柏油","乾燥","良好","正常","中央分向島","快慢車道分隔線","有",80,"未使用",120.298746,22.79477,"高雄市","岡山區"
"其他","2022",3,9,12,"晴","日間自然光線",50,"三岔路","交叉口附近","柏油","乾燥","良好","正常","中央分向島","快慢車道分隔線","有",50,"未使用",120.298746,22.79477,"高雄市","岡山區"
"其他","2022",3,9,13,"晴","日間自然光線",60,"直路","一般車道(未劃分快慢車道)","柏油","乾燥","良好","無號誌","雙向禁止超車線","未繪設快慢車道分隔線","有",83,"未使用",120.260983,23.518714,"嘉義縣","六腳鄉"
"其他","2022",3,9,13,"晴","日間自然光線",60,"直路","一般車道(未劃分快慢車道)","柏油","乾燥","良好","無號誌","雙向禁止超車線","未繪設快慢車道分隔線","有",47,"不明",120.260983,23.518714,"嘉義縣","六腳鄉"
"路口交岔撞","2022",3,9,15,"晴","日間自然光線",60,"三岔路","交叉路口內","柏油","乾燥","良好","無號誌","雙向禁止超車線","未繪設快慢車道分隔線","有",26,"未使用",121.9994,25.013538,"新北市","貢寮區"
"路口交岔撞","2022",3,9,15,"晴","日間自然光線",60,"三岔路","交叉路口內","柏油","乾燥","良好","無號誌","雙向禁止超車線","未繪設快慢車道分隔線","有",32,"未使用",121.9994,25.013538,"新北市","貢寮區"
"路口交岔撞","2022",3,9,15,"晴","日間自然光線",60,"三岔路","交叉路口內","柏油","乾燥","良好","無號誌","雙向禁止超車線","未繪設快慢車道分隔線","有",25,"未使用",121.9994,25.013538,"新北市","貢寮區"
"路上翻車、摔倒","2022",3,9,16,"晴","日間自然光線",30,"三岔路","交叉口附近","柏油","乾燥","良好","無號誌","無","未繪設快慢車道分隔線","有",86,"不明",120.508851,24.152131,"彰化縣","和美鎮"
"側撞","2022",3,9,17,"晴","日間自然光線",40,"四岔路","交叉口附近","柏油","乾燥","良好","正常","雙向禁止超車線","快慢車道分隔線","無",64,"不明",120.637238,24.162893,"臺中市","西屯區"
"側撞","2022",3,9,17,"晴","日間自然光線",40,"四岔路","交叉口附近","柏油","乾燥","良好","正常","雙向禁止超車線","快慢車道分隔線","無",24,"不明",120.637238,24.162893,"臺中市","西屯區"
"追撞","2022",3,10,4,"晴","夜間(或隧道、地下道、涵洞)有照明",60,"直路","路肩、路緣","柏油","乾燥","良好","無號誌","雙向禁止超車線","快慢車道分隔線","有",48,"不明",120.584305,23.892085,"彰化縣","社頭鄉"
"追撞","2022",3,10,4,"晴","夜間(或隧道、地下道、涵洞)有照明",60,"直路","路肩、路緣","柏油","乾燥","良好","無號誌","雙向禁止超車線","快慢車道分隔線","有",63,"不明",120.584305,23.892085,"彰化縣","社頭鄉"
"對向擦撞","2022",3,10,7,"晴","日間自然光線",60,"直路","一般車道(未劃分快慢車道)","柏油","乾燥","良好","無號誌","行車分向線","未繪設快慢車道分隔線","有",65,"未使用",120.623494,22.806643,"屏東縣","高樹鄉"
"對向擦撞","2022",3,10,7,"晴","日間自然光線",60,"直路","一般車道(未劃分快慢車道)","柏油","乾燥","良好","無號誌","行車分向線","未繪設快慢車道分隔線","有",61,"不明",120.623494,22.806643,"屏東縣","高樹鄉"
"撞路樹、電桿","2022",3,10,7,"晴","日間自然光線",30,"彎曲路及附近","路肩、路緣","柏油","乾燥","良好","無號誌","無","未繪設快慢車道分隔線","有",22,"不明",121.10455,24.902898,"桃園市","楊梅區"
"側撞","2022",3,10,10,"晴","日間自然光線",30,"三岔路","交叉路口內","柏油","乾燥","良好","正常","無","未繪設快慢車道分隔線","有",67,"未使用",120.44404,22.467754,"屏東縣","東港鎮"
"側撞","2022",3,10,10,"晴","日間自然光線",30,"三岔路","交叉路口內","柏油","乾燥","良好","正常","無","未繪設快慢車道分隔線","有",41,"未使用",120.44404,22.467754,"屏東縣","東港鎮"
"路上翻車、摔倒","2022",3,11,0,"晴","夜間(或隧道、地下道、涵洞)有照明",40,"直路","一般車道(未劃分快慢車道)","柏油","乾燥","良好","無號誌","雙向禁止超車線","未繪設快慢車道分隔線","有",39,"不明",120.951796,23.964823,"南投縣","埔里鎮"
"追撞","2022",3,11,3,"晴","夜間(或隧道、地下道、涵洞)有照明",100,"坡路","快車道","柏油","乾燥","良好","無號誌","中央分向島","未繪設快慢車道分隔線","有",30,"不明",120.755694,24.38901,"苗栗縣","三義鄉"
"追撞","2022",3,11,3,"晴","夜間(或隧道、地下道、涵洞)有照明",100,"坡路","快車道","柏油","乾燥","良好","無號誌","中央分向島","未繪設快慢車道分隔線","有",50,"未使用",120.755694,24.38901,"苗栗縣","三義鄉"
"追撞","2022",3,11,3,"晴","夜間(或隧道、地下道、涵洞)有照明",100,"坡路","快車道","柏油","乾燥","良好","無號誌","中央分向島","未繪設快慢車道分隔線","有",35,"非駕駛人",120.755694,24.38901,"苗栗縣","三義鄉"
"路口交岔撞","2022",3,11,4,"晴","夜間(或隧道、地下道、涵洞)有照明",50,"四岔路","交叉路口內","柏油","乾燥","良好","正常","無","未繪設快慢車道分隔線","無",46,"未使用",120.528903,23.446715,"嘉義縣","中埔鄉"
"路口交岔撞","2022",3,11,4,"晴","夜間(或隧道、地下道、涵洞)有照明",50,"四岔路","交叉路口內","柏油","乾燥","良好","正常","無","未繪設快慢車道分隔線","無",61,"未使用",120.528903,23.446715,"嘉義縣","中埔鄉"
"路口交岔撞","2022",3,11,4,"晴","夜間(或隧道、地下道、涵洞)有照明",50,"四岔路","交叉路口內","柏油","乾燥","良好","正常","無","未繪設快慢車道分隔線","無",31,"非駕駛人",120.528903,23.446715,"嘉義縣","中埔鄉"
"路口交岔撞","2022",3,11,4,"晴","夜間(或隧道、地下道、涵洞)有照明",50,"四岔路","交叉路口內","柏油","乾燥","良好","正常","無","未繪設快慢車道分隔線","無",33,"非駕駛人",120.528903,23.446715,"嘉義縣","中埔鄉"
"路口交岔撞","2022",3,11,4,"晴","夜間(或隧道、地下道、涵洞)有照明",50,"四岔路","交叉路口內","柏油","乾燥","良好","正常","無","未繪設快慢車道分隔線","無",31,"非駕駛人",120.528903,23.446715,"嘉義縣","中埔鄉"
"穿越道路中","2022",3,11,9,"晴","日間自然光線",50,"四岔路","交叉路口內","柏油","乾燥","良好","正常","無","未繪設快慢車道分隔線","無",42,"未使用",120.688994,24.07815,"臺中市","大里區"
"穿越道路中","2022",3,11,9,"晴","日間自然光線",50,"四岔路","交叉路口內","柏油","乾燥","良好","正常","無","未繪設快慢車道分隔線","無",73,"未使用",120.688994,24.07815,"臺中市","大里區"
"撞路樹、電桿","2022",3,11,9,"晴","日間自然光線",50,"直路","一般車道(未劃分快慢車道)","柏油","乾燥","良好","無號誌","行車分向線","未繪設快慢車道分隔線","有",80,"未使用",120.702667,24.308202,"臺中市","后里區"
"路口交岔撞","2022",3,11,16,"晴","日間自然光線",30,"四岔路","交叉路口內","柏油","乾燥","良好","無號誌","無","未繪設快慢車道分隔線","有",52,"未使用",120.308196,23.86283,"彰化縣","大城鄉"
"路口交岔撞","2022",3,11,16,"晴","日間自然光線",30,"四岔路","交叉路口內","柏油","乾燥","良好","無號誌","無","未繪設快慢車道分隔線","有",18,"未使用",120.308196,23.86283,"彰化縣","大城鄉"
"撞路樹、電桿","2022",3,11,18,"晴","晨或暮光",50,"橋樑","一般車道(未劃分快慢車道)","柏油","乾燥","良好","無號誌","雙向禁止超車線","未繪設快慢車道分隔線","有",41,"未使用",120.588569,22.470075,"屏東縣","新埤鄉"
"其他","2022",3,11,22,"晴","夜間(或隧道、地下道、涵洞)無照明",40,"彎曲路及附近","一般車道(未劃分快慢車道)","柏油","乾燥","良好","無號誌","單向禁止超車線","未繪設快慢車道分隔線","有",48,"未使用",120.530675,23.38066,"嘉義縣","中埔鄉"
"其他","2022",3,11,22,"晴","夜間(或隧道、地下道、涵洞)無照明",40,"彎曲路及附近","一般車道(未劃分快慢車道)","柏油","乾燥","良好","無號誌","單向禁止超車線","未繪設快慢車道分隔線","有",71,"非駕駛人",120.530675,23.38066,"嘉義縣","中埔鄉"
"其他","2022",3,11,22,"晴","夜間(或隧道、地下道、涵洞)無照明",40,"彎曲路及附近","一般車道(未劃分快慢車道)","柏油","乾燥","良好","無號誌","單向禁止超車線","未繪設快慢車道分隔線","有",71,"未使用",120.530675,23.38066,"嘉義縣","中埔鄉"
"同向擦撞","2022",3,11,23,"晴","夜間(或隧道、地下道、涵洞)有照明",50,"四岔路","交叉路口內","柏油","乾燥","良好","無號誌","中央分向島","未繪設快慢車道分隔線","無",68,"未使用",121.497866,25.033088,"臺北市","萬華區"
"同向擦撞","2022",3,11,23,"晴","夜間(或隧道、地下道、涵洞)有照明",50,"四岔路","交叉路口內","柏油","乾燥","良好","無號誌","中央分向島","未繪設快慢車道分隔線","無",23,"未使用",121.497866,25.033088,"臺北市","萬華區"
"同向擦撞","2022",3,11,23,"晴","夜間(或隧道、地下道、涵洞)有照明",50,"四岔路","交叉路口內","柏油","乾燥","良好","無號誌","中央分向島","未繪設快慢車道分隔線","無",47,"不明",121.497866,25.033088,"臺北市","萬華區"
"撞交通島","2022",3,13,6,"晴","日間自然光線",40,"直路","慢車道","柏油","乾燥","良好","無號誌","雙向禁止超車線","窄式快慢車道分隔島(附柵欄)","無",26,"未使用",120.3502,22.6119,"高雄市","鳳山區"
"撞交通島","2022",3,13,6,"晴","日間自然光線",40,"直路","慢車道","柏油","乾燥","良好","無號誌","雙向禁止超車線","窄式快慢車道分隔島(附柵欄)","無",111,"",120.3502,22.6119,"高雄市","鳳山區"
"撞路樹、電桿","2022",3,13,13,"晴","日間自然光線",40,"直路","一般車道(未劃分快慢車道)","柏油","乾燥","良好","無號誌","無","未繪設快慢車道分隔線","有",43,"未使用",120.486962,22.671329,"屏東縣","屏東市"
"同向通行中","2022",3,13,16,"晴","日間自然光線",50,"直路","一般車道(未劃分快慢車道)","柏油","乾燥","良好","無號誌","行車分向線","未繪設快慢車道分隔線","有",55,"不明",120.44164,23.372443,"臺南市","白河區"
"同向通行中","2022",3,13,16,"晴","日間自然光線",50,"直路","一般車道(未劃分快慢車道)","柏油","乾燥","良好","無號誌","行車分向線","未繪設快慢車道分隔線","有",80,"非駕駛人",120.44164,23.372443,"臺南市","白河區"
"同向通行中","2022",3,13,16,"晴","日間自然光線",50,"直路","一般車道(未劃分快慢車道)","柏油","乾燥","良好","無號誌","行車分向線","未繪設快慢車道分隔線","有",78,"非駕駛人",120.44164,23.372443,"臺南市","白河區"
"側撞","2022",3,13,17,"晴","日間自然光線",50,"三岔路","交叉路口內","柏油","乾燥","良好","正常","無","未繪設快慢車道分隔線","無",47,"未使用",120.30316,23.284742,"臺南市","柳營區"
"側撞","2022",3,13,17,"晴","日間自然光線",50,"三岔路","交叉路口內","柏油","乾燥","良好","正常","無","未繪設快慢車道分隔線","無",20,"未使用",120.30316,23.284742,"臺南市","柳營區"
"路口交岔撞","2022",3,13,23,"晴","夜間(或隧道、地下道、涵洞)有照明",50,"四岔路","交叉路口內","柏油","乾燥","良好","正常","無","未繪設快慢車道分隔線","無",20,"未使用",120.680073,24.185281,"臺中市","北屯區"
"路口交岔撞","2022",3,13,23,"晴","夜間(或隧道、地下道、涵洞)有照明",50,"四岔路","交叉路口內","柏油","乾燥","良好","正常","無","未繪設快慢車道分隔線","無",37,"未使用",120.680073,24.185281,"臺中市","北屯區"
"同向擦撞","2022",3,14,13,"晴","日間自然光線",50,"四岔路","交叉路口內","柏油","乾燥","良好","正常","無","未繪設快慢車道分隔線","有",21,"不明",121.384402,25.082865,"新北市","林口區"
"同向擦撞","2022",3,14,13,"晴","日間自然光線",50,"四岔路","交叉路口內","柏油","乾燥","良好","正常","無","未繪設快慢車道分隔線","有",63,"未使用",121.384402,25.082865,"新北市","林口區"
"其他","2022",3,14,16,"晴","日間自然光線",30,"直路","一般車道(未劃分快慢車道)","柏油","乾燥","良好","無號誌","無","未繪設快慢車道分隔線","無",49,"未使用",120.77457,23.170504,"高雄市","桃源區"
"其他","2022",3,14,16,"晴","日間自然光線",30,"直路","一般車道(未劃分快慢車道)","柏油","乾燥","良好","無號誌","無","未繪設快慢車道分隔線","無",1,"非駕駛人",120.77457,23.170504,"高雄市","桃源區"
"路口交岔撞","2022",3,14,18,"晴","晨或暮光",50,"四岔路","交叉路口內","柏油","乾燥","良好","無號誌","無","未繪設快慢車道分隔線","有",20,"未使用",120.237878,22.893036,"高雄市","湖內區"
"路口交岔撞","2022",3,14,18,"晴","晨或暮光",50,"四岔路","交叉路口內","柏油","乾燥","良好","無號誌","無","未繪設快慢車道分隔線","有",61,"未使用",120.237878,22.893036,"高雄市","湖內區"
"路口交岔撞","2022",3,14,18,"晴","晨或暮光",50,"四岔路","交叉路口內","柏油","乾燥","良好","無號誌","無","未繪設快慢車道分隔線","有",21,"非駕駛人",120.237878,22.893036,"高雄市","湖內區"
"側撞","2022",3,14,18,"晴","夜間(或隧道、地下道、涵洞)有照明",70,"三岔路","交叉路口內","柏油","乾燥","良好","正常","中央分向島","快慢車道分隔線","有",15,"未使用",120.473487,23.65882,"雲林縣","大埤鄉"
"側撞","2022",3,14,18,"晴","夜間(或隧道、地下道、涵洞)有照明",70,"三岔路","交叉路口內","柏油","乾燥","良好","正常","中央分向島","快慢車道分隔線","有",53,"未使用",120.473487,23.65882,"雲林縣","大埤鄉"
"側撞","2022",3,14,18,"晴","夜間(或隧道、地下道、涵洞)有照明",70,"三岔路","交叉路口內","柏油","乾燥","良好","正常","中央分向島","快慢車道分隔線","有",51,"未使用",120.473487,23.65882,"雲林縣","大埤鄉"
"其他","2022",3,14,22,"晴","夜間(或隧道、地下道、涵洞)有照明",60,"三岔路","其他","柏油","乾燥","良好","無號誌","雙向禁止超車線","未繪設快慢車道分隔線","有",64,"不明",120.926755,23.936596,"南投縣","埔里鎮"
"側撞","2022",3,15,6,"晴","日間自然光線",50,"四岔路","交叉路口內","柏油","乾燥","良好","正常","無","未繪設快慢車道分隔線","無",70,"未使用",120.692452,23.922573,"南投縣","南投市"
"側撞","2022",3,15,6,"晴","日間自然光線",50,"四岔路","交叉路口內","柏油","乾燥","良好","正常","無","未繪設快慢車道分隔線","無",52,"未使用",120.692452,23.922573,"南投縣","南投市"
"側撞","2022",3,15,6,"晴","日間自然光線",50,"四岔路","交叉路口內","柏油","乾燥","良好","正常","無","未繪設快慢車道分隔線","無",13,"未使用",120.692452,23.922573,"南投縣","南投市"
"衝出路外","2022",3,15,6,"晴","日間自然光線",60,"直路","慢車道","柏油","乾燥","良好","無號誌","中央分向島","快慢車道分隔線","有",47,"不明",120.412811,23.919133,"彰化縣","二林鎮"
"路上翻車、摔倒","2022",3,15,7,"晴","日間自然光線",30,"直路","一般車道(未劃分快慢車道)","柏油","乾燥","良好","無號誌","中央分向島","未繪設快慢車道分隔線","有",40,"未使用",120.537635,22.780977,"屏東縣","里港鄉"