"事故類型及型態子類別名稱","發生年度","發生月份","發生日期","發生時間","天候名稱","光線名稱","速限.第1當事者","道路型態子類別名稱","事故位置子類別名稱","路面狀況.路面鋪裝名稱","路面狀況.路面狀態名稱","道路障礙.視距品質名稱","號誌.號誌動作名稱","車道劃分設施.分向設施大類別名稱","車道劃分設施.分道設施.快慢車道間名稱","車道劃分設施.分道設施.路面邊線名稱","當事者事故發生時年齡","行動電話或電腦或其他相類功能裝置名稱","經度","緯度","縣市","鄉鎮"
"路上翻車、摔倒","2022",3,15,7,"晴","日間自然光線",30,"直路","一般車道(未劃分快慢車道)","柏油","乾燥","良好","無號誌","中央分向島","未繪設快慢車道分隔線","有",27,"未使用",120.537635,22.780977,"屏東縣","里港鄉"
"路上翻車、摔倒","2022",3,15,9,"晴","日間自然光線",60,"直路","快車道","柏油","乾燥","良好","無號誌","雙向禁止超車線","未繪設快慢車道分隔線","有",26,"不明",120.770969,21.95425,"屏東縣","恆春鎮"
"路口交岔撞","2022",3,15,11,"晴","日間自然光線",40,"三岔路","交叉路口內","柏油","乾燥","良好","無號誌","雙向禁止超車線","快慢車道分隔線","無",67,"未使用",120.317823,22.686161,"高雄市","左營區"
"路口交岔撞","2022",3,15,11,"晴","日間自然光線",40,"三岔路","交叉路口內","柏油","乾燥","良好","無號誌","雙向禁止超車線","快慢車道分隔線","無",28,"未使用",120.317823,22.686161,"高雄市","左營區"
"追撞","2022",3,15,12,"晴","日間自然光線",50,"彎曲路及附近","路肩、路緣","柏油","乾燥","良好","無號誌","雙向禁止超車線","未繪設快慢車道分隔線","有",72,"未使用",121.21337,24.974868,"桃園市","中壢區"
"追撞","2022",3,15,12,"晴","日間自然光線",50,"彎曲路及附近","路肩、路緣","柏油","乾燥","良好","無號誌","雙向禁止超車線","未繪設快慢車道分隔線","有",25,"未使用",121.21337,24.974868,"桃園市","中壢區"
"衝出路外","2022",3,15,18,"陰","晨或暮光",30,"坡路","路肩、路緣","水泥","乾燥","不良","無號誌","無","未繪設快慢車道分隔線","無",66,"不明",121.564815,24.644622,"宜蘭縣","大同鄉"
"穿越道路中","2022",3,15,19,"晴","夜間(或隧道、地下道、涵洞)有照明",50,"三岔路","交叉口附近","柏油","乾燥","良好","正常","雙向禁止超車線","快慢車道分隔線","無",22,"未使用",120.32443,22.740414,"高雄市","楠梓區"
"穿越道路中","2022",3,15,19,"晴","夜間(或隧道、地下道、涵洞)有照明",50,"三岔路","交叉口附近","柏油","乾燥","良好","正常","雙向禁止超車線","快慢車道分隔線","無",71,"非駕駛人",120.32443,22.740414,"高雄市","楠梓區"
"同向通行中","2022",3,15,19,"晴","夜間(或隧道、地下道、涵洞)有照明",30,"直路","一般車道(未劃分快慢車道)","柏油","乾燥","良好","無號誌","無","未繪設快慢車道分隔線","有",77,"不明",120.395124,23.417526,"嘉義縣","水上鄉"
"同向通行中","2022",3,15,19,"晴","夜間(或隧道、地下道、涵洞)有照明",30,"直路","一般車道(未劃分快慢車道)","柏油","乾燥","良好","無號誌","無","未繪設快慢車道分隔線","有",61,"不明",120.395124,23.417526,"嘉義縣","水上鄉"
"其他","2022",3,16,5,"晴","夜間(或隧道、地下道、涵洞)有照明",50,"三岔路","交叉路口內","柏油","乾燥","良好","無號誌","無","未繪設快慢車道分隔線","無",60,"未使用",120.632901,24.355876,"臺中市","大甲區"
"其他","2022",3,16,5,"晴","夜間(或隧道、地下道、涵洞)有照明",50,"三岔路","交叉路口內","柏油","乾燥","良好","無號誌","無","未繪設快慢車道分隔線","無",70,"非駕駛人",120.632901,24.355876,"臺中市","大甲區"
"其他","2022",3,16,5,"晴","夜間(或隧道、地下道、涵洞)有照明",50,"三岔路","交叉路口內","柏油","乾燥","良好","無號誌","無","未繪設快慢車道分隔線","無",58,"不明",120.632901,24.355876,"臺中市","大甲區"
"同向擦撞","2022",3,16,7,"晴","日間自然光線",50,"三岔路","交叉路口內","柏油","乾燥","良好","無號誌","雙向禁止超車線","未繪設快慢車道分隔線","有",35,"未使用",120.718147,23.807734,"南投縣","竹山鎮"
"同向擦撞","2022",3,16,7,"晴","日間自然光線",50,"三岔路","交叉路口內","柏油","乾燥","良好","無號誌","雙向禁止超車線","未繪設快慢車道分隔線","有",50,"未使用",120.718147,23.807734,"南投縣","竹山鎮"
"路口交岔撞","2022",3,16,8,"晴","日間自然光線",30,"四岔路","交叉路口內","柏油","乾燥","不良","無號誌","無","未繪設快慢車道分隔線","無",68,"不明",120.278424,23.648933,"雲林縣","元長鄉"
"路口交岔撞","2022",3,16,8,"晴","日間自然光線",30,"四岔路","交叉路口內","柏油","乾燥","不良","無號誌","無","未繪設快慢車道分隔線","無",43,"不明",120.278424,23.648933,"雲林縣","元長鄉"
"側撞","2022",3,16,20,"晴","夜間(或隧道、地下道、涵洞)有照明",60,"三岔路","交叉路口內","柏油","乾燥","良好","無號誌","無","快慢車道分隔線","有",55,"不明",120.496691,23.759108,"雲林縣","莿桐鄉"
"側撞","2022",3,16,20,"晴","夜間(或隧道、地下道、涵洞)有照明",60,"三岔路","交叉路口內","柏油","乾燥","良好","無號誌","無","快慢車道分隔線","有",43,"未使用",120.496691,23.759108,"雲林縣","莿桐鄉"
"側撞","2022",3,16,22,"晴","夜間(或隧道、地下道、涵洞)有照明",60,"四岔路","交叉路口內","柏油","乾燥","良好","正常","無","未繪設快慢車道分隔線","無",46,"未使用",120.67455,24.103085,"臺中市","大里區"
"側撞","2022",3,16,22,"晴","夜間(或隧道、地下道、涵洞)有照明",60,"四岔路","交叉路口內","柏油","乾燥","良好","正常","無","未繪設快慢車道分隔線","無",25,"未使用",120.67455,24.103085,"臺中市","大里區"
"側撞","2022",3,16,22,"晴","夜間(或隧道、地下道、涵洞)有照明",60,"四岔路","交叉路口內","柏油","乾燥","良好","正常","無","未繪設快慢車道分隔線","無",70,"不明",120.67455,24.103085,"臺中市","大里區"
"側撞","2022",3,16,22,"晴","夜間(或隧道、地下道、涵洞)有照明",60,"四岔路","交叉路口內","柏油","乾燥","良好","正常","無","未繪設快慢車道分隔線","無",34,"不明",120.67455,24.103085,"臺中市","大里區"
"其他","2022",3,17,6,"晴","日間自然光線",90,"直路","一般車道(未劃分快慢車道)","柏油","乾燥","良好","無號誌","行車分向線","未繪設快慢車道分隔線","有",59,"未使用",120.470791,22.575989,"屏東縣","萬丹鄉"
"其他","2022",3,17,6,"晴","日間自然光線",90,"直路","一般車道(未劃分快慢車道)","柏油","乾燥","良好","無號誌","行車分向線","未繪設快慢車道分隔線","有",50,"未使用",120.470791,22.575989,"屏東縣","萬丹鄉"
"其他","2022",3,17,6,"晴","日間自然光線",90,"直路","一般車道(未劃分快慢車道)","柏油","乾燥","良好","無號誌","行車分向線","未繪設快慢車道分隔線","有",61,"未使用",120.470791,22.575989,"屏東縣","萬丹鄉"
"側撞","2022",3,17,20,"陰","夜間(或隧道、地下道、涵洞)有照明",40,"三岔路","交叉路口內","柏油","乾燥","良好","正常","行車分向線","未繪設快慢車道分隔線","有",59,"未使用",121.781909,24.682613,"宜蘭縣","五結鄉"
"側撞","2022",3,17,20,"陰","夜間(或隧道、地下道、涵洞)有照明",40,"三岔路","交叉路口內","柏油","乾燥","良好","正常","行車分向線","未繪設快慢車道分隔線","有",51,"未使用",121.781909,24.682613,"宜蘭縣","五結鄉"
"穿越道路中","2022",3,17,22,"雨","夜間(或隧道、地下道、涵洞)有照明",40,"四岔路","交叉路口內","柏油","濕潤","良好","正常","中央分向島","未繪設快慢車道分隔線","有",53,"不明",121.449791,25.012623,"新北市","板橋區"
"穿越道路中","2022",3,17,22,"雨","夜間(或隧道、地下道、涵洞)有照明",40,"四岔路","交叉路口內","柏油","濕潤","良好","正常","中央分向島","未繪設快慢車道分隔線","有",33,"未使用",121.449791,25.012623,"新北市","板橋區"
"路口交岔撞","2022",3,18,1,"陰","夜間(或隧道、地下道、涵洞)有照明",50,"四岔路","交叉路口內","柏油","濕潤","良好","正常","無","未繪設快慢車道分隔線","無",33,"不明",121.533175,25.06034,"臺北市","中山區"
"路口交岔撞","2022",3,18,1,"陰","夜間(或隧道、地下道、涵洞)有照明",50,"四岔路","交叉路口內","柏油","濕潤","良好","正常","無","未繪設快慢車道分隔線","無",52,"未使用",121.533175,25.06034,"臺北市","中山區"
"撞路樹、電桿","2022",3,18,3,"陰","夜間(或隧道、地下道、涵洞)無照明",30,"彎曲路及附近","路肩、路緣","柏油","濕潤","不良","無號誌","無","未繪設快慢車道分隔線","有",24,"未使用",121.074836,23.930932,"南投縣","仁愛鄉"
"穿越道路中","2022",3,18,18,"晴","夜間(或隧道、地下道、涵洞)有照明",50,"三岔路","交叉路口內","柏油","乾燥","良好","無號誌","中央分向島","未繪設快慢車道分隔線","無",38,"未使用",121.535313,25.11296,"臺北市","士林區"
"穿越道路中","2022",3,18,18,"晴","夜間(或隧道、地下道、涵洞)有照明",50,"三岔路","交叉路口內","柏油","乾燥","良好","無號誌","中央分向島","未繪設快慢車道分隔線","無",65,"非駕駛人",121.535313,25.11296,"臺北市","士林區"
"穿越道路中","2022",3,18,18,"晴","夜間(或隧道、地下道、涵洞)有照明",50,"三岔路","交叉路口內","柏油","乾燥","良好","無號誌","中央分向島","未繪設快慢車道分隔線","無",16,"非駕駛人",121.535313,25.11296,"臺北市","士林區"
"穿越道路中","2022",3,18,18,"晴","夜間(或隧道、地下道、涵洞)有照明",50,"三岔路","交叉路口內","柏油","乾燥","良好","無號誌","中央分向島","未繪設快慢車道分隔線","無",16,"非駕駛人",121.535313,25.11296,"臺北市","士林區"
"同向通行中","2022",3,19,5,"晴","晨或暮光",50,"直路","路肩、路緣","柏油","乾燥","良好","無號誌","行車分向線","未繪設快慢車道分隔線","有",25,"不明",120.818647,24.556225,"苗栗縣","苗栗市"
"同向通行中","2022",3,19,5,"晴","晨或暮光",50,"直路","路肩、路緣","柏油","乾燥","良好","無號誌","行車分向線","未繪設快慢車道分隔線","有",76,"非駕駛人",120.818647,24.556225,"苗栗縣","苗栗市"
"同向通行中","2022",3,19,5,"晴","晨或暮光",50,"直路","路肩、路緣","柏油","乾燥","良好","無號誌","行車分向線","未繪設快慢車道分隔線","有",47,"不明",120.818647,24.556225,"苗栗縣","苗栗市"
"同向通行中","2022",3,19,5,"晴","晨或暮光",50,"直路","路肩、路緣","柏油","乾燥","良好","無號誌","行車分向線","未繪設快慢車道分隔線","有",59,"不明",120.818647,24.556225,"苗栗縣","苗栗市"
"撞路樹、電桿","2022",3,19,5,"晴","夜間(或隧道、地下道、涵洞)有照明",30,"直路","一般車道(未劃分快慢車道)","柏油","乾燥","良好","無號誌","無","未繪設快慢車道分隔線","有",26,"不明",120.471015,22.548598,"屏東縣","新園鄉"
"撞路樹、電桿","2022",3,19,6,"陰","日間自然光線",50,"直路","慢車道","柏油","乾燥","良好","無號誌","單向禁止超車線","快慢車道分隔線","有",47,"不明",120.294814,22.80543,"高雄市","岡山區"
"撞路樹、電桿","2022",3,19,6,"陰","日間自然光線",50,"直路","慢車道","柏油","乾燥","良好","無號誌","單向禁止超車線","快慢車道分隔線","有",111,"",120.294814,22.80543,"高雄市","岡山區"
"其他","2022",3,19,13,"晴","日間自然光線",50,"四岔路","交叉口附近","柏油","乾燥","良好","正常","行車分向線","未繪設快慢車道分隔線","有",48,"未使用",121.630273,25.065021,"新北市","汐止區"
"其他","2022",3,19,13,"晴","日間自然光線",50,"四岔路","交叉口附近","柏油","乾燥","良好","正常","行車分向線","未繪設快慢車道分隔線","有",30,"未使用",121.630273,25.065021,"新北市","汐止區"
"其他","2022",3,19,13,"晴","日間自然光線",50,"四岔路","交叉口附近","柏油","乾燥","良好","正常","行車分向線","未繪設快慢車道分隔線","有",77,"非駕駛人",121.630273,25.065021,"新北市","汐止區"
"路口交岔撞","2022",3,19,13,"晴","日間自然光線",50,"四岔路","交叉路口內","柏油","乾燥","良好","無號誌","無","未繪設快慢車道分隔線","無",60,"未使用",120.620517,24.351716,"臺中市","大甲區"
"路口交岔撞","2022",3,19,13,"晴","日間自然光線",50,"四岔路","交叉路口內","柏油","乾燥","良好","無號誌","無","未繪設快慢車道分隔線","無",37,"未使用",120.620517,24.351716,"臺中市","大甲區"
"追撞","2022",3,19,13,"晴","日間自然光線",40,"直路","慢車道","柏油","乾燥","良好","正常","中央分向島","快慢車道分隔線","無",39,"未使用",120.2925,22.62061,"高雄市","苓雅區"
"追撞","2022",3,19,13,"晴","日間自然光線",40,"直路","慢車道","柏油","乾燥","良好","正常","中央分向島","快慢車道分隔線","無",58,"未使用",120.2925,22.62061,"高雄市","苓雅區"
"追撞","2022",3,19,13,"晴","日間自然光線",40,"直路","慢車道","柏油","乾燥","良好","正常","中央分向島","快慢車道分隔線","無",5,"未使用",120.2925,22.62061,"高雄市","苓雅區"
"其他","2022",3,19,14,"晴","日間自然光線",50,"四岔路","交叉路口內","柏油","乾燥","良好","無號誌","無","未繪設快慢車道分隔線","無",24,"不明",120.640605,24.129541,"臺中市","南屯區"
"其他","2022",3,19,14,"晴","日間自然光線",50,"四岔路","交叉路口內","柏油","乾燥","良好","無號誌","無","未繪設快慢車道分隔線","無",51,"不明",120.640605,24.129541,"臺中市","南屯區"
"其他","2022",3,19,14,"晴","日間自然光線",50,"四岔路","交叉路口內","柏油","乾燥","良好","無號誌","無","未繪設快慢車道分隔線","無",34,"不明",120.640605,24.129541,"臺中市","南屯區"
"其他","2022",3,19,14,"晴","日間自然光線",50,"四岔路","交叉路口內","柏油","乾燥","良好","無號誌","無","未繪設快慢車道分隔線","無",24,"非駕駛人",120.640605,24.129541,"臺中市","南屯區"
"路口交岔撞","2022",3,19,19,"晴","夜間(或隧道、地下道、涵洞)有照明",50,"四岔路","交叉路口內","柏油","乾燥","良好","無號誌","雙向禁止超車線","未繪設快慢車道分隔線","無",76,"未使用",120.33804,22.599661,"高雄市","鳳山區"
"路口交岔撞","2022",3,19,19,"晴","夜間(或隧道、地下道、涵洞)有照明",50,"四岔路","交叉路口內","柏油","乾燥","良好","無號誌","雙向禁止超車線","未繪設快慢車道分隔線","無",22,"未使用",120.33804,22.599661,"高雄市","鳳山區"
"路口交岔撞","2022",3,19,19,"晴","夜間(或隧道、地下道、涵洞)有照明",50,"四岔路","交叉路口內","柏油","乾燥","良好","無號誌","雙向禁止超車線","未繪設快慢車道分隔線","無",26,"未使用",120.33804,22.599661,"高雄市","鳳山區"
"撞護欄(樁)","2022",3,19,21,"晴","夜間(或隧道、地下道、涵洞)有照明",30,"直路","一般車道(未劃分快慢車道)","柏油","乾燥","良好","無號誌","無","未繪設快慢車道分隔線","無",17,"不明",120.761568,24.397033,"苗栗縣","三義鄉"
"追撞","2022",3,20,4,"陰","夜間(或隧道、地下道、涵洞)有照明",50,"直路","一般車道(未劃分快慢車道)","柏油","乾燥","良好","無號誌","中央分向島","未繪設快慢車道分隔線","有",30,"未使用",121.363056,25.101667,"新北市","林口區"
"追撞","2022",3,20,4,"陰","夜間(或隧道、地下道、涵洞)有照明",50,"直路","一般車道(未劃分快慢車道)","柏油","乾燥","良好","無號誌","中央分向島","未繪設快慢車道分隔線","有",31,"未使用",121.363056,25.101667,"新北市","林口區"
"撞護欄(樁)","2022",3,20,12,"晴","日間自然光線",40,"直路","一般車道(未劃分快慢車道)","柏油","乾燥","良好","無號誌","雙向禁止超車線","未繪設快慢車道分隔線","有",24,"未使用",120.574338,23.372951,"嘉義縣","中埔鄉"
"其他","2022",3,20,17,"晴","日間自然光線",30,"直路","一般車道(未劃分快慢車道)","柏油","乾燥","良好","無號誌","無","未繪設快慢車道分隔線","無",55,"未使用",120.12911,23.243399,"臺南市","北門區"
"對向擦撞","2022",3,20,20,"晴","夜間(或隧道、地下道、涵洞)有照明",60,"直路","快車道","柏油","乾燥","良好","無號誌","中央分向島","快慢車道分隔線","無",35,"不明",120.937967,24.84658,"新竹市","北區"
"對向擦撞","2022",3,20,20,"晴","夜間(或隧道、地下道、涵洞)有照明",60,"直路","快車道","柏油","乾燥","良好","無號誌","中央分向島","快慢車道分隔線","無",50,"不明",120.937967,24.84658,"新竹市","北區"
"對向擦撞","2022",3,20,20,"晴","夜間(或隧道、地下道、涵洞)有照明",60,"直路","快車道","柏油","乾燥","良好","無號誌","中央分向島","快慢車道分隔線","無",26,"不明",120.937967,24.84658,"新竹市","北區"
"撞非固定設施","2022",3,21,11,"雨","日間自然光線",40,"直路","一般車道(未劃分快慢車道)","柏油","濕潤","良好","無號誌","雙向禁止超車線","未繪設快慢車道分隔線","無",68,"未使用",120.287862,22.672833,"高雄市","左營區"
"撞非固定設施","2022",3,21,11,"雨","日間自然光線",40,"直路","一般車道(未劃分快慢車道)","柏油","濕潤","良好","無號誌","雙向禁止超車線","未繪設快慢車道分隔線","無",111,"",120.287862,22.672833,"高雄市","左營區"
"側撞","2022",3,21,11,"晴","日間自然光線",50,"四岔路","交叉路口內","柏油","乾燥","良好","正常","無","未繪設快慢車道分隔線","無",50,"未使用",120.25838,23.014905,"臺南市","永康區"
"側撞","2022",3,21,11,"晴","日間自然光線",50,"四岔路","交叉路口內","柏油","乾燥","良好","正常","無","未繪設快慢車道分隔線","無",75,"未使用",120.25838,23.014905,"臺南市","永康區"
"側撞","2022",3,21,16,"晴","日間自然光線",50,"三岔路","交叉口附近","柏油","乾燥","良好","無號誌","行車分向線","快慢車道分隔線","有",58,"未使用",120.434794,23.646299,"雲林縣","大埤鄉"
"側撞","2022",3,21,16,"晴","日間自然光線",50,"三岔路","交叉口附近","柏油","乾燥","良好","無號誌","行車分向線","快慢車道分隔線","有",24,"未使用",120.434794,23.646299,"雲林縣","大埤鄉"
"側撞","2022",3,21,16,"晴","日間自然光線",50,"三岔路","交叉口附近","柏油","乾燥","良好","無號誌","行車分向線","快慢車道分隔線","有",34,"未使用",120.434794,23.646299,"雲林縣","大埤鄉"
"穿越道路中","2022",3,21,18,"晴","夜間(或隧道、地下道、涵洞)有照明",60,"四岔路","交叉路口內","柏油","乾燥","良好","正常","中央分向島","快慢車道分隔線","無",26,"未使用",120.271352,22.730857,"高雄市","橋頭區"
"穿越道路中","2022",3,21,18,"晴","夜間(或隧道、地下道、涵洞)有照明",60,"四岔路","交叉路口內","柏油","乾燥","良好","正常","中央分向島","快慢車道分隔線","無",71,"非駕駛人",120.271352,22.730857,"高雄市","橋頭區"
"對撞","2022",3,21,23,"晴","夜間(或隧道、地下道、涵洞)有照明",110,"直路","快車道","柏油","乾燥","良好","無號誌","中央分向島","未繪設快慢車道分隔線","有",77,"不明",120.315962,22.805782,"高雄市","岡山區"
"對撞","2022",3,21,23,"晴","夜間(或隧道、地下道、涵洞)有照明",110,"直路","快車道","柏油","乾燥","良好","無號誌","中央分向島","未繪設快慢車道分隔線","有",37,"未使用",120.315962,22.805782,"高雄市","岡山區"
"對撞","2022",3,21,23,"晴","夜間(或隧道、地下道、涵洞)有照明",110,"直路","快車道","柏油","乾燥","良好","無號誌","中央分向島","未繪設快慢車道分隔線","有",41,"未使用",120.315962,22.805782,"高雄市","岡山區"
"其他","2022",3,22,2,"陰","夜間(或隧道、地下道、涵洞)有照明",70,"直路","路肩、路緣","柏油","濕潤","良好","無號誌","中央分向島","未繪設快慢車道分隔線","有",21,"未使用",121.15007,22.743427,"臺東縣","臺東市"
"同向通行中","2022",3,22,5,"晴","晨或暮光",30,"直路","一般車道(未劃分快慢車道)","柏油","乾燥","良好","無號誌","無","未繪設快慢車道分隔線","有",72,"未使用",120.665224,24.066778,"臺中市","霧峰區"
"同向通行中","2022",3,22,5,"晴","晨或暮光",30,"直路","一般車道(未劃分快慢車道)","柏油","乾燥","良好","無號誌","無","未繪設快慢車道分隔線","有",66,"非駕駛人",120.665224,24.066778,"臺中市","霧峰區"
"側撞","2022",3,22,7,"陰","日間自然光線",50,"四岔路","交叉路口內","柏油","乾燥","良好","正常","無","未繪設快慢車道分隔線","無",54,"未使用",121.589844,23.990407,"花蓮縣","吉安鄉"
"側撞","2022",3,22,7,"陰","日間自然光線",50,"四岔路","交叉路口內","柏油","乾燥","良好","正常","無","未繪設快慢車道分隔線","無",33,"未使用",121.589844,23.990407,"花蓮縣","吉安鄉"
"側撞","2022",3,22,7,"陰","日間自然光線",50,"四岔路","交叉路口內","柏油","乾燥","良好","正常","無","未繪設快慢車道分隔線","無",25,"不明",121.589844,23.990407,"花蓮縣","吉安鄉"
"追撞","2022",3,22,8,"晴","日間自然光線",50,"直路","一般車道(未劃分快慢車道)","柏油","乾燥","良好","無號誌","行車分向線","未繪設快慢車道分隔線","有",43,"未使用",120.308353,23.498465,"嘉義縣","六腳鄉"
"追撞","2022",3,22,8,"晴","日間自然光線",50,"直路","一般車道(未劃分快慢車道)","柏油","乾燥","良好","無號誌","行車分向線","未繪設快慢車道分隔線","有",73,"未使用",120.308353,23.498465,"嘉義縣","六腳鄉"
"其他","2022",3,22,9,"晴","日間自然光線",70,"四岔路","交叉路口內","柏油","乾燥","良好","正常","中央分向島","寛式快慢車道分隔島(50公分以上)","有",61,"未使用",120.288397,23.048605,"臺南市","新化區"
"其他","2022",3,22,9,"晴","日間自然光線",70,"四岔路","交叉路口內","柏油","乾燥","良好","正常","中央分向島","寛式快慢車道分隔島(50公分以上)","有",35,"未使用",120.288397,23.048605,"臺南市","新化區"
"對向擦撞","2022",3,22,11,"陰","日間自然光線",70,"三岔路","交叉路口內","柏油","乾燥","良好","無號誌","無","未繪設快慢車道分隔線","無",55,"不明",120.845474,24.644771,"苗栗縣","造橋鄉"
"對向擦撞","2022",3,22,11,"陰","日間自然光線",70,"三岔路","交叉路口內","柏油","乾燥","良好","無號誌","無","未繪設快慢車道分隔線","無",31,"不明",120.845474,24.644771,"苗栗縣","造橋鄉"
"對向擦撞","2022",3,22,11,"陰","日間自然光線",70,"三岔路","交叉路口內","柏油","乾燥","良好","無號誌","無","未繪設快慢車道分隔線","無",30,"非駕駛人",120.845474,24.644771,"苗栗縣","造橋鄉"
"路口交岔撞","2022",3,22,12,"晴","日間自然光線",50,"四岔路","交叉路口內","柏油","乾燥","良好","無號誌","雙向禁止超車線","未繪設快慢車道分隔線","有",67,"未使用",120.536558,22.623303,"屏東縣","竹田鄉"
"路口交岔撞","2022",3,22,12,"晴","日間自然光線",50,"四岔路","交叉路口內","柏油","乾燥","良好","無號誌","雙向禁止超車線","未繪設快慢車道分隔線","有",51,"未使用",120.536558,22.623303,"屏東縣","竹田鄉"
"同向擦撞","2022",3,22,19,"晴","夜間(或隧道、地下道、涵洞)有照明",60,"四岔路","交叉口附近","柏油","乾燥","良好","正常","中央分向島","未繪設快慢車道分隔線","有",34,"未使用",120.3599,22.70154,"高雄市","仁武區"
"同向擦撞","2022",3,22,19,"晴","夜間(或隧道、地下道、涵洞)有照明",60,"四岔路","交叉口附近","柏油","乾燥","良好","正常","中央分向島","未繪設快慢車道分隔線","有",62,"未使用",120.3599,22.70154,"高雄市","仁武區"
"側撞","2022",3,23,5,"雨","夜間(或隧道、地下道、涵洞)有照明",50,"直路","一般車道(未劃分快慢車道)","柏油","濕潤","良好","無號誌","雙向禁止超車線","未繪設快慢車道分隔線","有",45,"未使用",120.598568,22.775329,"屏東縣","高樹鄉"
"側撞","2022",3,23,5,"雨","夜間(或隧道、地下道、涵洞)有照明",50,"直路","一般車道(未劃分快慢車道)","柏油","濕潤","良好","無號誌","雙向禁止超車線","未繪設快慢車道分隔線","有",60,"未使用",120.598568,22.775329,"屏東縣","高樹鄉"
"側撞","2022",3,23,5,"雨","夜間(或隧道、地下道、涵洞)有照明",50,"直路","一般車道(未劃分快慢車道)","柏油","濕潤","良好","無號誌","雙向禁止超車線","未繪設快慢車道分隔線","有",50,"不明",120.598568,22.775329,"屏東縣","高樹鄉"
"同向擦撞","2022",3,23,9,"雨","日間自然光線",50,"直路","一般車道(未劃分快慢車道)","柏油","濕潤","良好","無號誌","中央分向島","未繪設快慢車道分隔線","有",44,"未使用",121.229192,24.909303,"桃園市","平鎮區"
"同向擦撞","2022",3,23,9,"雨","日間自然光線",50,"直路","一般車道(未劃分快慢車道)","柏油","濕潤","良好","無號誌","中央分向島","未繪設快慢車道分隔線","有",58,"未使用",121.229192,24.909303,"桃園市","平鎮區"
"追撞","2022",3,23,10,"雨","日間自然光線",50,"三岔路","交叉口附近","柏油","濕潤","良好","無號誌","雙向禁止超車線","快慢車道分隔線","有",32,"未使用",120.522652,24.077683,"彰化縣","彰化市"
"追撞","2022",3,23,10,"雨","日間自然光線",50,"三岔路","交叉口附近","柏油","濕潤","良好","無號誌","雙向禁止超車線","快慢車道分隔線","有",39,"未使用",120.522652,24.077683,"彰化縣","彰化市"
"側撞","2022",3,23,11,"雨","日間自然光線",50,"三岔路","交叉路口內","柏油","濕潤","良好","正常","無","未繪設快慢車道分隔線","無",68,"未使用",121.227684,25.012016,"桃園市","大園區"
"側撞","2022",3,23,11,"雨","日間自然光線",50,"三岔路","交叉路口內","柏油","濕潤","良好","正常","無","未繪設快慢車道分隔線","無",51,"未使用",121.227684,25.012016,"桃園市","大園區"
"衝出路外","2022",3,23,17,"雨","日間自然光線",50,"直路","一般車道(未劃分快慢車道)","柏油","濕潤","良好","無號誌","行車分向線","未繪設快慢車道分隔線","有",32,"未使用",120.445033,22.514379,"屏東縣","新園鄉"
"其他","2022",3,23,23,"雨","夜間(或隧道、地下道、涵洞)有照明",50,"四岔路","交叉路口內","柏油","濕潤","良好","正常","無","未繪設快慢車道分隔線","有",49,"未使用",121.45,25.033333,"新北市","新莊區"
"其他","2022",3,23,23,"雨","夜間(或隧道、地下道、涵洞)有照明",50,"四岔路","交叉路口內","柏油","濕潤","良好","正常","無","未繪設快慢車道分隔線","有",33,"未使用",121.45,25.033333,"新北市","新莊區"
"追撞","2022",3,24,5,"雨","夜間(或隧道、地下道、涵洞)無照明",110,"直路","快車道","柏油","濕潤","良好","無號誌","中央分向島","未繪設快慢車道分隔線","有",49,"未使用",120.287976,22.859834,"高雄市","路竹區"
"追撞","2022",3,24,5,"雨","夜間(或隧道、地下道、涵洞)無照明",110,"直路","快車道","柏油","濕潤","良好","無號誌","中央分向島","未繪設快慢車道分隔線","有",65,"不明",120.287976,22.859834,"高雄市","路竹區"
"撞號誌、標誌桿","2022",3,24,12,"晴","日間自然光線",40,"三岔路","交叉口附近","柏油","乾燥","良好","正常","無","未繪設快慢車道分隔線","無",30,"未使用",120.292102,22.638596,"高雄市","三民區"
"撞號誌、標誌桿","2022",3,24,12,"晴","日間自然光線",40,"三岔路","交叉口附近","柏油","乾燥","良好","正常","無","未繪設快慢車道分隔線","無",111,"",120.292102,22.638596,"高雄市","三民區"
"穿越道路中","2022",3,24,18,"雨","夜間(或隧道、地下道、涵洞)有照明",70,"四岔路","交叉路口內","柏油","濕潤","良好","正常","無","未繪設快慢車道分隔線","無",81,"非駕駛人",120.54237,24.16939,"臺中市","大肚區"
"穿越道路中","2022",3,24,18,"雨","夜間(或隧道、地下道、涵洞)有照明",70,"四岔路","交叉路口內","柏油","濕潤","良好","正常","無","未繪設快慢車道分隔線","無",49,"未使用",120.54237,24.16939,"臺中市","大肚區"
"撞路樹、電桿","2022",3,24,23,"陰","夜間(或隧道、地下道、涵洞)有照明",50,"直路","路肩、路緣","柏油","乾燥","良好","無號誌","雙向禁止超車線","未繪設快慢車道分隔線","有",45,"未使用",120.111223,23.058622,"臺南市","南區"
"側撞","2022",3,25,6,"陰","日間自然光線",50,"三岔路","交叉路口內","柏油","濕潤","良好","正常","中央分向島","快慢車道分隔線","有",65,"不明",120.690223,24.123513,"臺中市","大里區"
"側撞","2022",3,25,6,"陰","日間自然光線",50,"三岔路","交叉路口內","柏油","濕潤","良好","正常","中央分向島","快慢車道分隔線","有",24,"不明",120.690223,24.123513,"臺中市","大里區"