"事故類型及型態子類別名稱","發生年度","發生月份","發生日期","發生時間","天候名稱","光線名稱","速限.第1當事者","道路型態子類別名稱","事故位置子類別名稱","路面狀況.路面鋪裝名稱","路面狀況.路面狀態名稱","道路障礙.視距品質名稱","號誌.號誌動作名稱","車道劃分設施.分向設施大類別名稱","車道劃分設施.分道設施.快慢車道間名稱","車道劃分設施.分道設施.路面邊線名稱","當事者事故發生時年齡","行動電話或電腦或其他相類功能裝置名稱","經度","緯度","縣市","鄉鎮"
"其他","2022",3,25,11,"晴","日間自然光線",60,"三岔路","交叉路口內","柏油","乾燥","良好","正常","中央分向島","未繪設快慢車道分隔線","有",57,"不明",121.049111,24.877368,"新竹縣","湖口鄉"
"其他","2022",3,25,11,"晴","日間自然光線",60,"三岔路","交叉路口內","柏油","乾燥","良好","正常","中央分向島","未繪設快慢車道分隔線","有",41,"未使用",121.049111,24.877368,"新竹縣","湖口鄉"
"撞護欄(樁)","2022",3,25,15,"晴","日間自然光線",40,"彎曲路及附近","一般車道(未劃分快慢車道)","柏油","乾燥","良好","無號誌","中央分向島","未繪設快慢車道分隔線","有",25,"未使用",121.438912,24.981379,"新北市","土城區"
"同向擦撞","2022",3,25,16,"晴","日間自然光線",50,"直路","一般車道(未劃分快慢車道)","柏油","乾燥","良好","無號誌","行車分向線","未繪設快慢車道分隔線","有",45,"未使用",120.537488,24.109192,"彰化縣","和美鎮"
"同向擦撞","2022",3,25,16,"晴","日間自然光線",50,"直路","一般車道(未劃分快慢車道)","柏油","乾燥","良好","無號誌","行車分向線","未繪設快慢車道分隔線","有",20,"未使用",120.537488,24.109192,"彰化縣","和美鎮"
"撞橋樑、建築物","2022",3,25,16,"晴","日間自然光線",60,"直路","一般車道(未劃分快慢車道)","柏油","乾燥","良好","無號誌","中央分向島","快慢車道分隔線","有",18,"未使用",120.25805,22.770583,"高雄市","彌陀區"
"撞橋樑、建築物","2022",3,25,16,"晴","日間自然光線",60,"直路","一般車道(未劃分快慢車道)","柏油","乾燥","良好","無號誌","中央分向島","快慢車道分隔線","有",111,"",120.25805,22.770583,"高雄市","彌陀區"
"對撞","2022",3,25,19,"晴","夜間(或隧道、地下道、涵洞)有照明",50,"坡路","一般車道(未劃分快慢車道)","柏油","乾燥","良好","無號誌","雙向禁止超車線","未繪設快慢車道分隔線","有",40,"不明",120.566358,24.179571,"臺中市","龍井區"
"對撞","2022",3,25,19,"晴","夜間(或隧道、地下道、涵洞)有照明",50,"坡路","一般車道(未劃分快慢車道)","柏油","乾燥","良好","無號誌","雙向禁止超車線","未繪設快慢車道分隔線","有",23,"不明",120.566358,24.179571,"臺中市","龍井區"
"對撞","2022",3,25,19,"晴","夜間(或隧道、地下道、涵洞)有照明",50,"坡路","一般車道(未劃分快慢車道)","柏油","乾燥","良好","無號誌","雙向禁止超車線","未繪設快慢車道分隔線","有",23,"非駕駛人",120.566358,24.179571,"臺中市","龍井區"
"路口交岔撞","2022",3,26,7,"晴","日間自然光線",30,"四岔路","交叉路口內","柏油","乾燥","良好","無號誌","無","未繪設快慢車道分隔線","有",66,"不明",120.3164,22.87025,"高雄市","阿蓮區"
"路口交岔撞","2022",3,26,7,"晴","日間自然光線",30,"四岔路","交叉路口內","柏油","乾燥","良好","無號誌","無","未繪設快慢車道分隔線","有",50,"未使用",120.3164,22.87025,"高雄市","阿蓮區"
"側撞","2022",3,26,8,"陰","日間自然光線",40,"三岔路","交叉路口內","柏油","濕潤","良好","無號誌","行車分向線","未繪設快慢車道分隔線","無",51,"未使用",121.501659,25.12151,"臺北市","北投區"
"側撞","2022",3,26,8,"陰","日間自然光線",40,"三岔路","交叉路口內","柏油","濕潤","良好","無號誌","行車分向線","未繪設快慢車道分隔線","無",46,"未使用",121.501659,25.12151,"臺北市","北投區"
"撞路樹、電桿","2022",3,26,14,"晴","日間自然光線",60,"四岔路","交叉口附近","柏油","乾燥","良好","正常","無","未繪設快慢車道分隔線","有",59,"未使用",121.089902,22.784865,"臺東縣","卑南鄉"
"衝出路外","2022",3,26,22,"雨","夜間(或隧道、地下道、涵洞)有照明",60,"彎曲路及附近","一般車道(未劃分快慢車道)","柏油","濕潤","良好","無號誌","中央分向島","未繪設快慢車道分隔線","有",41,"未使用",121.206133,24.830477,"桃園市","龍潭區"
"其他","2022",3,27,19,"雨","夜間(或隧道、地下道、涵洞)有照明",50,"直路","慢車道","柏油","濕潤","良好","無號誌","雙向禁止超車線","快慢車道分隔線","無",41,"未使用",120.678858,24.204405,"臺中市","潭子區"
"其他","2022",3,27,19,"雨","夜間(或隧道、地下道、涵洞)有照明",50,"直路","慢車道","柏油","濕潤","良好","無號誌","雙向禁止超車線","快慢車道分隔線","無",73,"未使用",120.678858,24.204405,"臺中市","潭子區"
"撞交通島","2022",3,28,2,"雨","夜間(或隧道、地下道、涵洞)有照明",80,"直路","一般車道(未劃分快慢車道)","柏油","濕潤","良好","無號誌","中央分向島","未繪設快慢車道分隔線","有",19,"未使用",121.437265,24.978282,"新北市","板橋區"
"撞交通島","2022",3,28,2,"雨","夜間(或隧道、地下道、涵洞)有照明",80,"直路","一般車道(未劃分快慢車道)","柏油","濕潤","良好","無號誌","中央分向島","未繪設快慢車道分隔線","有",19,"非駕駛人",121.437265,24.978282,"新北市","板橋區"
"撞交通島","2022",3,28,2,"雨","夜間(或隧道、地下道、涵洞)有照明",80,"直路","一般車道(未劃分快慢車道)","柏油","濕潤","良好","無號誌","中央分向島","未繪設快慢車道分隔線","有",15,"非駕駛人",121.437265,24.978282,"新北市","板橋區"
"撞交通島","2022",3,28,2,"雨","夜間(或隧道、地下道、涵洞)有照明",80,"直路","一般車道(未劃分快慢車道)","柏油","濕潤","良好","無號誌","中央分向島","未繪設快慢車道分隔線","有",17,"非駕駛人",121.437265,24.978282,"新北市","板橋區"
"撞交通島","2022",3,28,2,"雨","夜間(或隧道、地下道、涵洞)有照明",80,"直路","一般車道(未劃分快慢車道)","柏油","濕潤","良好","無號誌","中央分向島","未繪設快慢車道分隔線","有",19,"非駕駛人",121.437265,24.978282,"新北市","板橋區"
"撞交通島","2022",3,29,5,"陰","夜間(或隧道、地下道、涵洞)有照明",60,"四岔路","交叉路口內","柏油","濕潤","良好","正常","無","未繪設快慢車道分隔線","無",56,"不明",120.634529,23.777821,"雲林縣","林內鄉"
"同向通行中","2022",3,29,18,"晴","夜間(或隧道、地下道、涵洞)有照明",50,"三岔路","交叉口附近","柏油","乾燥","良好","無號誌","行車分向線","未繪設快慢車道分隔線","無",52,"未使用",121.297802,24.931631,"桃園市","八德區"
"同向通行中","2022",3,29,18,"晴","夜間(或隧道、地下道、涵洞)有照明",50,"三岔路","交叉口附近","柏油","乾燥","良好","無號誌","行車分向線","未繪設快慢車道分隔線","無",27,"非駕駛人",121.297802,24.931631,"桃園市","八德區"
"同向通行中","2022",3,29,18,"晴","夜間(或隧道、地下道、涵洞)有照明",50,"三岔路","交叉口附近","柏油","乾燥","良好","無號誌","行車分向線","未繪設快慢車道分隔線","無",48,"未使用",121.297802,24.931631,"桃園市","八德區"
"同向通行中","2022",3,29,18,"晴","夜間(或隧道、地下道、涵洞)有照明",50,"三岔路","交叉口附近","柏油","乾燥","良好","無號誌","行車分向線","未繪設快慢車道分隔線","無",49,"未使用",121.297802,24.931631,"桃園市","八德區"
"同向通行中","2022",3,29,18,"晴","夜間(或隧道、地下道、涵洞)有照明",50,"三岔路","交叉口附近","柏油","乾燥","良好","無號誌","行車分向線","未繪設快慢車道分隔線","無",40,"未使用",121.297802,24.931631,"桃園市","八德區"
"同向通行中","2022",3,29,18,"晴","夜間(或隧道、地下道、涵洞)有照明",50,"三岔路","交叉口附近","柏油","乾燥","良好","無號誌","行車分向線","未繪設快慢車道分隔線","無",58,"未使用",121.297802,24.931631,"桃園市","八德區"
"同向通行中","2022",3,29,18,"晴","夜間(或隧道、地下道、涵洞)有照明",50,"三岔路","交叉口附近","柏油","乾燥","良好","無號誌","行車分向線","未繪設快慢車道分隔線","無",24,"未使用",121.297802,24.931631,"桃園市","八德區"
"其他","2022",3,29,22,"晴","夜間(或隧道、地下道、涵洞)無照明",90,"直路","快車道","柏油","乾燥","良好","無號誌","中央分向島","未繪設快慢車道分隔線","有",71,"非駕駛人",120.446736,24.142386,"彰化縣","線西鄉"
"其他","2022",3,29,22,"晴","夜間(或隧道、地下道、涵洞)無照明",90,"直路","快車道","柏油","乾燥","良好","無號誌","中央分向島","未繪設快慢車道分隔線","有",53,"不明",120.446736,24.142386,"彰化縣","線西鄉"
"撞橋樑、建築物","2022",3,30,0,"晴","夜間(或隧道、地下道、涵洞)有照明",50,"三岔路","交叉路口內","柏油","乾燥","良好","正常","無","未繪設快慢車道分隔線","無",36,"不明",120.65662,24.251015,"臺中市","神岡區"
"同向通行中","2022",3,30,2,"晴","夜間(或隧道、地下道、涵洞)有照明",40,"直路","機車專用道","柏油","乾燥","良好","無號誌","雙向禁止超車線","未繪設快慢車道分隔線","有",73,"未使用",121.467731,25.006527,"新北市","板橋區"
"同向通行中","2022",3,30,2,"晴","夜間(或隧道、地下道、涵洞)有照明",40,"直路","機車專用道","柏油","乾燥","良好","無號誌","雙向禁止超車線","未繪設快慢車道分隔線","有",70,"非駕駛人",121.467731,25.006527,"新北市","板橋區"
"路口交岔撞","2022",3,30,14,"晴","日間自然光線",50,"四岔路","交叉路口內","柏油","乾燥","良好","正常","行車分向線","未繪設快慢車道分隔線","有",37,"不明",120.519458,23.824788,"彰化縣","溪州鄉"
"路口交岔撞","2022",3,30,14,"晴","日間自然光線",50,"四岔路","交叉路口內","柏油","乾燥","良好","正常","行車分向線","未繪設快慢車道分隔線","有",83,"不明",120.519458,23.824788,"彰化縣","溪州鄉"
"側撞","2022",3,30,17,"晴","日間自然光線",60,"四岔路","交叉路口內","柏油","乾燥","良好","正常","無","未繪設快慢車道分隔線","無",68,"未使用",120.218583,23.054513,"臺南市","南區"
"側撞","2022",3,30,17,"晴","日間自然光線",60,"四岔路","交叉路口內","柏油","乾燥","良好","正常","無","未繪設快慢車道分隔線","無",42,"未使用",120.218583,23.054513,"臺南市","南區"
"側撞","2022",3,31,8,"晴","日間自然光線",50,"四岔路","交叉路口內","柏油","乾燥","良好","無號誌","行車分向線","未繪設快慢車道分隔線","有",39,"不明",120.601053,22.366917,"屏東縣","枋寮鄉"
"側撞","2022",3,31,8,"晴","日間自然光線",50,"四岔路","交叉路口內","柏油","乾燥","良好","無號誌","行車分向線","未繪設快慢車道分隔線","有",45,"不明",120.601053,22.366917,"屏東縣","枋寮鄉"
"側撞","2022",3,31,8,"晴","日間自然光線",50,"四岔路","交叉路口內","柏油","乾燥","良好","無號誌","行車分向線","未繪設快慢車道分隔線","有",52,"非駕駛人",120.601053,22.366917,"屏東縣","枋寮鄉"
"側撞","2022",3,31,10,"晴","日間自然光線",50,"直路","一般車道(未劃分快慢車道)","柏油","乾燥","良好","正常","中央分向島","未繪設快慢車道分隔線","無",57,"未使用",121.452096,25.12867,"新北市","八里區"
"側撞","2022",3,31,10,"晴","日間自然光線",50,"直路","一般車道(未劃分快慢車道)","柏油","乾燥","良好","正常","中央分向島","未繪設快慢車道分隔線","無",79,"未使用",121.452096,25.12867,"新北市","八里區"
"其他","2022",3,31,10,"晴","日間自然光線",60,"直路","快車道","柏油","乾燥","良好","無號誌","中央分向島","快慢車道分隔線","有",40,"未使用",120.492555,22.652069,"屏東縣","屏東市"
"其他","2022",3,31,10,"晴","日間自然光線",60,"直路","快車道","柏油","乾燥","良好","無號誌","中央分向島","快慢車道分隔線","有",47,"未使用",120.492555,22.652069,"屏東縣","屏東市"
"撞交通島","2022",3,31,11,"晴","日間自然光線",40,"直路","交通島(含槽化線)","柏油","乾燥","良好","無號誌","中央分向島","快慢車道分隔線","有",87,"未使用",120.184294,22.982289,"臺南市","安平區"
"撞交通島","2022",3,31,11,"晴","日間自然光線",40,"直路","交通島(含槽化線)","柏油","乾燥","良好","無號誌","中央分向島","快慢車道分隔線","有",82,"未使用",120.184294,22.982289,"臺南市","安平區"
"路口交岔撞","2022",3,31,13,"晴","日間自然光線",50,"四岔路","交叉路口內","柏油","乾燥","良好","正常","雙向禁止超車線","未繪設快慢車道分隔線","有",70,"未使用",120.534022,22.885865,"高雄市","美濃區"
"路口交岔撞","2022",3,31,13,"晴","日間自然光線",50,"四岔路","交叉路口內","柏油","乾燥","良好","正常","雙向禁止超車線","未繪設快慢車道分隔線","有",40,"未使用",120.534022,22.885865,"高雄市","美濃區"
"路口交岔撞","2022",3,31,17,"晴","日間自然光線",50,"四岔路","交叉路口內","柏油","乾燥","良好","無號誌","無","未繪設快慢車道分隔線","無",71,"未使用",120.723538,24.171629,"臺中市","北屯區"
"路口交岔撞","2022",3,31,17,"晴","日間自然光線",50,"四岔路","交叉路口內","柏油","乾燥","良好","無號誌","無","未繪設快慢車道分隔線","無",28,"未使用",120.723538,24.171629,"臺中市","北屯區"
"側撞","2022",4,1,6,"晴","日間自然光線",50,"四岔路","交叉路口內","柏油","乾燥","良好","正常","雙向禁止超車線","快慢車道分隔線","有",54,"未使用",120.472759,22.486537,"屏東縣","東港鎮"
"側撞","2022",4,1,6,"晴","日間自然光線",50,"四岔路","交叉路口內","柏油","乾燥","良好","正常","雙向禁止超車線","快慢車道分隔線","有",24,"未使用",120.472759,22.486537,"屏東縣","東港鎮"
"撞號誌、標誌桿","2022",4,1,18,"晴","日間自然光線",60,"直路","慢車道","柏油","乾燥","良好","無號誌","雙向禁止超車線","快慢車道分隔線","有",18,"未使用",120.771901,21.952667,"屏東縣","恆春鎮"
"路口交岔撞","2022",4,1,18,"晴","夜間(或隧道、地下道、涵洞)有照明",50,"四岔路","交叉路口內","柏油","乾燥","良好","正常","無","未繪設快慢車道分隔線","無",55,"未使用",120.436107,23.484805,"嘉義市","西區"
"路口交岔撞","2022",4,1,18,"晴","夜間(或隧道、地下道、涵洞)有照明",50,"四岔路","交叉路口內","柏油","乾燥","良好","正常","無","未繪設快慢車道分隔線","無",58,"未使用",120.436107,23.484805,"嘉義市","西區"
"路口交岔撞","2022",4,1,18,"晴","夜間(或隧道、地下道、涵洞)有照明",50,"四岔路","交叉路口內","柏油","乾燥","良好","正常","無","未繪設快慢車道分隔線","無",54,"未使用",120.436107,23.484805,"嘉義市","西區"
"路口交岔撞","2022",4,1,20,"晴","夜間(或隧道、地下道、涵洞)有照明",60,"三岔路","交叉路口內","柏油","乾燥","良好","正常","雙向禁止超車線","快慢車道分隔線","有",57,"未使用",120.470788,22.484601,"屏東縣","東港鎮"
"路口交岔撞","2022",4,1,20,"晴","夜間(或隧道、地下道、涵洞)有照明",60,"三岔路","交叉路口內","柏油","乾燥","良好","正常","雙向禁止超車線","快慢車道分隔線","有",35,"未使用",120.470788,22.484601,"屏東縣","東港鎮"
"路口交岔撞","2022",4,1,20,"晴","夜間(或隧道、地下道、涵洞)有照明",60,"三岔路","交叉路口內","柏油","乾燥","良好","正常","雙向禁止超車線","快慢車道分隔線","有",22,"非駕駛人",120.470788,22.484601,"屏東縣","東港鎮"
"路口交岔撞","2022",4,1,20,"晴","夜間(或隧道、地下道、涵洞)有照明",60,"三岔路","交叉路口內","柏油","乾燥","良好","正常","雙向禁止超車線","快慢車道分隔線","有",62,"非駕駛人",120.470788,22.484601,"屏東縣","東港鎮"
"路口交岔撞","2022",4,1,20,"晴","夜間(或隧道、地下道、涵洞)有照明",60,"三岔路","交叉路口內","柏油","乾燥","良好","正常","雙向禁止超車線","快慢車道分隔線","有",3,"非駕駛人",120.470788,22.484601,"屏東縣","東港鎮"
"撞護欄(樁)","2022",4,2,11,"雨","日間自然光線",40,"彎曲路及附近","一般車道(未劃分快慢車道)","柏油","濕潤","良好","無號誌","雙向禁止超車線","未繪設快慢車道分隔線","有",60,"未使用",121.310085,25.055441,"桃園市","蘆竹區"
"撞護欄(樁)","2022",4,2,11,"雨","日間自然光線",40,"彎曲路及附近","一般車道(未劃分快慢車道)","柏油","濕潤","良好","無號誌","雙向禁止超車線","未繪設快慢車道分隔線","有",32,"未使用",121.310085,25.055441,"桃園市","蘆竹區"
"側撞","2022",4,2,18,"雨","夜間(或隧道、地下道、涵洞)有照明",50,"四岔路","交叉路口內","柏油","濕潤","良好","正常","無","未繪設快慢車道分隔線","無",79,"未使用",121.303024,25.013442,"桃園市","桃園區"
"側撞","2022",4,2,18,"雨","夜間(或隧道、地下道、涵洞)有照明",50,"四岔路","交叉路口內","柏油","濕潤","良好","正常","無","未繪設快慢車道分隔線","無",24,"不明",121.303024,25.013442,"桃園市","桃園區"
"其他","2022",4,2,20,"雨","夜間(或隧道、地下道、涵洞)有照明",60,"直路","一般車道(未劃分快慢車道)","柏油","濕潤","良好","無號誌","雙向禁止超車線","未繪設快慢車道分隔線","有",43,"不明",120.383056,23.953481,"彰化縣","芳苑鄉"
"其他","2022",4,2,20,"雨","夜間(或隧道、地下道、涵洞)有照明",60,"直路","一般車道(未劃分快慢車道)","柏油","濕潤","良好","無號誌","雙向禁止超車線","未繪設快慢車道分隔線","有",30,"不明",120.383056,23.953481,"彰化縣","芳苑鄉"
"其他","2022",4,2,20,"雨","夜間(或隧道、地下道、涵洞)有照明",60,"直路","一般車道(未劃分快慢車道)","柏油","濕潤","良好","無號誌","雙向禁止超車線","未繪設快慢車道分隔線","有",29,"不明",120.383056,23.953481,"彰化縣","芳苑鄉"
"穿越道路中","2022",4,2,23,"雨","夜間(或隧道、地下道、涵洞)有照明",50,"直路","一般車道(未劃分快慢車道)","柏油","濕潤","良好","無號誌","雙向禁止超車線","未繪設快慢車道分隔線","有",80,"非駕駛人",121.47001,25.049169,"新北市","三重區"
"穿越道路中","2022",4,2,23,"雨","夜間(或隧道、地下道、涵洞)有照明",50,"直路","一般車道(未劃分快慢車道)","柏油","濕潤","良好","無號誌","雙向禁止超車線","未繪設快慢車道分隔線","有",24,"未使用",121.47001,25.049169,"新北市","三重區"
"撞護欄(樁)","2022",4,3,1,"雨","夜間(或隧道、地下道、涵洞)有照明",90,"直路","直線匝道","柏油","濕潤","良好","無號誌","中央分向島","未繪設快慢車道分隔線","有",43,"不明",121.209409,24.928406,"桃園市","平鎮區"
"撞護欄(樁)","2022",4,3,1,"雨","夜間(或隧道、地下道、涵洞)有照明",90,"直路","直線匝道","柏油","濕潤","良好","無號誌","中央分向島","未繪設快慢車道分隔線","有",11,"不明",121.209409,24.928406,"桃園市","平鎮區"
"撞橋樑、建築物","2022",4,3,4,"雨","夜間(或隧道、地下道、涵洞)有照明",50,"直路","路肩、路緣","柏油","濕潤","良好","無號誌","無","未繪設快慢車道分隔線","無",71,"未使用",121.582671,23.952284,"花蓮縣","吉安鄉"
"穿越道路中","2022",4,3,18,"晴","夜間(或隧道、地下道、涵洞)有照明",60,"三岔路","交叉路口內","柏油","乾燥","良好","無號誌","中央分向島","未繪設快慢車道分隔線","有",24,"未使用",121.481488,25.009349,"新北市","金山區"
"穿越道路中","2022",4,3,18,"晴","夜間(或隧道、地下道、涵洞)有照明",60,"三岔路","交叉路口內","柏油","乾燥","良好","無號誌","中央分向島","未繪設快慢車道分隔線","有",62,"非駕駛人",121.481488,25.009349,"新北市","金山區"
"撞路樹、電桿","2022",4,3,20,"晴","夜間(或隧道、地下道、涵洞)有照明",40,"直路","一般車道(未劃分快慢車道)","柏油","乾燥","良好","無號誌","無","未繪設快慢車道分隔線","有",24,"未使用",120.43921,24.021963,"彰化縣","埔鹽鄉"
"側撞","2022",4,3,22,"晴","夜間(或隧道、地下道、涵洞)有照明",70,"四岔路","交叉路口內","柏油","乾燥","良好","正常","中央分向島","快慢車道分隔線","有",36,"未使用",120.272798,22.973302,"臺南市","歸仁區"
"側撞","2022",4,3,22,"晴","夜間(或隧道、地下道、涵洞)有照明",70,"四岔路","交叉路口內","柏油","乾燥","良好","正常","中央分向島","快慢車道分隔線","有",22,"未使用",120.272798,22.973302,"臺南市","歸仁區"
"撞路樹、電桿","2022",4,4,6,"晴","日間自然光線",40,"直路","路肩、路緣","柏油","乾燥","良好","無號誌","無","未繪設快慢車道分隔線","有",25,"不明",121.271942,24.919473,"桃園市","大溪區"
"路口交岔撞","2022",4,4,11,"晴","日間自然光線",30,"四岔路","交叉路口內","柏油","乾燥","良好","正常","無","未繪設快慢車道分隔線","無",85,"不明",120.393062,23.707974,"雲林縣","虎尾鎮"
"路口交岔撞","2022",4,4,11,"晴","日間自然光線",30,"四岔路","交叉路口內","柏油","乾燥","良好","正常","無","未繪設快慢車道分隔線","無",33,"未使用",120.393062,23.707974,"雲林縣","虎尾鎮"
"側撞","2022",4,4,14,"晴","日間自然光線",40,"四岔路","交叉路口內","柏油","乾燥","良好","無號誌","雙向禁止超車線","快慢車道分隔線","有",63,"未使用",120.512768,22.666259,"屏東縣","長治鄉"
"側撞","2022",4,4,14,"晴","日間自然光線",40,"四岔路","交叉路口內","柏油","乾燥","良好","無號誌","雙向禁止超車線","快慢車道分隔線","有",21,"未使用",120.512768,22.666259,"屏東縣","長治鄉"
"側撞","2022",4,4,14,"晴","日間自然光線",40,"四岔路","交叉路口內","柏油","乾燥","良好","無號誌","雙向禁止超車線","快慢車道分隔線","有",45,"未使用",120.512768,22.666259,"屏東縣","長治鄉"
"撞交通島","2022",4,4,23,"陰","夜間(或隧道、地下道、涵洞)有照明",50,"直路","一般車道(未劃分快慢車道)","柏油","乾燥","良好","無號誌","中央分向島","未繪設快慢車道分隔線","無",26,"不明",121.457125,25.036989,"新北市","新莊區"
"撞交通島","2022",4,4,23,"陰","夜間(或隧道、地下道、涵洞)有照明",50,"直路","一般車道(未劃分快慢車道)","柏油","乾燥","良好","無號誌","中央分向島","未繪設快慢車道分隔線","無",26,"非駕駛人",121.457125,25.036989,"新北市","新莊區"
"穿越道路中","2022",4,5,5,"晴","晨或暮光",50,"多岔路","交叉路口內","柏油","乾燥","良好","正常","無","未繪設快慢車道分隔線","無",53,"未使用",120.551301,23.705144,"雲林縣","斗六市"
"穿越道路中","2022",4,5,5,"晴","晨或暮光",50,"多岔路","交叉路口內","柏油","乾燥","良好","正常","無","未繪設快慢車道分隔線","無",83,"非駕駛人",120.551301,23.705144,"雲林縣","斗六市"
"路口交岔撞","2022",4,5,12,"晴","日間自然光線",30,"四岔路","交叉路口內","柏油","乾燥","良好","無號誌","無","未繪設快慢車道分隔線","無",41,"未使用",120.505666,24.026874,"彰化縣","秀水鄉"
"路口交岔撞","2022",4,5,12,"晴","日間自然光線",30,"四岔路","交叉路口內","柏油","乾燥","良好","無號誌","無","未繪設快慢車道分隔線","無",41,"未使用",120.505666,24.026874,"彰化縣","秀水鄉"
"衝出路外","2022",4,5,16,"晴","日間自然光線",30,"直路","一般車道(未劃分快慢車道)","柏油","乾燥","良好","無號誌","雙向禁止超車線","未繪設快慢車道分隔線","有",29,"未使用",120.817777,24.086944,"臺中市","太平區"
"其他","2022",4,5,23,"晴","夜間(或隧道、地下道、涵洞)無照明",90,"直路","快車道","柏油","乾燥","良好","無號誌","中央分向島","未繪設快慢車道分隔線","有",22,"不明",120.18633,23.544064,"雲林縣","口湖鄉"
"其他","2022",4,5,23,"晴","夜間(或隧道、地下道、涵洞)無照明",90,"直路","快車道","柏油","乾燥","良好","無號誌","中央分向島","未繪設快慢車道分隔線","有",54,"未使用",120.18633,23.544064,"雲林縣","口湖鄉"
"其他","2022",4,5,23,"晴","夜間(或隧道、地下道、涵洞)無照明",90,"直路","快車道","柏油","乾燥","良好","無號誌","中央分向島","未繪設快慢車道分隔線","有",58,"未使用",120.18633,23.544064,"雲林縣","口湖鄉"
"其他","2022",4,5,23,"晴","夜間(或隧道、地下道、涵洞)無照明",90,"直路","快車道","柏油","乾燥","良好","無號誌","中央分向島","未繪設快慢車道分隔線","有",22,"未使用",120.18633,23.544064,"雲林縣","口湖鄉"
"其他","2022",4,5,23,"晴","夜間(或隧道、地下道、涵洞)無照明",90,"直路","快車道","柏油","乾燥","良好","無號誌","中央分向島","未繪設快慢車道分隔線","有",31,"未使用",120.18633,23.544064,"雲林縣","口湖鄉"
"穿越道路中","2022",4,6,9,"晴","日間自然光線",50,"直路","一般車道(未劃分快慢車道)","柏油","乾燥","良好","無號誌","雙向禁止超車線","未繪設快慢車道分隔線","有",52,"未使用",121.782855,24.712561,"宜蘭縣","五結鄉"
"穿越道路中","2022",4,6,9,"晴","日間自然光線",50,"直路","一般車道(未劃分快慢車道)","柏油","乾燥","良好","無號誌","雙向禁止超車線","未繪設快慢車道分隔線","有",53,"未使用",121.782855,24.712561,"宜蘭縣","五結鄉"
"其他","2022",4,6,11,"晴","日間自然光線",50,"四岔路","交叉路口內","柏油","乾燥","良好","無號誌","無","未繪設快慢車道分隔線","無",68,"未使用",119.634516,23.560593,"澎湖縣","湖西鄉"
"其他","2022",4,6,11,"晴","日間自然光線",50,"四岔路","交叉路口內","柏油","乾燥","良好","無號誌","無","未繪設快慢車道分隔線","無",66,"未使用",119.634516,23.560593,"澎湖縣","湖西鄉"
"其他","2022",4,7,9,"晴","日間自然光線",50,"直路","一般車道(未劃分快慢車道)","柏油","乾燥","良好","無號誌","行車分向線","未繪設快慢車道分隔線","有",82,"不明",120.361859,23.891674,"彰化縣","二林鎮"
"其他","2022",4,7,9,"晴","日間自然光線",50,"直路","一般車道(未劃分快慢車道)","柏油","乾燥","良好","無號誌","行車分向線","未繪設快慢車道分隔線","有",23,"不明",120.361859,23.891674,"彰化縣","二林鎮"
"其他","2022",4,7,9,"晴","日間自然光線",50,"直路","一般車道(未劃分快慢車道)","柏油","乾燥","良好","無號誌","行車分向線","未繪設快慢車道分隔線","有",24,"不明",120.361859,23.891674,"彰化縣","二林鎮"
"撞路樹、電桿","2022",4,7,9,"晴","日間自然光線",50,"直路","路肩、路緣","柏油","乾燥","良好","無號誌","行車分向線","未繪設快慢車道分隔線","有",54,"不明",120.08833,23.046675,"臺南市","南區"
"其他","2022",4,7,18,"晴","夜間(或隧道、地下道、涵洞)無照明",50,"直路","一般車道(未劃分快慢車道)","柏油","乾燥","良好","無號誌","行車分向線","未繪設快慢車道分隔線","有",75,"不明",120.193566,23.722971,"雲林縣","臺西鄉"
"側撞","2022",4,7,22,"晴","夜間(或隧道、地下道、涵洞)有照明",50,"三岔路","交叉路口內","柏油","乾燥","良好","無號誌","無","未繪設快慢車道分隔線","無",62,"未使用",121.197781,24.887171,"桃園市","龍潭區"
"側撞","2022",4,7,22,"晴","夜間(或隧道、地下道、涵洞)有照明",50,"三岔路","交叉路口內","柏油","乾燥","良好","無號誌","無","未繪設快慢車道分隔線","無",22,"不明",121.197781,24.887171,"桃園市","龍潭區"
"側撞","2022",4,8,5,"晴","夜間(或隧道、地下道、涵洞)有照明",50,"直路","一般車道(未劃分快慢車道)","柏油","乾燥","良好","無號誌","雙向禁止超車線","未繪設快慢車道分隔線","有",72,"未使用",120.21243,23.03288,"臺南市","南區"
"側撞","2022",4,8,5,"晴","夜間(或隧道、地下道、涵洞)有照明",50,"直路","一般車道(未劃分快慢車道)","柏油","乾燥","良好","無號誌","雙向禁止超車線","未繪設快慢車道分隔線","有",18,"未使用",120.21243,23.03288,"臺南市","南區"
"追撞","2022",4,8,8,"晴","日間自然光線",50,"直路","快車道","柏油","乾燥","良好","正常","行車分向線","未繪設快慢車道分隔線","有",58,"非駕駛人",120.482505,23.685843,"雲林縣","斗南鎮"
"追撞","2022",4,8,8,"晴","日間自然光線",50,"直路","快車道","柏油","乾燥","良好","正常","行車分向線","未繪設快慢車道分隔線","有",45,"未使用",120.482505,23.685843,"雲林縣","斗南鎮"
"同向擦撞","2022",4,8,8,"晴","日間自然光線",30,"直路","一般車道(未劃分快慢車道)","柏油","乾燥","良好","無號誌","無","未繪設快慢車道分隔線","有",44,"未使用",121.17031,25.018556,"桃園市","中壢區"
"同向擦撞","2022",4,8,8,"晴","日間自然光線",30,"直路","一般車道(未劃分快慢車道)","柏油","乾燥","良好","無號誌","無","未繪設快慢車道分隔線","有",62,"未使用",121.17031,25.018556,"桃園市","中壢區"