"事故類型及型態子類別名稱","發生年度","發生月份","發生日期","發生時間","天候名稱","光線名稱","速限.第1當事者","道路型態子類別名稱","事故位置子類別名稱","路面狀況.路面鋪裝名稱","路面狀況.路面狀態名稱","道路障礙.視距品質名稱","號誌.號誌動作名稱","車道劃分設施.分向設施大類別名稱","車道劃分設施.分道設施.快慢車道間名稱","車道劃分設施.分道設施.路面邊線名稱","當事者事故發生時年齡","行動電話或電腦或其他相類功能裝置名稱","經度","緯度","縣市","鄉鎮"
"路口交岔撞","2022",4,8,9,"晴","日間自然光線",50,"四岔路","交叉路口內","柏油","乾燥","良好","無號誌","無","未繪設快慢車道分隔線","無",55,"未使用",120.618579,24.367622,"臺中市","大甲區"
"路口交岔撞","2022",4,8,9,"晴","日間自然光線",50,"四岔路","交叉路口內","柏油","乾燥","良好","無號誌","無","未繪設快慢車道分隔線","無",37,"未使用",120.618579,24.367622,"臺中市","大甲區"
"路口交岔撞","2022",4,8,9,"雨","日間自然光線",30,"四岔路","交叉路口內","柏油","濕潤","良好","無號誌","無","未繪設快慢車道分隔線","有",63,"未使用",121.711046,24.692451,"宜蘭縣","三星鄉"
"路口交岔撞","2022",4,8,9,"雨","日間自然光線",30,"四岔路","交叉路口內","柏油","濕潤","良好","無號誌","無","未繪設快慢車道分隔線","有",35,"未使用",121.711046,24.692451,"宜蘭縣","三星鄉"
"對向擦撞","2022",4,8,14,"晴","日間自然光線",40,"直路","機車專用道","柏油","乾燥","良好","無號誌","單向禁止超車線","未繪設快慢車道分隔線","有",21,"未使用",121.467731,25.006527,"新北市","板橋區"
"對向擦撞","2022",4,8,14,"晴","日間自然光線",40,"直路","機車專用道","柏油","乾燥","良好","無號誌","單向禁止超車線","未繪設快慢車道分隔線","有",79,"非駕駛人",121.467731,25.006527,"新北市","板橋區"
"對向擦撞","2022",4,8,14,"晴","日間自然光線",40,"直路","機車專用道","柏油","乾燥","良好","無號誌","單向禁止超車線","未繪設快慢車道分隔線","有",21,"非駕駛人",121.467731,25.006527,"新北市","板橋區"
"追撞","2022",4,9,5,"晴","晨或暮光",40,"直路","一般車道(未劃分快慢車道)","柏油","乾燥","良好","無號誌","雙向禁止超車線","未繪設快慢車道分隔線","有",60,"未使用",120.461237,23.813311,"雲林縣","西螺鎮"
"追撞","2022",4,9,5,"晴","晨或暮光",40,"直路","一般車道(未劃分快慢車道)","柏油","乾燥","良好","無號誌","雙向禁止超車線","未繪設快慢車道分隔線","有",69,"不明",120.461237,23.813311,"雲林縣","西螺鎮"
"撞路樹、電桿","2022",4,10,2,"晴","夜間(或隧道、地下道、涵洞)有照明",60,"直路","人行道","柏油","乾燥","良好","無號誌","中央分向島","快慢車道分隔線","有",18,"未使用",120.251406,22.781934,"高雄市","彌陀區"
"撞路樹、電桿","2022",4,10,2,"晴","夜間(或隧道、地下道、涵洞)有照明",60,"直路","人行道","柏油","乾燥","良好","無號誌","中央分向島","快慢車道分隔線","有",111,"",120.251406,22.781934,"高雄市","彌陀區"
"撞路樹、電桿","2022",4,10,2,"晴","夜間(或隧道、地下道、涵洞)有照明",60,"直路","人行道","柏油","乾燥","良好","無號誌","中央分向島","快慢車道分隔線","有",51,"不明",120.251406,22.781934,"高雄市","彌陀區"
"其他","2022",4,10,16,"晴","日間自然光線",50,"彎曲路及附近","一般車道(未劃分快慢車道)","柏油","乾燥","良好","無號誌","雙向禁止超車線","未繪設快慢車道分隔線","無",30,"不明",120.746151,24.190791,"臺中市","北屯區"
"其他","2022",4,10,16,"晴","日間自然光線",50,"彎曲路及附近","一般車道(未劃分快慢車道)","柏油","乾燥","良好","無號誌","雙向禁止超車線","未繪設快慢車道分隔線","無",51,"不明",120.746151,24.190791,"臺中市","北屯區"
"側撞","2022",4,10,19,"晴","夜間(或隧道、地下道、涵洞)有照明",60,"四岔路","交叉路口內","柏油","乾燥","良好","正常","無","未繪設快慢車道分隔線","無",80,"不明",121.771897,24.740437,"宜蘭縣","宜蘭市"
"側撞","2022",4,10,19,"晴","夜間(或隧道、地下道、涵洞)有照明",60,"四岔路","交叉路口內","柏油","乾燥","良好","正常","無","未繪設快慢車道分隔線","無",74,"未使用",121.771897,24.740437,"宜蘭縣","宜蘭市"
"對向擦撞","2022",4,10,22,"晴","夜間(或隧道、地下道、涵洞)有照明",60,"三岔路","交叉口附近","柏油","乾燥","良好","正常","無","未繪設快慢車道分隔線","有",25,"未使用",120.4564,22.92737,"高雄市","內門區"
"對向擦撞","2022",4,10,22,"晴","夜間(或隧道、地下道、涵洞)有照明",60,"三岔路","交叉口附近","柏油","乾燥","良好","正常","無","未繪設快慢車道分隔線","有",53,"未使用",120.4564,22.92737,"高雄市","內門區"
"對向擦撞","2022",4,10,22,"晴","夜間(或隧道、地下道、涵洞)有照明",60,"三岔路","交叉口附近","柏油","乾燥","良好","正常","無","未繪設快慢車道分隔線","有",54,"非駕駛人",120.4564,22.92737,"高雄市","內門區"
"撞路樹、電桿","2022",4,11,5,"晴","日間自然光線",50,"彎曲路及附近","路肩、路緣","柏油","乾燥","良好","無號誌","雙向禁止超車線","未繪設快慢車道分隔線","有",47,"未使用",120.251,22.85346,"高雄市","路竹區"
"撞路樹、電桿","2022",4,11,5,"晴","日間自然光線",50,"彎曲路及附近","路肩、路緣","柏油","乾燥","良好","無號誌","雙向禁止超車線","未繪設快慢車道分隔線","有",111,"",120.251,22.85346,"高雄市","路竹區"
"側撞","2022",4,11,8,"晴","日間自然光線",40,"直路","一般車道(未劃分快慢車道)","柏油","乾燥","良好","無號誌","雙向禁止超車線","快慢車道分隔線","有",78,"未使用",120.35391,23.586531,"嘉義縣","新港鄉"
"側撞","2022",4,11,8,"晴","日間自然光線",40,"直路","一般車道(未劃分快慢車道)","柏油","乾燥","良好","無號誌","雙向禁止超車線","快慢車道分隔線","有",23,"未使用",120.35391,23.586531,"嘉義縣","新港鄉"
"側撞","2022",4,11,8,"晴","日間自然光線",40,"直路","一般車道(未劃分快慢車道)","柏油","乾燥","良好","無號誌","雙向禁止超車線","快慢車道分隔線","有",46,"不明",120.35391,23.586531,"嘉義縣","新港鄉"
"側撞","2022",4,11,8,"晴","日間自然光線",40,"直路","一般車道(未劃分快慢車道)","柏油","乾燥","良好","無號誌","雙向禁止超車線","快慢車道分隔線","有",67,"非駕駛人",120.35391,23.586531,"嘉義縣","新港鄉"
"路口交岔撞","2022",4,11,21,"晴","夜間(或隧道、地下道、涵洞)有照明",50,"三岔路","交叉路口內","柏油","乾燥","良好","無號誌","無","未繪設快慢車道分隔線","無",53,"未使用",120.284956,22.639266,"高雄市","三民區"
"路口交岔撞","2022",4,11,21,"晴","夜間(或隧道、地下道、涵洞)有照明",50,"三岔路","交叉路口內","柏油","乾燥","良好","無號誌","無","未繪設快慢車道分隔線","無",18,"未使用",120.284956,22.639266,"高雄市","三民區"
"側撞","2022",4,12,11,"晴","日間自然光線",50,"三岔路","交叉口附近","柏油","乾燥","良好","正常","中央分向島","未繪設快慢車道分隔線","有",62,"未使用",121.459908,25.138057,"新北市","淡水區"
"側撞","2022",4,12,11,"晴","日間自然光線",50,"三岔路","交叉口附近","柏油","乾燥","良好","正常","中央分向島","未繪設快慢車道分隔線","有",41,"未使用",121.459908,25.138057,"新北市","淡水區"
"側撞","2022",4,12,13,"晴","日間自然光線",50,"四岔路","交叉路口內","柏油","乾燥","良好","正常","無","未繪設快慢車道分隔線","無",43,"未使用",121.382562,25.047032,"桃園市","龜山區"
"側撞","2022",4,12,13,"晴","日間自然光線",50,"四岔路","交叉路口內","柏油","乾燥","良好","正常","無","未繪設快慢車道分隔線","無",66,"未使用",121.382562,25.047032,"桃園市","龜山區"
"穿越道路中","2022",4,12,23,"晴","夜間(或隧道、地下道、涵洞)有照明",60,"四岔路","交叉口附近","柏油","乾燥","良好","正常","無","未繪設快慢車道分隔線","無",21,"未使用",120.705022,24.207144,"臺中市","潭子區"
"穿越道路中","2022",4,12,23,"晴","夜間(或隧道、地下道、涵洞)有照明",60,"四岔路","交叉口附近","柏油","乾燥","良好","正常","無","未繪設快慢車道分隔線","無",55,"非駕駛人",120.705022,24.207144,"臺中市","潭子區"
"追撞","2022",4,13,10,"晴","日間自然光線",50,"四岔路","交叉路口內","柏油","乾燥","良好","正常","無","未繪設快慢車道分隔線","無",75,"未使用",121.242241,25.107848,"桃園市","大園區"
"追撞","2022",4,13,10,"晴","日間自然光線",50,"四岔路","交叉路口內","柏油","乾燥","良好","正常","無","未繪設快慢車道分隔線","無",35,"不明",121.242241,25.107848,"桃園市","大園區"
"追撞","2022",4,13,10,"晴","日間自然光線",50,"四岔路","交叉路口內","柏油","乾燥","良好","正常","無","未繪設快慢車道分隔線","無",33,"不明",121.242241,25.107848,"桃園市","大園區"
"追撞","2022",4,13,10,"晴","日間自然光線",50,"四岔路","交叉路口內","柏油","乾燥","良好","正常","無","未繪設快慢車道分隔線","無",38,"不明",121.242241,25.107848,"桃園市","大園區"
"穿越道路中","2022",4,13,19,"晴","夜間(或隧道、地下道、涵洞)有照明",60,"直路","快車道","柏油","乾燥","不良","無號誌","中央分向島","快慢車道分隔線","有",55,"非駕駛人",120.927458,24.824712,"新竹市","北區"
"穿越道路中","2022",4,13,19,"晴","夜間(或隧道、地下道、涵洞)有照明",60,"直路","快車道","柏油","乾燥","不良","無號誌","中央分向島","快慢車道分隔線","有",25,"不明",120.927458,24.824712,"新竹市","北區"
"穿越道路中","2022",4,14,5,"晴","晨或暮光",50,"直路","一般車道(未劃分快慢車道)","柏油","乾燥","良好","無號誌","雙向禁止超車線","未繪設快慢車道分隔線","無",74,"非駕駛人",121.530691,24.974169,"新北市","新店區"
"穿越道路中","2022",4,14,5,"晴","晨或暮光",50,"直路","一般車道(未劃分快慢車道)","柏油","乾燥","良好","無號誌","雙向禁止超車線","未繪設快慢車道分隔線","無",80,"未使用",121.530691,24.974169,"新北市","新店區"
"撞護欄(樁)","2022",4,14,7,"晴","日間自然光線",50,"直路","路肩、路緣","柏油","乾燥","良好","無號誌","中央分向島","窄式快慢車道分隔島(無柵欄)","無",22,"未使用",120.288439,23.05315,"臺南市","新化區"
"其他","2022",4,14,13,"晴","日間自然光線",30,"四岔路","交叉路口內","柏油","乾燥","良好","無號誌","無","快慢車道分隔線","有",42,"不明",120.318384,23.593785,"雲林縣","北港鎮"
"其他","2022",4,14,13,"晴","日間自然光線",30,"四岔路","交叉路口內","柏油","乾燥","良好","無號誌","無","快慢車道分隔線","有",20,"不明",120.318384,23.593785,"雲林縣","北港鎮"
"側撞","2022",4,14,13,"晴","日間自然光線",50,"四岔路","交叉路口內","柏油","乾燥","良好","正常","中央分向島","未繪設快慢車道分隔線","無",26,"未使用",120.674848,24.161665,"臺中市","北區"
"側撞","2022",4,14,13,"晴","日間自然光線",50,"四岔路","交叉路口內","柏油","乾燥","良好","正常","中央分向島","未繪設快慢車道分隔線","無",77,"未使用",120.674848,24.161665,"臺中市","北區"
"側撞","2022",4,14,14,"晴","日間自然光線",50,"三岔路","交叉路口內","柏油","乾燥","良好","正常","中央分向島","未繪設快慢車道分隔線","有",53,"未使用",120.604502,24.080678,"彰化縣","彰化市"
"側撞","2022",4,14,14,"晴","日間自然光線",50,"三岔路","交叉路口內","柏油","乾燥","良好","正常","中央分向島","未繪設快慢車道分隔線","有",72,"未使用",120.604502,24.080678,"彰化縣","彰化市"
"路上翻車、摔倒","2022",4,14,14,"陰","日間自然光線",50,"直路","一般車道(未劃分快慢車道)","柏油","乾燥","良好","無號誌","中央分向島","未繪設快慢車道分隔線","有",73,"未使用",121.463636,25.014331,"新北市","板橋區"
"路上翻車、摔倒","2022",4,14,14,"陰","日間自然光線",50,"直路","一般車道(未劃分快慢車道)","柏油","乾燥","良好","無號誌","中央分向島","未繪設快慢車道分隔線","有",70,"非駕駛人",121.463636,25.014331,"新北市","板橋區"
"同向擦撞","2022",4,14,14,"晴","日間自然光線",50,"直路","慢車道","柏油","乾燥","良好","無號誌","中央分向島","快慢車道分隔線","有",23,"未使用",120.346885,22.682726,"高雄市","仁武區"
"同向擦撞","2022",4,14,14,"晴","日間自然光線",50,"直路","慢車道","柏油","乾燥","良好","無號誌","中央分向島","快慢車道分隔線","有",46,"未使用",120.346885,22.682726,"高雄市","仁武區"
"同向擦撞","2022",4,14,14,"晴","日間自然光線",50,"直路","慢車道","柏油","乾燥","良好","無號誌","中央分向島","快慢車道分隔線","有",111,"",120.346885,22.682726,"高雄市","仁武區"
"衝出路外","2022",4,14,14,"晴","日間自然光線",50,"彎曲路及附近","路肩、路緣","柏油","乾燥","良好","無號誌","行車分向線","未繪設快慢車道分隔線","有",43,"不明",121.713717,24.763043,"宜蘭縣","員山鄉"
"撞路樹、電桿","2022",4,14,15,"晴","日間自然光線",40,"彎曲路及附近","一般車道(未劃分快慢車道)","柏油","乾燥","良好","無號誌","雙向禁止超車線","未繪設快慢車道分隔線","無",54,"不明",120.972141,24.771218,"新竹市","香山區"
"路口交岔撞","2022",4,14,15,"晴","日間自然光線",20,"四岔路","交叉路口內","柏油","乾燥","良好","無號誌","無","未繪設快慢車道分隔線","有",66,"不明",120.538258,22.450477,"屏東縣","佳冬鄉"
"路口交岔撞","2022",4,14,15,"晴","日間自然光線",20,"四岔路","交叉路口內","柏油","乾燥","良好","無號誌","無","未繪設快慢車道分隔線","有",48,"不明",120.538258,22.450477,"屏東縣","佳冬鄉"
"撞交通島","2022",4,14,21,"晴","夜間(或隧道、地下道、涵洞)有照明",50,"直路","路肩、路緣","柏油","乾燥","良好","無號誌","雙向禁止超車線","未繪設快慢車道分隔線","有",55,"未使用",120.772234,24.605585,"苗栗縣","後龍鎮"
"追撞","2022",4,15,5,"晴","晨或暮光",60,"三岔路","一般車道(未劃分快慢車道)","柏油","乾燥","良好","正常","雙向禁止超車線","未繪設快慢車道分隔線","有",63,"不明",120.312578,23.64386,"雲林縣","元長鄉"
"追撞","2022",4,15,5,"晴","晨或暮光",60,"三岔路","一般車道(未劃分快慢車道)","柏油","乾燥","良好","正常","雙向禁止超車線","未繪設快慢車道分隔線","有",62,"未使用",120.312578,23.64386,"雲林縣","元長鄉"
"對向擦撞","2022",4,15,8,"晴","日間自然光線",40,"橋樑","機車專用道","柏油","乾燥","良好","無號誌","行車分向線","寛式快慢車道分隔島(50公分以上)","有",83,"未使用",120.325696,22.714882,"高雄市","楠梓區"
"對向擦撞","2022",4,15,8,"晴","日間自然光線",40,"橋樑","機車專用道","柏油","乾燥","良好","無號誌","行車分向線","寛式快慢車道分隔島(50公分以上)","有",35,"未使用",120.325696,22.714882,"高雄市","楠梓區"
"撞路樹、電桿","2022",4,15,21,"晴","夜間(或隧道、地下道、涵洞)有照明",40,"直路","一般車道(未劃分快慢車道)","柏油","乾燥","良好","無號誌","行車分向線","未繪設快慢車道分隔線","有",17,"未使用",121.26524,25.032086,"桃園市","蘆竹區"
"撞路樹、電桿","2022",4,15,21,"晴","夜間(或隧道、地下道、涵洞)有照明",40,"直路","一般車道(未劃分快慢車道)","柏油","乾燥","良好","無號誌","行車分向線","未繪設快慢車道分隔線","有",17,"未使用",121.26524,25.032086,"桃園市","蘆竹區"
"同向擦撞","2022",4,15,21,"晴","夜間(或隧道、地下道、涵洞)有照明",60,"直路","一般車道(未劃分快慢車道)","柏油","乾燥","良好","無號誌","雙向禁止超車線","未繪設快慢車道分隔線","有",38,"未使用",120.483555,23.966907,"彰化縣","溪湖鎮"
"同向擦撞","2022",4,15,21,"晴","夜間(或隧道、地下道、涵洞)有照明",60,"直路","一般車道(未劃分快慢車道)","柏油","乾燥","良好","無號誌","雙向禁止超車線","未繪設快慢車道分隔線","有",53,"未使用",120.483555,23.966907,"彰化縣","溪湖鎮"
"同向擦撞","2022",4,15,21,"晴","夜間(或隧道、地下道、涵洞)有照明",60,"直路","一般車道(未劃分快慢車道)","柏油","乾燥","良好","無號誌","雙向禁止超車線","未繪設快慢車道分隔線","有",28,"不明",120.483555,23.966907,"彰化縣","溪湖鎮"
"撞路樹、電桿","2022",4,16,4,"晴","夜間(或隧道、地下道、涵洞)有照明",50,"直路","一般車道(未劃分快慢車道)","柏油","乾燥","良好","無號誌","行車分向線","未繪設快慢車道分隔線","有",27,"未使用",120.52285,22.731857,"屏東縣","九如鄉"
"撞路樹、電桿","2022",4,16,4,"晴","夜間(或隧道、地下道、涵洞)有照明",50,"直路","一般車道(未劃分快慢車道)","柏油","乾燥","良好","無號誌","行車分向線","未繪設快慢車道分隔線","有",50,"不明",120.52285,22.731857,"屏東縣","九如鄉"
"路上翻車、摔倒","2022",4,16,6,"晴","日間自然光線",40,"彎曲路及附近","一般車道(未劃分快慢車道)","柏油","乾燥","良好","無號誌","單向禁止超車線","未繪設快慢車道分隔線","有",21,"不明",120.567489,23.375775,"嘉義縣","中埔鄉"
"路口交岔撞","2022",4,16,7,"晴","日間自然光線",30,"四岔路","交叉路口內","柏油","乾燥","良好","正常","無","未繪設快慢車道分隔線","有",54,"未使用",120.57527,23.92414,"彰化縣","永靖鄉"
"路口交岔撞","2022",4,16,7,"晴","日間自然光線",30,"四岔路","交叉路口內","柏油","乾燥","良好","正常","無","未繪設快慢車道分隔線","有",25,"未使用",120.57527,23.92414,"彰化縣","永靖鄉"
"撞橋樑、建築物","2022",4,16,17,"晴","日間自然光線",50,"直路","路肩、路緣","柏油","乾燥","良好","無號誌","雙向禁止超車線","快慢車道分隔線","有",61,"不明",120.882126,24.675089,"苗栗縣","頭份市"
"衝出路外","2022",4,16,19,"晴","夜間(或隧道、地下道、涵洞)有照明",50,"直路","其他","柏油","乾燥","良好","無號誌","中央分向島","快慢車道分隔線","有",29,"不明",120.527264,22.650652,"屏東縣","麟洛鄉"
"衝出路外","2022",4,16,19,"晴","夜間(或隧道、地下道、涵洞)有照明",50,"直路","其他","柏油","乾燥","良好","無號誌","中央分向島","快慢車道分隔線","有",48,"未使用",120.527264,22.650652,"屏東縣","麟洛鄉"
"穿越道路中","2022",4,16,21,"晴","夜間(或隧道、地下道、涵洞)有照明",50,"直路","快車道","柏油","乾燥","良好","無號誌","中央分向島","快慢車道分隔線","無",56,"非駕駛人",120.665804,24.12349,"臺中市","南區"
"穿越道路中","2022",4,16,21,"晴","夜間(或隧道、地下道、涵洞)有照明",50,"直路","快車道","柏油","乾燥","良好","無號誌","中央分向島","快慢車道分隔線","無",32,"未使用",120.665804,24.12349,"臺中市","南區"
"路口交岔撞","2022",4,17,8,"晴","日間自然光線",50,"三岔路","交叉路口內","柏油","乾燥","良好","正常","中央分向島","未繪設快慢車道分隔線","無",69,"不明",121.453971,25.033547,"新北市","新莊區"
"路口交岔撞","2022",4,17,8,"晴","日間自然光線",50,"三岔路","交叉路口內","柏油","乾燥","良好","正常","中央分向島","未繪設快慢車道分隔線","無",30,"不明",121.453971,25.033547,"新北市","新莊區"
"路口交岔撞","2022",4,17,8,"晴","日間自然光線",50,"三岔路","交叉路口內","柏油","乾燥","良好","正常","中央分向島","未繪設快慢車道分隔線","無",57,"不明",121.453971,25.033547,"新北市","新莊區"
"路口交岔撞","2022",4,17,8,"晴","日間自然光線",50,"三岔路","交叉路口內","柏油","乾燥","良好","正常","中央分向島","未繪設快慢車道分隔線","無",50,"不明",121.453971,25.033547,"新北市","新莊區"
"路口交岔撞","2022",4,17,8,"晴","日間自然光線",50,"三岔路","交叉路口內","柏油","乾燥","良好","正常","中央分向島","未繪設快慢車道分隔線","無",72,"非駕駛人",121.453971,25.033547,"新北市","新莊區"
"路上翻車、摔倒","2022",4,17,15,"晴","日間自然光線",50,"直路","一般車道(未劃分快慢車道)","柏油","乾燥","良好","正常","雙向禁止超車線","未繪設快慢車道分隔線","有",20,"不明",121.472134,25.06411,"新北市","三重區"
"側撞","2022",4,17,16,"晴","日間自然光線",70,"四岔路","交叉路口內","柏油","乾燥","良好","正常","無","未繪設快慢車道分隔線","無",54,"未使用",120.562178,24.263315,"臺中市","清水區"
"側撞","2022",4,17,16,"晴","日間自然光線",70,"四岔路","交叉路口內","柏油","乾燥","良好","正常","無","未繪設快慢車道分隔線","無",30,"未使用",120.562178,24.263315,"臺中市","清水區"
"側撞","2022",4,17,19,"陰","夜間(或隧道、地下道、涵洞)有照明",50,"三岔路","交叉路口內","柏油","乾燥","良好","正常","中央分向島","快慢車道分隔線","有",41,"未使用",120.307196,23.214016,"臺南市","官田區"
"側撞","2022",4,17,19,"陰","夜間(或隧道、地下道、涵洞)有照明",50,"三岔路","交叉路口內","柏油","乾燥","良好","正常","中央分向島","快慢車道分隔線","有",21,"未使用",120.307196,23.214016,"臺南市","官田區"
"對向擦撞","2022",4,17,19,"晴","夜間(或隧道、地下道、涵洞)有照明",50,"彎曲路及附近","一般車道(未劃分快慢車道)","柏油","乾燥","良好","無號誌","雙向禁止超車線","未繪設快慢車道分隔線","有",30,"未使用",120.268963,23.056344,"臺南市","永康區"
"對向擦撞","2022",4,17,19,"晴","夜間(或隧道、地下道、涵洞)有照明",50,"彎曲路及附近","一般車道(未劃分快慢車道)","柏油","乾燥","良好","無號誌","雙向禁止超車線","未繪設快慢車道分隔線","有",45,"未使用",120.268963,23.056344,"臺南市","永康區"
"其他","2022",4,18,5,"晴","日間自然光線",30,"直路","路肩、路緣","柏油","乾燥","良好","無號誌","無","未繪設快慢車道分隔線","有",30,"不明",120.271093,22.963542,"臺南市","歸仁區"
"側撞","2022",4,18,8,"晴","日間自然光線",50,"四岔路","交叉路口內","柏油","乾燥","良好","正常","無","未繪設快慢車道分隔線","無",26,"未使用",120.332313,22.627978,"高雄市","苓雅區"
"側撞","2022",4,18,8,"晴","日間自然光線",50,"四岔路","交叉路口內","柏油","乾燥","良好","正常","無","未繪設快慢車道分隔線","無",80,"非駕駛人",120.332313,22.627978,"高雄市","苓雅區"
"撞路樹、電桿","2022",4,18,11,"晴","日間自然光線",50,"直路","一般車道(未劃分快慢車道)","柏油","乾燥","良好","無號誌","行車分向線","未繪設快慢車道分隔線","有",56,"不明",120.489952,24.172792,"彰化縣","伸港鄉"
"其他","2022",4,18,21,"晴","日間自然光線",50,"直路","慢車道","柏油","乾燥","良好","無號誌","雙向禁止超車線","快慢車道分隔線","有",51,"未使用",120.585407,23.714014,"雲林縣","斗六市"
"其他","2022",4,18,21,"晴","日間自然光線",50,"直路","慢車道","柏油","乾燥","良好","無號誌","雙向禁止超車線","快慢車道分隔線","有",64,"非駕駛人",120.585407,23.714014,"雲林縣","斗六市"
"撞路樹、電桿","2022",4,18,23,"晴","夜間(或隧道、地下道、涵洞)無照明",50,"彎曲路及附近","一般車道(未劃分快慢車道)","柏油","乾燥","良好","無號誌","行車分向線","未繪設快慢車道分隔線","有",18,"不明",120.536096,24.017965,"彰化縣","花壇鄉"
"撞路樹、電桿","2022",4,18,23,"晴","夜間(或隧道、地下道、涵洞)無照明",50,"彎曲路及附近","一般車道(未劃分快慢車道)","柏油","乾燥","良好","無號誌","行車分向線","未繪設快慢車道分隔線","有",18,"非駕駛人",120.536096,24.017965,"彰化縣","花壇鄉"
"撞路樹、電桿","2022",4,18,23,"晴","夜間(或隧道、地下道、涵洞)無照明",50,"彎曲路及附近","一般車道(未劃分快慢車道)","柏油","乾燥","良好","無號誌","行車分向線","未繪設快慢車道分隔線","有",17,"非駕駛人",120.536096,24.017965,"彰化縣","花壇鄉"
"其他","2022",4,19,4,"雨","夜間(或隧道、地下道、涵洞)有照明",60,"直路","快車道","柏油","濕潤","良好","無號誌","中央分向島","快慢車道分隔線","有",43,"不明",121.514768,25.094428,"臺北市","士林區"
"其他","2022",4,19,4,"雨","夜間(或隧道、地下道、涵洞)有照明",60,"直路","快車道","柏油","濕潤","良好","無號誌","中央分向島","快慢車道分隔線","有",20,"不明",121.514768,25.094428,"臺北市","士林區"
"其他","2022",4,19,4,"雨","夜間(或隧道、地下道、涵洞)有照明",60,"直路","快車道","柏油","濕潤","良好","無號誌","中央分向島","快慢車道分隔線","有",19,"不明",121.514768,25.094428,"臺北市","士林區"
"路口交岔撞","2022",4,19,17,"陰","日間自然光線",70,"四岔路","交叉路口內","柏油","乾燥","良好","正常","無","未繪設快慢車道分隔線","無",27,"未使用",120.371282,23.44344,"嘉義縣","水上鄉"
"路口交岔撞","2022",4,19,17,"陰","日間自然光線",70,"四岔路","交叉路口內","柏油","乾燥","良好","正常","無","未繪設快慢車道分隔線","無",72,"未使用",120.371282,23.44344,"嘉義縣","水上鄉"
"穿越道路中","2022",4,19,19,"雨","夜間(或隧道、地下道、涵洞)有照明",40,"直路","一般車道(未劃分快慢車道)","柏油","濕潤","不良","無號誌","無","未繪設快慢車道分隔線","有",17,"未使用",120.964862,23.889185,"南投縣","魚池鄉"
"穿越道路中","2022",4,19,19,"雨","夜間(或隧道、地下道、涵洞)有照明",40,"直路","一般車道(未劃分快慢車道)","柏油","濕潤","不良","無號誌","無","未繪設快慢車道分隔線","有",88,"非駕駛人",120.964862,23.889185,"南投縣","魚池鄉"
"穿越道路中","2022",4,20,8,"晴","日間自然光線",60,"多岔路","交叉路口內","柏油","乾燥","良好","正常","雙向禁止超車線","未繪設快慢車道分隔線","有",37,"不明",120.480553,23.964843,"彰化縣","溪湖鎮"
"穿越道路中","2022",4,20,8,"晴","日間自然光線",60,"多岔路","交叉路口內","柏油","乾燥","良好","正常","雙向禁止超車線","未繪設快慢車道分隔線","有",84,"不明",120.480553,23.964843,"彰化縣","溪湖鎮"
"撞路樹、電桿","2022",4,21,0,"晴","夜間(或隧道、地下道、涵洞)有照明",60,"直路","路肩、路緣","柏油","乾燥","良好","無號誌","雙向禁止超車線","快慢車道分隔線","有",25,"未使用",120.508404,23.750826,"雲林縣","莿桐鄉"
"路上翻車、摔倒","2022",4,21,4,"晴","夜間(或隧道、地下道、涵洞)有照明",40,"直路","慢車道","柏油","乾燥","良好","無號誌","中央分向島","寛式快慢車道分隔島(50公分以上)","有",43,"未使用",120.358772,22.703802,"高雄市","仁武區"
"路上翻車、摔倒","2022",4,21,4,"晴","夜間(或隧道、地下道、涵洞)有照明",40,"直路","慢車道","柏油","乾燥","良好","無號誌","中央分向島","寛式快慢車道分隔島(50公分以上)","有",111,"",120.358772,22.703802,"高雄市","仁武區"
"對向擦撞","2022",4,21,6,"陰","日間自然光線",50,"直路","一般車道(未劃分快慢車道)","柏油","乾燥","良好","無號誌","行車分向線","未繪設快慢車道分隔線","有",22,"未使用",121.783535,25.14594,"基隆市","中正區"
"對向擦撞","2022",4,21,6,"陰","日間自然光線",50,"直路","一般車道(未劃分快慢車道)","柏油","乾燥","良好","無號誌","行車分向線","未繪設快慢車道分隔線","有",40,"未使用",121.783535,25.14594,"基隆市","中正區"
"路口交岔撞","2022",4,21,7,"晴","日間自然光線",30,"四岔路","交叉路口內","柏油","乾燥","良好","無號誌","無","未繪設快慢車道分隔線","有",34,"未使用",120.536991,24.216835,"臺中市","龍井區"
"路口交岔撞","2022",4,21,7,"晴","日間自然光線",30,"四岔路","交叉路口內","柏油","乾燥","良好","無號誌","無","未繪設快慢車道分隔線","有",40,"不明",120.536991,24.216835,"臺中市","龍井區"
"衝出路外","2022",4,21,11,"晴","日間自然光線",50,"三岔路","交叉口附近","柏油","乾燥","良好","正常","中央分向島","快慢車道分隔線","有",46,"未使用",120.346641,23.28964,"臺南市","柳營區"
"對撞","2022",4,21,20,"晴","夜間(或隧道、地下道、涵洞)有照明",50,"三岔路","交叉口附近","柏油","乾燥","良好","正常","雙向禁止超車線","未繪設快慢車道分隔線","有",45,"未使用",120.99376,24.876965,"新竹縣","新豐鄉"
"對撞","2022",4,21,20,"晴","夜間(或隧道、地下道、涵洞)有照明",50,"三岔路","交叉口附近","柏油","乾燥","良好","正常","雙向禁止超車線","未繪設快慢車道分隔線","有",29,"未使用",120.99376,24.876965,"新竹縣","新豐鄉"