"事故類型及型態子類別名稱","發生年度","發生月份","發生日期","發生時間","天候名稱","光線名稱","速限.第1當事者","道路型態子類別名稱","事故位置子類別名稱","路面狀況.路面鋪裝名稱","路面狀況.路面狀態名稱","道路障礙.視距品質名稱","號誌.號誌動作名稱","車道劃分設施.分向設施大類別名稱","車道劃分設施.分道設施.快慢車道間名稱","車道劃分設施.分道設施.路面邊線名稱","當事者事故發生時年齡","行動電話或電腦或其他相類功能裝置名稱","經度","緯度","縣市","鄉鎮"
"對撞","2022",4,21,20,"晴","夜間(或隧道、地下道、涵洞)有照明",50,"三岔路","交叉口附近","柏油","乾燥","良好","正常","雙向禁止超車線","未繪設快慢車道分隔線","有",7,"未使用",120.99376,24.876965,"新竹縣","新豐鄉"
"路口交岔撞","2022",4,22,9,"晴","日間自然光線",50,"多岔路","交叉路口內","柏油","乾燥","良好","無號誌","無","未繪設快慢車道分隔線","無",34,"未使用",120.172658,23.161281,"臺南市","佳里區"
"路口交岔撞","2022",4,22,9,"晴","日間自然光線",50,"多岔路","交叉路口內","柏油","乾燥","良好","無號誌","無","未繪設快慢車道分隔線","無",50,"未使用",120.172658,23.161281,"臺南市","佳里區"
"撞路樹、電桿","2022",4,22,10,"晴","日間自然光線",60,"直路","路肩、路緣","柏油","乾燥","良好","無號誌","行車分向線","快慢車道分隔線","有",73,"不明",120.527244,23.7484,"雲林縣","莿桐鄉"
"路口交岔撞","2022",4,22,11,"晴","日間自然光線",30,"四岔路","交叉路口內","柏油","乾燥","良好","無號誌","無","未繪設快慢車道分隔線","無",38,"不明",120.531083,24.195583,"臺中市","龍井區"
"路口交岔撞","2022",4,22,11,"晴","日間自然光線",30,"四岔路","交叉路口內","柏油","乾燥","良好","無號誌","無","未繪設快慢車道分隔線","無",65,"未使用",120.531083,24.195583,"臺中市","龍井區"
"其他","2022",4,22,18,"晴","夜間(或隧道、地下道、涵洞)有照明",50,"三岔路","交叉路口內","柏油","乾燥","良好","無號誌","無","未繪設快慢車道分隔線","無",79,"非駕駛人",120.179736,22.943143,"臺南市","南區"
"其他","2022",4,22,18,"晴","夜間(或隧道、地下道、涵洞)有照明",50,"三岔路","交叉路口內","柏油","乾燥","良好","無號誌","無","未繪設快慢車道分隔線","無",22,"未使用",120.179736,22.943143,"臺南市","南區"
"衝出路外","2022",4,23,1,"晴","夜間(或隧道、地下道、涵洞)有照明",40,"直路","一般車道(未劃分快慢車道)","柏油","乾燥","良好","無號誌","行車分向線","未繪設快慢車道分隔線","有",18,"不明",120.579115,23.646932,"雲林縣","古坑鄉"
"衝出路外","2022",4,23,1,"晴","夜間(或隧道、地下道、涵洞)有照明",40,"直路","一般車道(未劃分快慢車道)","柏油","乾燥","良好","無號誌","行車分向線","未繪設快慢車道分隔線","有",15,"非駕駛人",120.579115,23.646932,"雲林縣","古坑鄉"
"衝出路外","2022",4,23,1,"晴","夜間(或隧道、地下道、涵洞)有照明",40,"直路","一般車道(未劃分快慢車道)","柏油","乾燥","良好","無號誌","行車分向線","未繪設快慢車道分隔線","有",17,"非駕駛人",120.579115,23.646932,"雲林縣","古坑鄉"
"衝出路外","2022",4,23,1,"晴","夜間(或隧道、地下道、涵洞)有照明",40,"直路","一般車道(未劃分快慢車道)","柏油","乾燥","良好","無號誌","行車分向線","未繪設快慢車道分隔線","有",17,"非駕駛人",120.579115,23.646932,"雲林縣","古坑鄉"
"側撞","2022",4,23,4,"陰","夜間(或隧道、地下道、涵洞)有照明",50,"四岔路","交叉路口內","柏油","乾燥","良好","正常","中央分向島","未繪設快慢車道分隔線","有",59,"未使用",121.005867,24.878337,"新竹縣","新豐鄉"
"側撞","2022",4,23,4,"陰","夜間(或隧道、地下道、涵洞)有照明",50,"四岔路","交叉路口內","柏油","乾燥","良好","正常","中央分向島","未繪設快慢車道分隔線","有",49,"未使用",121.005867,24.878337,"新竹縣","新豐鄉"
"其他","2022",4,23,5,"雨","晨或暮光",50,"直路","慢車道","柏油","濕潤","良好","無號誌","中央分向島","快慢車道分隔線","有",22,"不明",120.446383,23.482842,"嘉義市","西區"
"其他","2022",4,23,5,"雨","晨或暮光",50,"直路","慢車道","柏油","濕潤","良好","無號誌","中央分向島","快慢車道分隔線","有",41,"不明",120.446383,23.482842,"嘉義市","西區"
"其他","2022",4,23,5,"雨","晨或暮光",50,"直路","慢車道","柏油","濕潤","良好","無號誌","中央分向島","快慢車道分隔線","有",69,"不明",120.446383,23.482842,"嘉義市","西區"
"其他","2022",4,23,5,"雨","晨或暮光",50,"直路","慢車道","柏油","濕潤","良好","無號誌","中央分向島","快慢車道分隔線","有",35,"不明",120.446383,23.482842,"嘉義市","西區"
"其他","2022",4,23,5,"雨","晨或暮光",50,"直路","慢車道","柏油","濕潤","良好","無號誌","中央分向島","快慢車道分隔線","有",50,"不明",120.446383,23.482842,"嘉義市","西區"
"路口交岔撞","2022",4,23,5,"晴","日間自然光線",50,"四岔路","交叉路口內","柏油","乾燥","良好","正常","無","未繪設快慢車道分隔線","無",63,"未使用",121.109926,22.780085,"臺東縣","臺東市"
"路口交岔撞","2022",4,23,5,"晴","日間自然光線",50,"四岔路","交叉路口內","柏油","乾燥","良好","正常","無","未繪設快慢車道分隔線","無",40,"未使用",121.109926,22.780085,"臺東縣","臺東市"
"撞交通島","2022",4,23,6,"陰","日間自然光線",50,"直路","快車道","柏油","乾燥","良好","無號誌","中央分向島","寛式快慢車道分隔島(50公分以上)","有",27,"未使用",121.48754,25.014051,"新北市","板橋區"
"對撞","2022",4,23,7,"晴","日間自然光線",30,"彎曲路及附近","一般車道(未劃分快慢車道)","柏油","乾燥","不良","無號誌","行車分向線","未繪設快慢車道分隔線","有",69,"未使用",120.599368,22.392308,"屏東縣","枋寮鄉"
"對撞","2022",4,23,7,"晴","日間自然光線",30,"彎曲路及附近","一般車道(未劃分快慢車道)","柏油","乾燥","不良","無號誌","行車分向線","未繪設快慢車道分隔線","有",39,"未使用",120.599368,22.392308,"屏東縣","枋寮鄉"
"對向擦撞","2022",4,23,9,"晴","日間自然光線",50,"橋樑","機車專用道","柏油","乾燥","良好","無號誌","中央分向島","寛式快慢車道分隔島(50公分以上)","有",77,"未使用",120.993368,24.834687,"新竹縣","竹北市"
"對向擦撞","2022",4,23,9,"晴","日間自然光線",50,"橋樑","機車專用道","柏油","乾燥","良好","無號誌","中央分向島","寛式快慢車道分隔島(50公分以上)","有",65,"未使用",120.993368,24.834687,"新竹縣","竹北市"
"對向擦撞","2022",4,23,9,"晴","日間自然光線",50,"橋樑","機車專用道","柏油","乾燥","良好","無號誌","中央分向島","寛式快慢車道分隔島(50公分以上)","有",35,"未使用",120.993368,24.834687,"新竹縣","竹北市"
"路口交岔撞","2022",4,23,14,"晴","日間自然光線",70,"三岔路","交叉路口內","柏油","乾燥","良好","正常","中央分向島","快慢車道分隔線","有",54,"未使用",120.484814,22.769406,"屏東縣","里港鄉"
"路口交岔撞","2022",4,23,14,"晴","日間自然光線",70,"三岔路","交叉路口內","柏油","乾燥","良好","正常","中央分向島","快慢車道分隔線","有",27,"未使用",120.484814,22.769406,"屏東縣","里港鄉"
"側撞","2022",4,23,14,"陰","日間自然光線",60,"四岔路","交叉路口內","柏油","濕潤","良好","正常","中央分向島","未繪設快慢車道分隔線","無",59,"未使用",120.2543,22.87385,"高雄市","路竹區"
"側撞","2022",4,23,14,"陰","日間自然光線",60,"四岔路","交叉路口內","柏油","濕潤","良好","正常","中央分向島","未繪設快慢車道分隔線","無",24,"未使用",120.2543,22.87385,"高雄市","路竹區"
"側撞","2022",4,23,19,"晴","夜間(或隧道、地下道、涵洞)有照明",50,"三岔路","交叉口附近","柏油","乾燥","良好","正常","無","未繪設快慢車道分隔線","無",30,"使用免持或未有礙駕駛安全",121.291229,24.917861,"桃園市","大溪區"
"側撞","2022",4,23,19,"晴","夜間(或隧道、地下道、涵洞)有照明",50,"三岔路","交叉口附近","柏油","乾燥","良好","正常","無","未繪設快慢車道分隔線","無",53,"未使用",121.291229,24.917861,"桃園市","大溪區"
"追撞","2022",4,23,19,"晴","夜間(或隧道、地下道、涵洞)有照明",60,"直路","一般車道(未劃分快慢車道)","柏油","乾燥","良好","無號誌","行車分向線","未繪設快慢車道分隔線","有",58,"未使用",120.428803,23.746352,"雲林縣","西螺鎮"
"追撞","2022",4,23,19,"晴","夜間(或隧道、地下道、涵洞)有照明",60,"直路","一般車道(未劃分快慢車道)","柏油","乾燥","良好","無號誌","行車分向線","未繪設快慢車道分隔線","有",61,"未使用",120.428803,23.746352,"雲林縣","西螺鎮"
"撞號誌、標誌桿","2022",4,23,19,"晴","夜間(或隧道、地下道、涵洞)有照明",50,"彎曲路及附近","一般車道(未劃分快慢車道)","柏油","乾燥","良好","無號誌","雙向禁止超車線","未繪設快慢車道分隔線","有",51,"未使用",120.64136,23.000707,"高雄市","六龜區"
"撞號誌、標誌桿","2022",4,23,19,"晴","夜間(或隧道、地下道、涵洞)有照明",50,"彎曲路及附近","一般車道(未劃分快慢車道)","柏油","乾燥","良好","無號誌","雙向禁止超車線","未繪設快慢車道分隔線","有",111,"",120.64136,23.000707,"高雄市","六龜區"
"同向擦撞","2022",4,24,6,"晴","日間自然光線",60,"彎曲路及附近","快車道","柏油","乾燥","良好","無號誌","中央分向島","快慢車道分隔線","有",42,"未使用",120.732158,24.246411,"臺中市","豐原區"
"同向擦撞","2022",4,24,6,"晴","日間自然光線",60,"彎曲路及附近","快車道","柏油","乾燥","良好","無號誌","中央分向島","快慢車道分隔線","有",82,"未使用",120.732158,24.246411,"臺中市","豐原區"
"同向擦撞","2022",4,24,6,"晴","日間自然光線",60,"彎曲路及附近","快車道","柏油","乾燥","良好","無號誌","中央分向島","快慢車道分隔線","有",78,"未使用",120.732158,24.246411,"臺中市","豐原區"
"撞路樹、電桿","2022",4,24,8,"晴","日間自然光線",60,"直路","一般車道(未劃分快慢車道)","柏油","乾燥","良好","無號誌","行車分向線","未繪設快慢車道分隔線","有",87,"不明",120.512653,23.876398,"彰化縣","北斗鎮"
"同向擦撞","2022",4,24,9,"晴","日間自然光線",60,"直路","快車道","柏油","乾燥","良好","正常","中央分向島","未繪設快慢車道分隔線","有",70,"未使用",120.488026,22.707797,"屏東縣","九如鄉"
"同向擦撞","2022",4,24,9,"晴","日間自然光線",60,"直路","快車道","柏油","乾燥","良好","正常","中央分向島","未繪設快慢車道分隔線","有",38,"未使用",120.488026,22.707797,"屏東縣","九如鄉"
"撞路樹、電桿","2022",4,25,6,"晴","日間自然光線",40,"直路","路肩、路緣","柏油","乾燥","良好","無號誌","行車分向線","未繪設快慢車道分隔線","有",58,"不明",120.510069,22.512623,"屏東縣","崁頂鄉"
"撞護欄(樁)","2022",4,25,11,"晴","日間自然光線",30,"彎曲路及附近","一般車道(未劃分快慢車道)","柏油","乾燥","良好","無號誌","雙向禁止超車線","未繪設快慢車道分隔線","有",48,"未使用",120.671554,23.063935,"高雄市","六龜區"
"撞護欄(樁)","2022",4,25,11,"晴","日間自然光線",30,"彎曲路及附近","一般車道(未劃分快慢車道)","柏油","乾燥","良好","無號誌","雙向禁止超車線","未繪設快慢車道分隔線","有",111,"",120.671554,23.063935,"高雄市","六龜區"
"對撞","2022",4,25,17,"晴","日間自然光線",40,"彎曲路及附近","一般車道(未劃分快慢車道)","柏油","乾燥","良好","無號誌","雙向禁止超車線","未繪設快慢車道分隔線","有",19,"不明",120.946332,24.770291,"新竹市","香山區"
"對撞","2022",4,25,17,"晴","日間自然光線",40,"彎曲路及附近","一般車道(未劃分快慢車道)","柏油","乾燥","良好","無號誌","雙向禁止超車線","未繪設快慢車道分隔線","有",55,"不明",120.946332,24.770291,"新竹市","香山區"
"同向擦撞","2022",4,25,18,"晴","夜間(或隧道、地下道、涵洞)有照明",50,"直路","一般車道(未劃分快慢車道)","柏油","乾燥","良好","無號誌","雙向禁止超車線","未繪設快慢車道分隔線","有",16,"未使用",120.568557,24.281061,"臺中市","清水區"
"同向擦撞","2022",4,25,18,"晴","夜間(或隧道、地下道、涵洞)有照明",50,"直路","一般車道(未劃分快慢車道)","柏油","乾燥","良好","無號誌","雙向禁止超車線","未繪設快慢車道分隔線","有",61,"未使用",120.568557,24.281061,"臺中市","清水區"
"穿越道路中","2022",4,26,1,"陰","夜間(或隧道、地下道、涵洞)有照明",50,"四岔路","交叉路口內","柏油","乾燥","良好","正常","行車分向線","未繪設快慢車道分隔線","無",32,"未使用",121.507516,25.042377,"臺北市","萬華區"
"穿越道路中","2022",4,26,1,"陰","夜間(或隧道、地下道、涵洞)有照明",50,"四岔路","交叉路口內","柏油","乾燥","良好","正常","行車分向線","未繪設快慢車道分隔線","無",83,"非駕駛人",121.507516,25.042377,"臺北市","萬華區"
"對撞","2022",4,26,6,"晴","日間自然光線",40,"彎曲路及附近","一般車道(未劃分快慢車道)","柏油","乾燥","不良","無號誌","雙向禁止超車線","未繪設快慢車道分隔線","有",46,"未使用",121.011536,24.894405,"新竹縣","新豐鄉"
"對撞","2022",4,26,6,"晴","日間自然光線",40,"彎曲路及附近","一般車道(未劃分快慢車道)","柏油","乾燥","不良","無號誌","雙向禁止超車線","未繪設快慢車道分隔線","有",29,"未使用",121.011536,24.894405,"新竹縣","新豐鄉"
"路口交岔撞","2022",4,26,6,"晴","日間自然光線",50,"四岔路","交叉路口內","柏油","乾燥","良好","正常","無","未繪設快慢車道分隔線","無",38,"不明",121.054174,25.029176,"桃園市","觀音區"
"路口交岔撞","2022",4,26,6,"晴","日間自然光線",50,"四岔路","交叉路口內","柏油","乾燥","良好","正常","無","未繪設快慢車道分隔線","無",51,"未使用",121.054174,25.029176,"桃園市","觀音區"
"其他","2022",4,26,7,"晴","日間自然光線",30,"四岔路","交叉路口內","柏油","乾燥","良好","正常","無","未繪設快慢車道分隔線","無",39,"不明",120.253319,23.225199,"臺南市","下營區"
"其他","2022",4,26,7,"晴","日間自然光線",30,"四岔路","交叉路口內","柏油","乾燥","良好","正常","無","未繪設快慢車道分隔線","無",47,"未使用",120.253319,23.225199,"臺南市","下營區"
"其他","2022",4,26,7,"晴","日間自然光線",30,"四岔路","交叉路口內","柏油","乾燥","良好","正常","無","未繪設快慢車道分隔線","無",5,"不明",120.253319,23.225199,"臺南市","下營區"
"側撞","2022",4,26,8,"晴","日間自然光線",30,"三岔路","交叉路口內","柏油","乾燥","良好","無號誌","無","未繪設快慢車道分隔線","無",57,"不明",121.209178,25.074136,"桃園市","大園區"
"側撞","2022",4,26,8,"晴","日間自然光線",30,"三岔路","交叉路口內","柏油","乾燥","良好","無號誌","無","未繪設快慢車道分隔線","無",25,"未使用",121.209178,25.074136,"桃園市","大園區"
"其他","2022",4,26,10,"晴","日間自然光線",30,"四岔路","交叉路口內","柏油","乾燥","良好","正常","中央分向島","未繪設快慢車道分隔線","有",25,"未使用",121.518209,24.968582,"新北市","新店區"
"其他","2022",4,26,10,"晴","日間自然光線",30,"四岔路","交叉路口內","柏油","乾燥","良好","正常","中央分向島","未繪設快慢車道分隔線","有",72,"未使用",121.518209,24.968582,"新北市","新店區"
"追撞","2022",4,26,11,"晴","日間自然光線",50,"直路","一般車道(未劃分快慢車道)","柏油","乾燥","良好","無號誌","雙向禁止超車線","未繪設快慢車道分隔線","有",57,"未使用",121.506116,23.913396,"花蓮縣","壽豐鄉"
"追撞","2022",4,26,11,"晴","日間自然光線",50,"直路","一般車道(未劃分快慢車道)","柏油","乾燥","良好","無號誌","雙向禁止超車線","未繪設快慢車道分隔線","有",76,"未使用",121.506116,23.913396,"花蓮縣","壽豐鄉"
"側撞","2022",4,26,17,"晴","晨或暮光",30,"多岔路","交叉路口內","柏油","乾燥","良好","無號誌","無","未繪設快慢車道分隔線","無",55,"不明",120.453839,24.085898,"彰化縣","鹿港鎮"
"側撞","2022",4,26,17,"晴","晨或暮光",30,"多岔路","交叉路口內","柏油","乾燥","良好","無號誌","無","未繪設快慢車道分隔線","無",62,"未使用",120.453839,24.085898,"彰化縣","鹿港鎮"
"對向擦撞","2022",4,27,7,"晴","日間自然光線",50,"三岔路","交叉路口內","柏油","乾燥","良好","無號誌","無","未繪設快慢車道分隔線","無",26,"未使用",120.534837,23.740436,"雲林縣","斗六市"
"對向擦撞","2022",4,27,7,"晴","日間自然光線",50,"三岔路","交叉路口內","柏油","乾燥","良好","無號誌","無","未繪設快慢車道分隔線","無",46,"未使用",120.534837,23.740436,"雲林縣","斗六市"
"衝出路外","2022",4,27,7,"晴","日間自然光線",30,"直路","一般車道(未劃分快慢車道)","柏油","乾燥","良好","無號誌","無","未繪設快慢車道分隔線","有",81,"未使用",120.175578,23.442963,"嘉義縣","東石鄉"
"側撞","2022",4,27,7,"晴","日間自然光線",50,"四岔路","交叉路口內","柏油","乾燥","良好","無號誌","無","未繪設快慢車道分隔線","無",19,"不明",120.256594,23.20885,"臺南市","下營區"
"側撞","2022",4,27,7,"晴","日間自然光線",50,"四岔路","交叉路口內","柏油","乾燥","良好","無號誌","無","未繪設快慢車道分隔線","無",79,"未使用",120.256594,23.20885,"臺南市","下營區"
"撞路樹、電桿","2022",4,27,8,"晴","日間自然光線",50,"直路","一般車道(未劃分快慢車道)","柏油","乾燥","良好","無號誌","行車分向線","未繪設快慢車道分隔線","有",52,"未使用",120.172961,23.47171,"嘉義縣","東石鄉"
"路上翻車、摔倒","2022",4,27,14,"晴","日間自然光線",50,"直路","一般車道(未劃分快慢車道)","柏油","乾燥","良好","無號誌","行車分向線","未繪設快慢車道分隔線","有",53,"不明",121.760873,24.756887,"宜蘭縣","宜蘭市"
"其他","2022",4,27,14,"晴","日間自然光線",70,"直路","機車專用道","柏油","乾燥","良好","無號誌","中央分向島","快慢車道分隔線","有",68,"未使用",120.553233,24.098045,"彰化縣","彰化市"
"其他","2022",4,27,14,"晴","日間自然光線",70,"直路","機車專用道","柏油","乾燥","良好","無號誌","中央分向島","快慢車道分隔線","有",37,"未使用",120.553233,24.098045,"彰化縣","彰化市"
"其他","2022",4,27,14,"晴","日間自然光線",70,"直路","機車專用道","柏油","乾燥","良好","無號誌","中央分向島","快慢車道分隔線","有",45,"未使用",120.553233,24.098045,"彰化縣","彰化市"
"追撞","2022",4,27,16,"晴","日間自然光線",70,"直路","機車優先道","柏油","乾燥","良好","無號誌","中央分向島","快慢車道分隔線","有",56,"未使用",120.220954,22.943314,"臺南市","仁德區"
"追撞","2022",4,27,16,"晴","日間自然光線",70,"直路","機車優先道","柏油","乾燥","良好","無號誌","中央分向島","快慢車道分隔線","有",59,"非駕駛人",120.220954,22.943314,"臺南市","仁德區"
"衝出路外","2022",4,27,16,"晴","晨或暮光",50,"直路","路肩、路緣","柏油","乾燥","良好","無號誌","行車分向線","未繪設快慢車道分隔線","有",49,"未使用",120.706731,23.891314,"南投縣","南投市"
"同向通行中","2022",4,27,18,"晴","日間自然光線",50,"直路","路肩、路緣","柏油","乾燥","良好","無號誌","行車分向線","未繪設快慢車道分隔線","有",28,"未使用",120.26387,23.323991,"臺南市","鹽水區"
"同向通行中","2022",4,27,18,"晴","日間自然光線",50,"直路","路肩、路緣","柏油","乾燥","良好","無號誌","行車分向線","未繪設快慢車道分隔線","有",59,"非駕駛人",120.26387,23.323991,"臺南市","鹽水區"
"側撞","2022",4,27,21,"晴","夜間(或隧道、地下道、涵洞)無照明",50,"四岔路","交叉路口內","柏油","乾燥","良好","正常","雙向禁止超車線","未繪設快慢車道分隔線","有",60,"未使用",120.541771,24.078355,"彰化縣","彰化市"
"側撞","2022",4,27,21,"晴","夜間(或隧道、地下道、涵洞)無照明",50,"四岔路","交叉路口內","柏油","乾燥","良好","正常","雙向禁止超車線","未繪設快慢車道分隔線","有",18,"未使用",120.541771,24.078355,"彰化縣","彰化市"
"撞路樹、電桿","2022",4,28,5,"雨","夜間(或隧道、地下道、涵洞)有照明",50,"直路","一般車道(未劃分快慢車道)","柏油","濕潤","良好","無號誌","行車分向線","未繪設快慢車道分隔線","有",25,"不明",121.12336,25.000805,"桃園市","觀音區"
"撞路樹、電桿","2022",4,28,5,"雨","夜間(或隧道、地下道、涵洞)有照明",50,"直路","一般車道(未劃分快慢車道)","柏油","濕潤","良好","無號誌","行車分向線","未繪設快慢車道分隔線","有",36,"不明",121.12336,25.000805,"桃園市","觀音區"
"側撞","2022",4,28,9,"晴","日間自然光線",50,"三岔路","交叉路口內","柏油","乾燥","良好","正常","雙向禁止超車線","未繪設快慢車道分隔線","有",62,"未使用",120.438337,24.063783,"彰化縣","鹿港鎮"
"側撞","2022",4,28,9,"晴","日間自然光線",50,"三岔路","交叉路口內","柏油","乾燥","良好","正常","雙向禁止超車線","未繪設快慢車道分隔線","有",22,"未使用",120.438337,24.063783,"彰化縣","鹿港鎮"
"撞路樹、電桿","2022",4,28,9,"晴","日間自然光線",60,"直路","一般車道(未劃分快慢車道)","柏油","乾燥","良好","無號誌","中央分向島","未繪設快慢車道分隔線","有",35,"未使用",120.2254,22.87257,"高雄市","路竹區"
"撞路樹、電桿","2022",4,28,9,"晴","日間自然光線",60,"直路","一般車道(未劃分快慢車道)","柏油","乾燥","良好","無號誌","中央分向島","未繪設快慢車道分隔線","有",111,"",120.2254,22.87257,"高雄市","路竹區"
"穿越道路中","2022",4,28,18,"晴","日間自然光線",50,"直路","快車道","柏油","乾燥","良好","無號誌","雙向禁止超車線","快慢車道分隔線","有",63,"非駕駛人",120.289082,22.799041,"高雄市","岡山區"
"穿越道路中","2022",4,28,18,"晴","日間自然光線",50,"直路","快車道","柏油","乾燥","良好","無號誌","雙向禁止超車線","快慢車道分隔線","有",47,"未使用",120.289082,22.799041,"高雄市","岡山區"
"其他","2022",4,28,19,"晴","夜間(或隧道、地下道、涵洞)有照明",50,"多岔路","交叉路口內","柏油","乾燥","良好","正常","行車分向線","未繪設快慢車道分隔線","有",50,"未使用",120.676286,24.201206,"臺中市","大雅區"
"其他","2022",4,28,19,"晴","夜間(或隧道、地下道、涵洞)有照明",50,"多岔路","交叉路口內","柏油","乾燥","良好","正常","行車分向線","未繪設快慢車道分隔線","有",45,"未使用",120.676286,24.201206,"臺中市","大雅區"
"對撞","2022",4,28,21,"晴","夜間(或隧道、地下道、涵洞)有照明",40,"直路","快車道","柏油","乾燥","良好","無號誌","雙向禁止超車線","快慢車道分隔線","無",80,"未使用",120.341728,22.612812,"高雄市","鳳山區"
"對撞","2022",4,28,21,"晴","夜間(或隧道、地下道、涵洞)有照明",40,"直路","快車道","柏油","乾燥","良好","無號誌","雙向禁止超車線","快慢車道分隔線","無",68,"未使用",120.341728,22.612812,"高雄市","鳳山區"
"其他","2022",4,29,9,"晴","日間自然光線",50,"多岔路","交叉路口內","柏油","乾燥","良好","正常","中央分向島","快慢車道分隔線","有",87,"未使用",120.917294,24.697077,"苗栗縣","頭份市"
"其他","2022",4,29,9,"晴","日間自然光線",50,"多岔路","交叉路口內","柏油","乾燥","良好","正常","中央分向島","快慢車道分隔線","有",37,"未使用",120.917294,24.697077,"苗栗縣","頭份市"
"其他","2022",4,29,9,"晴","日間自然光線",50,"多岔路","交叉路口內","柏油","乾燥","良好","正常","中央分向島","快慢車道分隔線","有",81,"未使用",120.917294,24.697077,"苗栗縣","頭份市"
"對撞","2022",4,29,11,"晴","日間自然光線",30,"彎曲路及附近","一般車道(未劃分快慢車道)","柏油","乾燥","良好","無號誌","無","未繪設快慢車道分隔線","無",49,"未使用",120.859825,24.227543,"臺中市","東勢區"
"對撞","2022",4,29,11,"晴","日間自然光線",30,"彎曲路及附近","一般車道(未劃分快慢車道)","柏油","乾燥","良好","無號誌","無","未繪設快慢車道分隔線","無",67,"未使用",120.859825,24.227543,"臺中市","東勢區"
"路口交岔撞","2022",4,29,12,"晴","日間自然光線",50,"四岔路","交叉路口內","柏油","乾燥","良好","正常","雙向禁止超車線","未繪設快慢車道分隔線","無",50,"未使用",120.328522,22.66273,"高雄市","三民區"
"路口交岔撞","2022",4,29,12,"晴","日間自然光線",50,"四岔路","交叉路口內","柏油","乾燥","良好","正常","雙向禁止超車線","未繪設快慢車道分隔線","無",62,"未使用",120.328522,22.66273,"高雄市","三民區"
"撞路樹、電桿","2022",4,30,9,"晴","日間自然光線",50,"直路","一般車道(未劃分快慢車道)","柏油","乾燥","良好","無號誌","行車分向線","未繪設快慢車道分隔線","有",41,"未使用",120.447564,23.561668,"嘉義縣","民雄鄉"
"路上翻車、摔倒","2022",4,30,16,"晴","晨或暮光",30,"直路","一般車道(未劃分快慢車道)","柏油","乾燥","良好","無號誌","無","未繪設快慢車道分隔線","有",70,"不明",120.401622,23.56367,"嘉義縣","溪口鄉"
"同向擦撞","2022",4,30,23,"晴","夜間(或隧道、地下道、涵洞)無照明",70,"直路","一般車道(未劃分快慢車道)","柏油","乾燥","良好","無號誌","無","未繪設快慢車道分隔線","有",40,"不明",120.4393,24.042874,"彰化縣","福興鄉"
"同向擦撞","2022",4,30,23,"晴","夜間(或隧道、地下道、涵洞)無照明",70,"直路","一般車道(未劃分快慢車道)","柏油","乾燥","良好","無號誌","無","未繪設快慢車道分隔線","有",19,"未使用",120.4393,24.042874,"彰化縣","福興鄉"
"側撞","2022",5,1,0,"晴","夜間(或隧道、地下道、涵洞)有照明",50,"四岔路","交叉路口內","柏油","乾燥","良好","正常","中央分向島","快慢車道分隔線","有",27,"未使用",121.468399,24.988197,"新北市","土城區"
"側撞","2022",5,1,0,"晴","夜間(或隧道、地下道、涵洞)有照明",50,"四岔路","交叉路口內","柏油","乾燥","良好","正常","中央分向島","快慢車道分隔線","有",14,"未使用",121.468399,24.988197,"新北市","土城區"
"側撞","2022",5,1,0,"晴","夜間(或隧道、地下道、涵洞)有照明",50,"四岔路","交叉路口內","柏油","乾燥","良好","正常","中央分向島","快慢車道分隔線","有",13,"非駕駛人",121.468399,24.988197,"新北市","土城區"
"側撞","2022",5,1,0,"晴","夜間(或隧道、地下道、涵洞)有照明",50,"四岔路","交叉路口內","柏油","乾燥","良好","正常","中央分向島","快慢車道分隔線","有",35,"不明",121.468399,24.988197,"新北市","土城區"
"側撞","2022",5,1,0,"晴","夜間(或隧道、地下道、涵洞)有照明",50,"四岔路","交叉路口內","柏油","乾燥","良好","正常","中央分向島","快慢車道分隔線","有",35,"不明",121.468399,24.988197,"新北市","土城區"
"側撞","2022",5,1,0,"晴","夜間(或隧道、地下道、涵洞)有照明",50,"四岔路","交叉路口內","柏油","乾燥","良好","正常","中央分向島","快慢車道分隔線","有",59,"不明",121.468399,24.988197,"新北市","土城區"
"側撞","2022",5,1,0,"晴","夜間(或隧道、地下道、涵洞)有照明",50,"四岔路","交叉路口內","柏油","乾燥","良好","正常","中央分向島","快慢車道分隔線","有",35,"不明",121.468399,24.988197,"新北市","土城區"
"側撞","2022",5,1,0,"晴","夜間(或隧道、地下道、涵洞)有照明",50,"四岔路","交叉路口內","柏油","乾燥","良好","正常","中央分向島","快慢車道分隔線","有",42,"不明",121.468399,24.988197,"新北市","土城區"
"側撞","2022",5,1,0,"晴","夜間(或隧道、地下道、涵洞)有照明",50,"四岔路","交叉路口內","柏油","乾燥","良好","正常","中央分向島","快慢車道分隔線","有",44,"不明",121.468399,24.988197,"新北市","土城區"
"撞護欄(樁)","2022",5,1,1,"陰","夜間(或隧道、地下道、涵洞)有照明",50,"三岔路","交叉路口內","柏油","乾燥","良好","正常","行車分向線","快慢車道分隔線","有",62,"不明",120.600256,22.8275,"屏東縣","高樹鄉"
"穿越道路中","2022",5,1,1,"陰","夜間(或隧道、地下道、涵洞)有照明",70,"四岔路","一般車道(未劃分快慢車道)","柏油","乾燥","良好","正常","雙向禁止超車線","寛式快慢車道分隔島(50公分以上)","有",36,"非駕駛人",120.513294,23.869162,"彰化縣","溪州鄉"