"事故類型及型態子類別名稱","發生年度","發生月份","發生日期","發生時間","天候名稱","光線名稱","速限.第1當事者","道路型態子類別名稱","事故位置子類別名稱","路面狀況.路面鋪裝名稱","路面狀況.路面狀態名稱","道路障礙.視距品質名稱","號誌.號誌動作名稱","車道劃分設施.分向設施大類別名稱","車道劃分設施.分道設施.快慢車道間名稱","車道劃分設施.分道設施.路面邊線名稱","當事者事故發生時年齡","行動電話或電腦或其他相類功能裝置名稱","經度","緯度","縣市","鄉鎮"
"撞交通島","2022",5,1,3,"晴","夜間(或隧道、地下道、涵洞)有照明",50,"直路","交通島(含槽化線)","柏油","乾燥","良好","無號誌","中央分向島","快慢車道分隔線","有",19,"未使用",120.428905,22.77689,"高雄市","大樹區"
"其他","2022",5,1,4,"晴","夜間(或隧道、地下道、涵洞)有照明",50,"直路","一般車道(未劃分快慢車道)","柏油","乾燥","良好","正常","行車分向線","未繪設快慢車道分隔線","有",63,"不明",120.820526,24.661384,"苗栗縣","後龍鎮"
"其他","2022",5,1,4,"晴","夜間(或隧道、地下道、涵洞)有照明",50,"直路","一般車道(未劃分快慢車道)","柏油","乾燥","良好","正常","行車分向線","未繪設快慢車道分隔線","有",81,"不明",120.820526,24.661384,"苗栗縣","後龍鎮"
"其他","2022",5,1,4,"晴","夜間(或隧道、地下道、涵洞)有照明",50,"直路","一般車道(未劃分快慢車道)","柏油","乾燥","良好","正常","行車分向線","未繪設快慢車道分隔線","有",55,"不明",120.820526,24.661384,"苗栗縣","後龍鎮"
"其他","2022",5,1,4,"晴","夜間(或隧道、地下道、涵洞)有照明",50,"直路","一般車道(未劃分快慢車道)","柏油","乾燥","良好","正常","行車分向線","未繪設快慢車道分隔線","有",61,"不明",120.820526,24.661384,"苗栗縣","後龍鎮"
"路口交岔撞","2022",5,1,8,"晴","日間自然光線",30,"四岔路","交叉路口內","柏油","乾燥","良好","無號誌","無","未繪設快慢車道分隔線","無",68,"不明",120.234869,23.19902,"臺南市","麻豆區"
"路口交岔撞","2022",5,1,8,"晴","日間自然光線",30,"四岔路","交叉路口內","柏油","乾燥","良好","無號誌","無","未繪設快慢車道分隔線","無",67,"未使用",120.234869,23.19902,"臺南市","麻豆區"
"對撞","2022",5,1,19,"晴","夜間(或隧道、地下道、涵洞)有照明",50,"彎曲路及附近","一般車道(未劃分快慢車道)","柏油","乾燥","良好","無號誌","行車分向線","未繪設快慢車道分隔線","有",41,"未使用",120.4939,22.93536,"高雄市","內門區"
"對撞","2022",5,1,19,"晴","夜間(或隧道、地下道、涵洞)有照明",50,"彎曲路及附近","一般車道(未劃分快慢車道)","柏油","乾燥","良好","無號誌","行車分向線","未繪設快慢車道分隔線","有",71,"未使用",120.4939,22.93536,"高雄市","內門區"
"撞路樹、電桿","2022",5,1,22,"雨","夜間(或隧道、地下道、涵洞)有照明",50,"三岔路","交叉路口內","柏油","濕潤","良好","正常","無","未繪設快慢車道分隔線","無",45,"未使用",120.654173,24.194518,"臺中市","西屯區"
"撞路樹、電桿","2022",5,1,22,"雨","夜間(或隧道、地下道、涵洞)有照明",50,"三岔路","交叉路口內","柏油","濕潤","良好","正常","無","未繪設快慢車道分隔線","無",39,"非駕駛人",120.654173,24.194518,"臺中市","西屯區"
"撞號誌、標誌桿","2022",5,2,0,"晴","夜間(或隧道、地下道、涵洞)有照明",40,"四岔路","交叉路口內","柏油","乾燥","良好","正常","雙向禁止超車線","未繪設快慢車道分隔線","有",59,"不明",120.540174,22.546683,"屏東縣","潮州鎮"
"其他","2022",5,2,3,"雨","夜間(或隧道、地下道、涵洞)有照明",50,"四岔路","交叉口附近","柏油","濕潤","良好","正常","中央分向島","未繪設快慢車道分隔線","無",41,"非駕駛人",121.50755,25.048491,"臺北市","萬華區"
"其他","2022",5,2,3,"雨","夜間(或隧道、地下道、涵洞)有照明",50,"四岔路","交叉口附近","柏油","濕潤","良好","正常","中央分向島","未繪設快慢車道分隔線","無",56,"未使用",121.50755,25.048491,"臺北市","萬華區"
"其他","2022",5,2,3,"雨","夜間(或隧道、地下道、涵洞)有照明",50,"四岔路","交叉口附近","柏油","濕潤","良好","正常","中央分向島","未繪設快慢車道分隔線","無",23,"不明",121.50755,25.048491,"臺北市","萬華區"
"其他","2022",5,2,3,"雨","夜間(或隧道、地下道、涵洞)有照明",50,"四岔路","交叉口附近","柏油","濕潤","良好","正常","中央分向島","未繪設快慢車道分隔線","無",44,"未使用",121.50755,25.048491,"臺北市","萬華區"
"其他","2022",5,2,3,"雨","夜間(或隧道、地下道、涵洞)有照明",50,"四岔路","交叉口附近","柏油","濕潤","良好","正常","中央分向島","未繪設快慢車道分隔線","無",40,"未使用",121.50755,25.048491,"臺北市","萬華區"
"對撞","2022",5,2,5,"陰","晨或暮光",60,"其他","其他","柏油","濕潤","良好","無號誌","無","快慢車道分隔線","無",33,"未使用",120.3977,22.72839,"高雄市","仁武區"
"對撞","2022",5,2,5,"陰","晨或暮光",60,"其他","其他","柏油","濕潤","良好","無號誌","無","快慢車道分隔線","無",53,"未使用",120.3977,22.72839,"高雄市","仁武區"
"穿越道路中","2022",5,2,16,"雨","日間自然光線",60,"直路","一般車道(未劃分快慢車道)","柏油","濕潤","良好","無號誌","雙向禁止超車線","未繪設快慢車道分隔線","有",88,"不明",121.092278,24.822695,"新竹縣","新埔鎮"
"穿越道路中","2022",5,2,16,"雨","日間自然光線",60,"直路","一般車道(未劃分快慢車道)","柏油","濕潤","良好","無號誌","雙向禁止超車線","未繪設快慢車道分隔線","有",61,"不明",121.092278,24.822695,"新竹縣","新埔鎮"
"穿越道路中","2022",5,2,16,"雨","日間自然光線",60,"直路","一般車道(未劃分快慢車道)","柏油","濕潤","良好","無號誌","雙向禁止超車線","未繪設快慢車道分隔線","有",54,"不明",121.092278,24.822695,"新竹縣","新埔鎮"
"側撞","2022",5,2,16,"雨","日間自然光線",50,"三岔路","交叉路口內","柏油","濕潤","良好","正常","雙向禁止超車線","未繪設快慢車道分隔線","有",78,"未使用",120.512797,22.681449,"屏東縣","長治鄉"
"側撞","2022",5,2,16,"雨","日間自然光線",50,"三岔路","交叉路口內","柏油","濕潤","良好","正常","雙向禁止超車線","未繪設快慢車道分隔線","有",21,"未使用",120.512797,22.681449,"屏東縣","長治鄉"
"側撞","2022",5,3,7,"雨","日間自然光線",50,"四岔路","交叉路口內","柏油","濕潤","良好","正常","無","未繪設快慢車道分隔線","無",30,"未使用",120.1998,23.132875,"臺南市","西港區"
"側撞","2022",5,3,7,"雨","日間自然光線",50,"四岔路","交叉路口內","柏油","濕潤","良好","正常","無","未繪設快慢車道分隔線","無",22,"未使用",120.1998,23.132875,"臺南市","西港區"
"追撞","2022",5,3,16,"晴","日間自然光線",70,"直路","快車道","柏油","乾燥","良好","無號誌","中央分向島","未繪設快慢車道分隔線","有",31,"不明",120.791029,24.273026,"臺中市","石岡區"
"追撞","2022",5,3,16,"晴","日間自然光線",70,"直路","快車道","柏油","乾燥","良好","無號誌","中央分向島","未繪設快慢車道分隔線","有",44,"不明",120.791029,24.273026,"臺中市","石岡區"
"撞動物","2022",5,3,20,"雨","夜間(或隧道、地下道、涵洞)有照明",70,"直路","慢車道","柏油","濕潤","良好","無號誌","中央分向島","快慢車道分隔線","有",22,"未使用",121.519912,23.849141,"花蓮縣","壽豐鄉"
"撞交通島","2022",5,4,7,"晴","日間自然光線",50,"直路","機車優先道","柏油","乾燥","良好","無號誌","中央分向島","窄式快慢車道分隔島(無柵欄)","有",59,"不明",121.494364,25.121659,"臺北市","北投區"
"追撞","2022",5,4,10,"晴","日間自然光線",90,"高架道路","快車道","柏油","乾燥","良好","無號誌","中央分向島","未繪設快慢車道分隔線","有",26,"未使用",120.547525,24.276263,"臺中市","清水區"
"追撞","2022",5,4,10,"晴","日間自然光線",90,"高架道路","快車道","柏油","乾燥","良好","無號誌","中央分向島","未繪設快慢車道分隔線","有",54,"未使用",120.547525,24.276263,"臺中市","清水區"
"追撞","2022",5,4,10,"晴","日間自然光線",90,"高架道路","快車道","柏油","乾燥","良好","無號誌","中央分向島","未繪設快慢車道分隔線","有",56,"未使用",120.547525,24.276263,"臺中市","清水區"
"追撞","2022",5,4,10,"晴","日間自然光線",90,"高架道路","快車道","柏油","乾燥","良好","無號誌","中央分向島","未繪設快慢車道分隔線","有",37,"未使用",120.547525,24.276263,"臺中市","清水區"
"追撞","2022",5,4,10,"晴","日間自然光線",90,"高架道路","快車道","柏油","乾燥","良好","無號誌","中央分向島","未繪設快慢車道分隔線","有",71,"未使用",120.547525,24.276263,"臺中市","清水區"
"追撞","2022",5,4,10,"晴","日間自然光線",90,"高架道路","快車道","柏油","乾燥","良好","無號誌","中央分向島","未繪設快慢車道分隔線","有",62,"未使用",120.547525,24.276263,"臺中市","清水區"
"追撞","2022",5,4,10,"晴","日間自然光線",90,"高架道路","快車道","柏油","乾燥","良好","無號誌","中央分向島","未繪設快慢車道分隔線","有",59,"非駕駛人",120.547525,24.276263,"臺中市","清水區"
"追撞","2022",5,4,10,"晴","日間自然光線",90,"高架道路","快車道","柏油","乾燥","良好","無號誌","中央分向島","未繪設快慢車道分隔線","有",28,"非駕駛人",120.547525,24.276263,"臺中市","清水區"
"追撞","2022",5,4,10,"晴","日間自然光線",90,"高架道路","快車道","柏油","乾燥","良好","無號誌","中央分向島","未繪設快慢車道分隔線","有",66,"非駕駛人",120.547525,24.276263,"臺中市","清水區"
"路口交岔撞","2022",5,4,11,"晴","日間自然光線",30,"四岔路","交叉路口內","柏油","乾燥","良好","無號誌","無","未繪設快慢車道分隔線","無",76,"未使用",120.349364,23.691261,"雲林縣","土庫鎮"
"路口交岔撞","2022",5,4,11,"晴","日間自然光線",30,"四岔路","交叉路口內","柏油","乾燥","良好","無號誌","無","未繪設快慢車道分隔線","無",61,"未使用",120.349364,23.691261,"雲林縣","土庫鎮"
"側撞","2022",5,4,12,"晴","日間自然光線",50,"四岔路","交叉路口內","柏油","乾燥","良好","正常","無","未繪設快慢車道分隔線","無",43,"未使用",120.365131,22.620608,"高雄市","鳳山區"
"側撞","2022",5,4,12,"晴","日間自然光線",50,"四岔路","交叉路口內","柏油","乾燥","良好","正常","無","未繪設快慢車道分隔線","無",65,"未使用",120.365131,22.620608,"高雄市","鳳山區"
"側撞","2022",5,4,12,"晴","日間自然光線",50,"四岔路","交叉路口內","柏油","乾燥","良好","正常","無","未繪設快慢車道分隔線","無",35,"未使用",120.365131,22.620608,"高雄市","鳳山區"
"其他","2022",5,4,17,"晴","日間自然光線",40,"三岔路","交叉路口內","柏油","乾燥","良好","無號誌","無","未繪設快慢車道分隔線","無",57,"未使用",120.666003,24.178161,"臺中市","西屯區"
"其他","2022",5,4,17,"晴","日間自然光線",40,"三岔路","交叉路口內","柏油","乾燥","良好","無號誌","無","未繪設快慢車道分隔線","無",88,"未使用",120.666003,24.178161,"臺中市","西屯區"
"同向通行中","2022",5,4,18,"雨","夜間(或隧道、地下道、涵洞)有照明",50,"直路","慢車道","柏油","濕潤","良好","無號誌","雙向禁止超車線","快慢車道分隔線","有",70,"未使用",120.540818,22.534366,"屏東縣","潮州鎮"
"同向通行中","2022",5,4,18,"雨","夜間(或隧道、地下道、涵洞)有照明",50,"直路","慢車道","柏油","濕潤","良好","無號誌","雙向禁止超車線","快慢車道分隔線","有",39,"非駕駛人",120.540818,22.534366,"屏東縣","潮州鎮"
"同向通行中","2022",5,4,18,"雨","夜間(或隧道、地下道、涵洞)有照明",50,"直路","慢車道","柏油","濕潤","良好","無號誌","雙向禁止超車線","快慢車道分隔線","有",42,"非駕駛人",120.540818,22.534366,"屏東縣","潮州鎮"
"同向通行中","2022",5,4,18,"雨","夜間(或隧道、地下道、涵洞)有照明",50,"直路","慢車道","柏油","濕潤","良好","無號誌","雙向禁止超車線","快慢車道分隔線","有",45,"未使用",120.540818,22.534366,"屏東縣","潮州鎮"
"側撞","2022",5,4,20,"晴","夜間(或隧道、地下道、涵洞)有照明",70,"四岔路","交叉路口內","柏油","乾燥","良好","正常","無","未繪設快慢車道分隔線","無",39,"未使用",120.396,23.48946,"嘉義市","西區"
"側撞","2022",5,4,20,"晴","夜間(或隧道、地下道、涵洞)有照明",70,"四岔路","交叉路口內","柏油","乾燥","良好","正常","無","未繪設快慢車道分隔線","無",41,"未使用",120.396,23.48946,"嘉義市","西區"
"其他","2022",5,5,0,"晴","夜間(或隧道、地下道、涵洞)有照明",60,"直路","一般車道(未劃分快慢車道)","柏油","乾燥","良好","無號誌","中央分向島","未繪設快慢車道分隔線","有",29,"未使用",120.666139,24.172723,"臺中市","西屯區"
"其他","2022",5,5,0,"晴","夜間(或隧道、地下道、涵洞)有照明",60,"直路","一般車道(未劃分快慢車道)","柏油","乾燥","良好","無號誌","中央分向島","未繪設快慢車道分隔線","有",43,"非駕駛人",120.666139,24.172723,"臺中市","西屯區"
"側撞","2022",5,5,5,"陰","晨或暮光",50,"三岔路","交叉路口內","柏油","乾燥","良好","正常","無","未繪設快慢車道分隔線","無",67,"未使用",121.216269,24.938353,"桃園市","平鎮區"
"側撞","2022",5,5,5,"陰","晨或暮光",50,"三岔路","交叉路口內","柏油","乾燥","良好","正常","無","未繪設快慢車道分隔線","無",37,"未使用",121.216269,24.938353,"桃園市","平鎮區"
"同向擦撞","2022",5,5,7,"晴","日間自然光線",40,"直路","一般車道(未劃分快慢車道)","柏油","乾燥","良好","無號誌","雙向禁止超車線","未繪設快慢車道分隔線","有",46,"未使用",121.460503,25.008814,"新北市","板橋區"
"同向擦撞","2022",5,5,7,"晴","日間自然光線",40,"直路","一般車道(未劃分快慢車道)","柏油","乾燥","良好","無號誌","雙向禁止超車線","未繪設快慢車道分隔線","有",51,"未使用",121.460503,25.008814,"新北市","板橋區"
"同向擦撞","2022",5,5,7,"晴","日間自然光線",40,"直路","一般車道(未劃分快慢車道)","柏油","乾燥","良好","無號誌","雙向禁止超車線","未繪設快慢車道分隔線","有",74,"未使用",121.460503,25.008814,"新北市","板橋區"
"路上翻車、摔倒","2022",5,5,12,"晴","日間自然光線",40,"直路","慢車道","柏油","乾燥","良好","無號誌","中央分向島","寛式快慢車道分隔島(50公分以上)","無",77,"未使用",120.428115,23.490944,"嘉義市","西區"
"撞路樹、電桿","2022",5,5,14,"晴","日間自然光線",50,"四岔路","交叉路口內","柏油","乾燥","良好","無號誌","雙向禁止超車線","未繪設快慢車道分隔線","有",48,"不明",120.398939,23.691387,"雲林縣","虎尾鎮"
"撞路樹、電桿","2022",5,5,14,"晴","日間自然光線",50,"四岔路","交叉路口內","柏油","乾燥","良好","無號誌","雙向禁止超車線","未繪設快慢車道分隔線","有",74,"非駕駛人",120.398939,23.691387,"雲林縣","虎尾鎮"
"撞路樹、電桿","2022",5,5,14,"晴","日間自然光線",50,"四岔路","交叉路口內","柏油","乾燥","良好","無號誌","雙向禁止超車線","未繪設快慢車道分隔線","有",71,"非駕駛人",120.398939,23.691387,"雲林縣","虎尾鎮"
"側撞","2022",5,5,17,"晴","晨或暮光",50,"直路","一般車道(未劃分快慢車道)","柏油","乾燥","良好","無號誌","行車分向線","未繪設快慢車道分隔線","有",79,"未使用",120.291667,22.872963,"高雄市","路竹區"
"側撞","2022",5,5,17,"晴","晨或暮光",50,"直路","一般車道(未劃分快慢車道)","柏油","乾燥","良好","無號誌","行車分向線","未繪設快慢車道分隔線","有",20,"未使用",120.291667,22.872963,"高雄市","路竹區"
"側撞","2022",5,5,17,"晴","晨或暮光",50,"直路","一般車道(未劃分快慢車道)","柏油","乾燥","良好","無號誌","行車分向線","未繪設快慢車道分隔線","有",15,"非駕駛人",120.291667,22.872963,"高雄市","路竹區"
"側撞","2022",5,5,18,"晴","夜間(或隧道、地下道、涵洞)有照明",50,"直路","一般車道(未劃分快慢車道)","柏油","乾燥","良好","無號誌","雙向禁止超車線","未繪設快慢車道分隔線","有",46,"未使用",121.414954,25.006209,"新北市","樹林區"
"側撞","2022",5,5,18,"晴","夜間(或隧道、地下道、涵洞)有照明",50,"直路","一般車道(未劃分快慢車道)","柏油","乾燥","良好","無號誌","雙向禁止超車線","未繪設快慢車道分隔線","有",66,"未使用",121.414954,25.006209,"新北市","樹林區"
"同向通行中","2022",5,5,18,"晴","夜間(或隧道、地下道、涵洞)有照明",50,"直路","一般車道(未劃分快慢車道)","柏油","乾燥","良好","無號誌","行車分向線","未繪設快慢車道分隔線","有",23,"未使用",120.494565,23.968223,"彰化縣","溪湖鎮"
"同向通行中","2022",5,5,18,"晴","夜間(或隧道、地下道、涵洞)有照明",50,"直路","一般車道(未劃分快慢車道)","柏油","乾燥","良好","無號誌","行車分向線","未繪設快慢車道分隔線","有",86,"非駕駛人",120.494565,23.968223,"彰化縣","溪湖鎮"
"其他","2022",5,6,8,"雨","日間自然光線",50,"直路","慢車道","柏油","濕潤","良好","無號誌","中央分向島","快慢車道分隔線","有",45,"未使用",121.272291,25.057342,"桃園市","蘆竹區"
"其他","2022",5,6,8,"雨","日間自然光線",50,"直路","慢車道","柏油","濕潤","良好","無號誌","中央分向島","快慢車道分隔線","有",48,"未使用",121.272291,25.057342,"桃園市","蘆竹區"
"追撞","2022",5,6,14,"晴","日間自然光線",110,"直路","快車道","柏油","乾燥","良好","無號誌","中央分向島","未繪設快慢車道分隔線","有",33,"使用手持或有礙駕駛安全",120.746516,24.549415,"苗栗縣","西湖鄉"
"追撞","2022",5,6,14,"晴","日間自然光線",110,"直路","快車道","柏油","乾燥","良好","無號誌","中央分向島","未繪設快慢車道分隔線","有",50,"未使用",120.746516,24.549415,"苗栗縣","西湖鄉"
"追撞","2022",5,6,14,"晴","日間自然光線",110,"直路","快車道","柏油","乾燥","良好","無號誌","中央分向島","未繪設快慢車道分隔線","有",26,"不明",120.746516,24.549415,"苗栗縣","西湖鄉"
"追撞","2022",5,6,14,"晴","日間自然光線",110,"直路","快車道","柏油","乾燥","良好","無號誌","中央分向島","未繪設快慢車道分隔線","有",47,"非駕駛人",120.746516,24.549415,"苗栗縣","西湖鄉"
"追撞","2022",5,6,14,"晴","日間自然光線",110,"直路","快車道","柏油","乾燥","良好","無號誌","中央分向島","未繪設快慢車道分隔線","有",60,"不明",120.746516,24.549415,"苗栗縣","西湖鄉"
"追撞","2022",5,6,14,"晴","日間自然光線",110,"直路","快車道","柏油","乾燥","良好","無號誌","中央分向島","未繪設快慢車道分隔線","有",26,"不明",120.746516,24.549415,"苗栗縣","西湖鄉"
"路上翻車、摔倒","2022",5,6,14,"晴","日間自然光線",40,"三岔路","交叉口附近","柏油","乾燥","良好","無號誌","雙向禁止超車線","未繪設快慢車道分隔線","有",23,"不明",121.349322,24.849807,"桃園市","大溪區"
"同向擦撞","2022",5,6,16,"晴","日間自然光線",50,"三岔路","交叉路口內","柏油","乾燥","良好","正常","雙向禁止超車線","快慢車道分隔線","有",22,"未使用",121.485541,25.022253,"新北市","板橋區"
"同向擦撞","2022",5,6,16,"晴","日間自然光線",50,"三岔路","交叉路口內","柏油","乾燥","良好","正常","雙向禁止超車線","快慢車道分隔線","有",20,"未使用",121.485541,25.022253,"新北市","板橋區"
"同向擦撞","2022",5,6,16,"晴","日間自然光線",50,"三岔路","交叉路口內","柏油","乾燥","良好","正常","雙向禁止超車線","快慢車道分隔線","有",26,"未使用",121.485541,25.022253,"新北市","板橋區"
"同向通行中","2022",5,6,21,"陰","夜間(或隧道、地下道、涵洞)有照明",50,"三岔路","交叉口附近","柏油","乾燥","良好","正常","中央分向島","未繪設快慢車道分隔線","無",54,"未使用",121.715874,25.14007,"基隆市","安樂區"
"同向通行中","2022",5,6,21,"陰","夜間(或隧道、地下道、涵洞)有照明",50,"三岔路","交叉口附近","柏油","乾燥","良好","正常","中央分向島","未繪設快慢車道分隔線","無",25,"使用免持或未有礙駕駛安全",121.715874,25.14007,"基隆市","安樂區"
"同向通行中","2022",5,6,21,"陰","夜間(或隧道、地下道、涵洞)有照明",50,"三岔路","交叉口附近","柏油","乾燥","良好","正常","中央分向島","未繪設快慢車道分隔線","無",21,"未使用",121.715874,25.14007,"基隆市","安樂區"
"同向通行中","2022",5,6,21,"陰","夜間(或隧道、地下道、涵洞)有照明",50,"三岔路","交叉口附近","柏油","乾燥","良好","正常","中央分向島","未繪設快慢車道分隔線","無",19,"非駕駛人",121.715874,25.14007,"基隆市","安樂區"
"同向通行中","2022",5,6,21,"陰","夜間(或隧道、地下道、涵洞)有照明",50,"三岔路","交叉口附近","柏油","乾燥","良好","正常","中央分向島","未繪設快慢車道分隔線","無",22,"非駕駛人",121.715874,25.14007,"基隆市","安樂區"
"撞護欄(樁)","2022",5,7,3,"晴","夜間(或隧道、地下道、涵洞)有照明",100,"直路","快車道","柏油","乾燥","良好","無號誌","中央分向島","未繪設快慢車道分隔線","有",53,"未使用",121.380817,25.065273,"新北市","林口區"
"撞護欄(樁)","2022",5,7,3,"晴","夜間(或隧道、地下道、涵洞)有照明",100,"直路","快車道","柏油","乾燥","良好","無號誌","中央分向島","未繪設快慢車道分隔線","有",51,"非駕駛人",121.380817,25.065273,"新北市","林口區"
"路上翻車、摔倒","2022",5,7,6,"晴","日間自然光線",50,"彎曲路及附近","一般車道(未劃分快慢車道)","柏油","乾燥","良好","無號誌","雙向禁止超車線","快慢車道分隔線","有",27,"未使用",121.162696,24.737682,"新竹縣","橫山鄉"
"同向通行中","2022",5,7,19,"雨","夜間(或隧道、地下道、涵洞)有照明",50,"直路","一般車道(未劃分快慢車道)","柏油","濕潤","良好","無號誌","雙向禁止超車線","未繪設快慢車道分隔線","有",37,"未使用",121.383596,23.493661,"花蓮縣","瑞穗鄉"
"同向通行中","2022",5,7,19,"雨","夜間(或隧道、地下道、涵洞)有照明",50,"直路","一般車道(未劃分快慢車道)","柏油","濕潤","良好","無號誌","雙向禁止超車線","未繪設快慢車道分隔線","有",40,"非駕駛人",121.383596,23.493661,"花蓮縣","瑞穗鄉"
"同向通行中","2022",5,7,19,"雨","夜間(或隧道、地下道、涵洞)有照明",50,"直路","一般車道(未劃分快慢車道)","柏油","濕潤","良好","無號誌","雙向禁止超車線","未繪設快慢車道分隔線","有",51,"非駕駛人",121.383596,23.493661,"花蓮縣","瑞穗鄉"
"穿越道路中","2022",5,7,20,"晴","夜間(或隧道、地下道、涵洞)有照明",30,"直路","一般車道(未劃分快慢車道)","柏油","乾燥","良好","無號誌","無","未繪設快慢車道分隔線","無",15,"未使用",119.481236,23.564643,"澎湖縣","西嶼鄉"
"穿越道路中","2022",5,7,20,"晴","夜間(或隧道、地下道、涵洞)有照明",30,"直路","一般車道(未劃分快慢車道)","柏油","乾燥","良好","無號誌","無","未繪設快慢車道分隔線","無",67,"非駕駛人",119.481236,23.564643,"澎湖縣","西嶼鄉"
"穿越道路中","2022",5,7,20,"晴","夜間(或隧道、地下道、涵洞)有照明",30,"直路","一般車道(未劃分快慢車道)","柏油","乾燥","良好","無號誌","無","未繪設快慢車道分隔線","無",10,"非駕駛人",119.481236,23.564643,"澎湖縣","西嶼鄉"
"撞護欄(樁)","2022",5,8,1,"陰","夜間(或隧道、地下道、涵洞)無照明",50,"直路","路肩、路緣","柏油","乾燥","良好","無號誌","雙向禁止超車線","未繪設快慢車道分隔線","有",56,"不明",121.459549,23.788674,"花蓮縣","鳳林鎮"
"撞交通島","2022",5,8,5,"晴","晨或暮光",50,"直路","交通島(含槽化線)","柏油","乾燥","良好","正常","中央分向島","未繪設快慢車道分隔線","有",19,"未使用",120.201035,23.130505,"臺南市","西港區"
"撞交通島","2022",5,8,5,"晴","晨或暮光",50,"直路","交通島(含槽化線)","柏油","乾燥","良好","正常","中央分向島","未繪設快慢車道分隔線","有",18,"非駕駛人",120.201035,23.130505,"臺南市","西港區"
"路口交岔撞","2022",5,8,8,"晴","日間自然光線",50,"四岔路","交叉路口內","柏油","乾燥","良好","正常","雙向禁止超車線","未繪設快慢車道分隔線","有",46,"不明",120.517641,22.573636,"屏東縣","竹田鄉"
"路口交岔撞","2022",5,8,8,"晴","日間自然光線",50,"四岔路","交叉路口內","柏油","乾燥","良好","正常","雙向禁止超車線","未繪設快慢車道分隔線","有",52,"未使用",120.517641,22.573636,"屏東縣","竹田鄉"
"路口交岔撞","2022",5,8,8,"晴","日間自然光線",50,"四岔路","交叉路口內","柏油","乾燥","良好","正常","雙向禁止超車線","未繪設快慢車道分隔線","有",67,"未使用",120.517641,22.573636,"屏東縣","竹田鄉"
"同向擦撞","2022",5,8,12,"晴","日間自然光線",50,"直路","一般車道(未劃分快慢車道)","柏油","乾燥","良好","無號誌","雙向禁止超車線","未繪設快慢車道分隔線","有",51,"未使用",120.667617,23.042983,"高雄市","六龜區"
"同向擦撞","2022",5,8,12,"晴","日間自然光線",50,"直路","一般車道(未劃分快慢車道)","柏油","乾燥","良好","無號誌","雙向禁止超車線","未繪設快慢車道分隔線","有",17,"未使用",120.667617,23.042983,"高雄市","六龜區"
"撞號誌、標誌桿","2022",5,8,14,"晴","日間自然光線",50,"直路","一般車道(未劃分快慢車道)","柏油","乾燥","良好","無號誌","行車分向線","未繪設快慢車道分隔線","有",54,"未使用",121.21002,23.133352,"臺東縣","池上鄉"
"衝進路中","2022",5,8,19,"晴","夜間(或隧道、地下道、涵洞)有照明",110,"直路","快車道","柏油","乾燥","良好","無號誌","中央分向島","未繪設快慢車道分隔線","有",22,"不明",120.521306,23.592971,"嘉義縣","大林鎮"
"衝進路中","2022",5,8,19,"晴","夜間(或隧道、地下道、涵洞)有照明",110,"直路","快車道","柏油","乾燥","良好","無號誌","中央分向島","未繪設快慢車道分隔線","有",54,"未使用",120.521306,23.592971,"嘉義縣","大林鎮"
"追撞","2022",5,9,8,"晴","日間自然光線",90,"高架道路","快車道","柏油","乾燥","良好","無號誌","無","未繪設快慢車道分隔線","有",69,"未使用",120.586988,23.943628,"彰化縣","員林市"
"追撞","2022",5,9,8,"晴","日間自然光線",90,"高架道路","快車道","柏油","乾燥","良好","無號誌","無","未繪設快慢車道分隔線","有",25,"未使用",120.586988,23.943628,"彰化縣","員林市"
"追撞","2022",5,9,8,"晴","日間自然光線",90,"高架道路","快車道","柏油","乾燥","良好","無號誌","無","未繪設快慢車道分隔線","有",44,"未使用",120.586988,23.943628,"彰化縣","員林市"
"追撞","2022",5,9,8,"晴","日間自然光線",90,"高架道路","快車道","柏油","乾燥","良好","無號誌","無","未繪設快慢車道分隔線","有",62,"非駕駛人",120.586988,23.943628,"彰化縣","員林市"
"追撞","2022",5,9,8,"晴","日間自然光線",50,"直路","慢車道","柏油","乾燥","良好","無號誌","雙向禁止超車線","未繪設快慢車道分隔線","無",54,"未使用",120.292566,22.601626,"高雄市","前鎮區"
"追撞","2022",5,9,8,"晴","日間自然光線",50,"直路","慢車道","柏油","乾燥","良好","無號誌","雙向禁止超車線","未繪設快慢車道分隔線","無",65,"未使用",120.292566,22.601626,"高雄市","前鎮區"
"追撞","2022",5,9,8,"晴","日間自然光線",50,"直路","慢車道","柏油","乾燥","良好","無號誌","雙向禁止超車線","未繪設快慢車道分隔線","無",48,"未使用",120.292566,22.601626,"高雄市","前鎮區"
"撞路樹、電桿","2022",5,9,17,"晴","日間自然光線",50,"直路","路肩、路緣","柏油","乾燥","良好","無號誌","中央分向島","快慢車道分隔線","有",38,"未使用",120.385325,22.635399,"高雄市","大寮區"
"撞路樹、電桿","2022",5,9,17,"晴","日間自然光線",50,"直路","路肩、路緣","柏油","乾燥","良好","無號誌","中央分向島","快慢車道分隔線","有",111,"",120.385325,22.635399,"高雄市","大寮區"
"追撞","2022",5,9,18,"晴","夜間(或隧道、地下道、涵洞)無照明",40,"直路","慢車道","柏油","乾燥","良好","無號誌","中央分向島","快慢車道分隔線","有",41,"不明",120.218635,22.949166,"臺南市","仁德區"
"追撞","2022",5,9,18,"晴","夜間(或隧道、地下道、涵洞)無照明",40,"直路","慢車道","柏油","乾燥","良好","無號誌","中央分向島","快慢車道分隔線","有",75,"未使用",120.218635,22.949166,"臺南市","仁德區"