"事故類型及型態子類別名稱","發生年度","發生月份","發生日期","發生時間","天候名稱","光線名稱","速限.第1當事者","道路型態子類別名稱","事故位置子類別名稱","路面狀況.路面鋪裝名稱","路面狀況.路面狀態名稱","道路障礙.視距品質名稱","號誌.號誌動作名稱","車道劃分設施.分向設施大類別名稱","車道劃分設施.分道設施.快慢車道間名稱","車道劃分設施.分道設施.路面邊線名稱","當事者事故發生時年齡","行動電話或電腦或其他相類功能裝置名稱","經度","緯度","縣市","鄉鎮"
"撞交通島","2022",5,10,5,"晴","日間自然光線",60,"三岔路","交叉路口內","柏油","乾燥","良好","正常","中央分向島","未繪設快慢車道分隔線","無",60,"不明",120.906341,24.746045,"新竹市","香山區"
"撞路樹、電桿","2022",5,10,7,"晴","日間自然光線",30,"彎曲路及附近","一般車道(未劃分快慢車道)","柏油","乾燥","良好","無號誌","無","未繪設快慢車道分隔線","無",51,"未使用",120.431519,23.499206,"嘉義市","西區"
"追撞","2022",5,10,11,"晴","日間自然光線",50,"四岔路","交叉路口內","柏油","乾燥","良好","正常","中央分向島","未繪設快慢車道分隔線","無",42,"未使用",121.670412,25.077492,"新北市","汐止區"
"追撞","2022",5,10,11,"晴","日間自然光線",50,"四岔路","交叉路口內","柏油","乾燥","良好","正常","中央分向島","未繪設快慢車道分隔線","無",67,"非駕駛人",121.670412,25.077492,"新北市","汐止區"
"穿越道路中","2022",5,10,15,"晴","日間自然光線",50,"三岔路","交叉路口內","柏油","乾燥","良好","正常","無","未繪設快慢車道分隔線","有",42,"不明",121.332913,24.958767,"新北市","鶯歌區"
"穿越道路中","2022",5,10,15,"晴","日間自然光線",50,"三岔路","交叉路口內","柏油","乾燥","良好","正常","無","未繪設快慢車道分隔線","有",71,"未使用",121.332913,24.958767,"新北市","鶯歌區"
"撞橋樑、建築物","2022",5,10,18,"雨","夜間(或隧道、地下道、涵洞)無照明",50,"直路","一般車道(未劃分快慢車道)","柏油","濕潤","良好","無號誌","中央分向島","未繪設快慢車道分隔線","有",72,"未使用",121.4028,23.487566,"花蓮縣","瑞穗鄉"
"撞橋樑、建築物","2022",5,10,18,"雨","夜間(或隧道、地下道、涵洞)無照明",50,"直路","一般車道(未劃分快慢車道)","柏油","濕潤","良好","無號誌","中央分向島","未繪設快慢車道分隔線","有",67,"未使用",121.4028,23.487566,"花蓮縣","瑞穗鄉"
"撞橋樑、建築物","2022",5,10,18,"雨","夜間(或隧道、地下道、涵洞)無照明",50,"直路","一般車道(未劃分快慢車道)","柏油","濕潤","良好","無號誌","中央分向島","未繪設快慢車道分隔線","有",76,"未使用",121.4028,23.487566,"花蓮縣","瑞穗鄉"
"其他","2022",5,10,22,"雨","夜間(或隧道、地下道、涵洞)無照明",50,"直路","一般車道(未劃分快慢車道)","柏油","濕潤","良好","無號誌","雙向禁止超車線","未繪設快慢車道分隔線","有",46,"未使用",121.788525,24.672699,"宜蘭縣","羅東鎮"
"其他","2022",5,10,22,"雨","夜間(或隧道、地下道、涵洞)無照明",50,"直路","一般車道(未劃分快慢車道)","柏油","濕潤","良好","無號誌","雙向禁止超車線","未繪設快慢車道分隔線","有",29,"非駕駛人",121.788525,24.672699,"宜蘭縣","羅東鎮"
"對向擦撞","2022",5,10,23,"晴","日間自然光線",50,"四岔路","交叉路口內","柏油","乾燥","良好","正常","雙向禁止超車線","未繪設快慢車道分隔線","有",38,"未使用",120.429123,23.705163,"雲林縣","虎尾鎮"
"對向擦撞","2022",5,10,23,"晴","日間自然光線",50,"四岔路","交叉路口內","柏油","乾燥","良好","正常","雙向禁止超車線","未繪設快慢車道分隔線","有",20,"未使用",120.429123,23.705163,"雲林縣","虎尾鎮"
"追撞","2022",5,11,1,"晴","夜間(或隧道、地下道、涵洞)有照明",100,"直路","快車道","柏油","乾燥","良好","無號誌","中央分向島","未繪設快慢車道分隔線","有",40,"不明",121.325701,25.052546,"桃園市","蘆竹區"
"追撞","2022",5,11,1,"晴","夜間(或隧道、地下道、涵洞)有照明",100,"直路","快車道","柏油","乾燥","良好","無號誌","中央分向島","未繪設快慢車道分隔線","有",56,"未使用",121.325701,25.052546,"桃園市","蘆竹區"
"撞護欄(樁)","2022",5,11,5,"雨","晨或暮光",50,"三岔路","交叉路口內","柏油","濕潤","良好","正常","無","未繪設快慢車道分隔線","無",67,"未使用",121.478003,25.054488,"新北市","三重區"
"同向擦撞","2022",5,11,7,"雨","日間自然光線",30,"直路","一般車道(未劃分快慢車道)","柏油","濕潤","良好","無號誌","中央分向島","未繪設快慢車道分隔線","有",49,"未使用",121.272559,25.031681,"桃園市","蘆竹區"
"同向擦撞","2022",5,11,7,"雨","日間自然光線",30,"直路","一般車道(未劃分快慢車道)","柏油","濕潤","良好","無號誌","中央分向島","未繪設快慢車道分隔線","有",28,"未使用",121.272559,25.031681,"桃園市","蘆竹區"
"路口交岔撞","2022",5,11,12,"晴","日間自然光線",30,"四岔路","交叉路口內","柏油","乾燥","良好","無號誌","無","未繪設快慢車道分隔線","有",34,"未使用",120.5515,22.85462,"高雄市","美濃區"
"路口交岔撞","2022",5,11,12,"晴","日間自然光線",30,"四岔路","交叉路口內","柏油","乾燥","良好","無號誌","無","未繪設快慢車道分隔線","有",29,"不明",120.5515,22.85462,"高雄市","美濃區"
"路口交岔撞","2022",5,11,12,"晴","日間自然光線",30,"四岔路","交叉路口內","柏油","乾燥","良好","無號誌","無","未繪設快慢車道分隔線","有",43,"非駕駛人",120.5515,22.85462,"高雄市","美濃區"
"路口交岔撞","2022",5,11,12,"晴","日間自然光線",30,"四岔路","交叉路口內","柏油","乾燥","良好","無號誌","無","未繪設快慢車道分隔線","有",62,"",120.5515,22.85462,"高雄市","美濃區"
"撞號誌、標誌桿","2022",5,11,14,"晴","日間自然光線",50,"直路","路肩、路緣","柏油","乾燥","良好","無號誌","雙向禁止超車線","未繪設快慢車道分隔線","有",75,"未使用",121.178853,24.907988,"桃園市","楊梅區"
"其他","2022",5,11,14,"晴","日間自然光線",50,"四岔路","交叉路口內","柏油","乾燥","良好","正常","雙向禁止超車線","未繪設快慢車道分隔線","有",56,"未使用",121.004033,24.863929,"新竹縣","湖口鄉"
"其他","2022",5,11,14,"晴","日間自然光線",50,"四岔路","交叉路口內","柏油","乾燥","良好","正常","雙向禁止超車線","未繪設快慢車道分隔線","有",42,"未使用",121.004033,24.863929,"新竹縣","湖口鄉"
"撞非固定設施","2022",5,11,16,"晴","日間自然光線",50,"直路","一般車道(未劃分快慢車道)","柏油","乾燥","良好","無號誌","雙向禁止超車線","未繪設快慢車道分隔線","無",58,"不明",121.367136,24.944984,"新北市","三峽區"
"側撞","2022",5,12,1,"晴","夜間(或隧道、地下道、涵洞)無照明",30,"四岔路","交叉路口內","柏油","乾燥","良好","無號誌","無","未繪設快慢車道分隔線","無",25,"不明",120.704326,24.094884,"臺中市","大里區"
"側撞","2022",5,12,1,"晴","夜間(或隧道、地下道、涵洞)無照明",30,"四岔路","交叉路口內","柏油","乾燥","良好","無號誌","無","未繪設快慢車道分隔線","無",28,"不明",120.704326,24.094884,"臺中市","大里區"
"側撞","2022",5,12,21,"陰","夜間(或隧道、地下道、涵洞)有照明",60,"四岔路","交叉路口內","柏油","濕潤","良好","正常","無","未繪設快慢車道分隔線","無",66,"未使用",120.29051,23.542053,"嘉義縣","六腳鄉"
"側撞","2022",5,12,21,"陰","夜間(或隧道、地下道、涵洞)有照明",60,"四岔路","交叉路口內","柏油","濕潤","良好","正常","無","未繪設快慢車道分隔線","無",28,"未使用",120.29051,23.542053,"嘉義縣","六腳鄉"
"撞交通島","2022",5,12,22,"晴","夜間(或隧道、地下道、涵洞)有照明",50,"三岔路","交叉路口內","柏油","乾燥","良好","正常","無","未繪設快慢車道分隔線","無",52,"未使用",120.194901,22.986295,"臺南市","南區"
"衝出路外","2022",5,12,23,"雨","日間自然光線",50,"彎曲路及附近","路肩、路緣","柏油","濕潤","不良","無號誌","雙向禁止超車線","未繪設快慢車道分隔線","有",82,"不明",120.46802,23.671253,"雲林縣","斗南鎮"
"側撞","2022",5,13,6,"雨","日間自然光線",40,"直路","一般車道(未劃分快慢車道)","柏油","濕潤","良好","無號誌","行車分向線","未繪設快慢車道分隔線","有",44,"未使用",120.688962,23.969854,"南投縣","草屯鎮"
"側撞","2022",5,13,6,"雨","日間自然光線",40,"直路","一般車道(未劃分快慢車道)","柏油","濕潤","良好","無號誌","行車分向線","未繪設快慢車道分隔線","有",75,"未使用",120.688962,23.969854,"南投縣","草屯鎮"
"撞路樹、電桿","2022",5,13,14,"晴","日間自然光線",50,"直路","一般車道(未劃分快慢車道)","柏油","乾燥","良好","無號誌","行車分向線","快慢車道分隔線","有",80,"未使用",120.529136,24.07692,"彰化縣","彰化市"
"其他","2022",5,13,19,"雨","夜間(或隧道、地下道、涵洞)有照明",50,"三岔路","交叉路口內","柏油","濕潤","良好","正常","中央分向島","未繪設快慢車道分隔線","有",58,"未使用",121.453435,25.161918,"新北市","淡水區"
"其他","2022",5,13,19,"雨","夜間(或隧道、地下道、涵洞)有照明",50,"三岔路","交叉路口內","柏油","濕潤","良好","正常","中央分向島","未繪設快慢車道分隔線","有",21,"未使用",121.453435,25.161918,"新北市","淡水區"
"追撞","2022",5,13,20,"陰","夜間(或隧道、地下道、涵洞)有照明",110,"直路","快車道","柏油","濕潤","良好","無號誌","中央分向島","未繪設快慢車道分隔線","有",58,"未使用",120.494233,23.494107,"嘉義縣","竹崎鄉"
"追撞","2022",5,13,20,"陰","夜間(或隧道、地下道、涵洞)有照明",110,"直路","快車道","柏油","濕潤","良好","無號誌","中央分向島","未繪設快慢車道分隔線","有",43,"未使用",120.494233,23.494107,"嘉義縣","竹崎鄉"
"追撞","2022",5,13,20,"陰","夜間(或隧道、地下道、涵洞)有照明",110,"直路","快車道","柏油","濕潤","良好","無號誌","中央分向島","未繪設快慢車道分隔線","有",35,"未使用",120.494233,23.494107,"嘉義縣","竹崎鄉"
"追撞","2022",5,13,20,"陰","夜間(或隧道、地下道、涵洞)有照明",110,"直路","快車道","柏油","濕潤","良好","無號誌","中央分向島","未繪設快慢車道分隔線","有",34,"未使用",120.494233,23.494107,"嘉義縣","竹崎鄉"
"追撞","2022",5,13,20,"陰","夜間(或隧道、地下道、涵洞)有照明",110,"直路","快車道","柏油","濕潤","良好","無號誌","中央分向島","未繪設快慢車道分隔線","有",61,"未使用",120.494233,23.494107,"嘉義縣","竹崎鄉"
"追撞","2022",5,13,20,"陰","夜間(或隧道、地下道、涵洞)有照明",110,"直路","快車道","柏油","濕潤","良好","無號誌","中央分向島","未繪設快慢車道分隔線","有",20,"未使用",120.494233,23.494107,"嘉義縣","竹崎鄉"
"追撞","2022",5,13,20,"陰","夜間(或隧道、地下道、涵洞)有照明",110,"直路","快車道","柏油","濕潤","良好","無號誌","中央分向島","未繪設快慢車道分隔線","有",35,"非駕駛人",120.494233,23.494107,"嘉義縣","竹崎鄉"
"追撞","2022",5,13,20,"陰","夜間(或隧道、地下道、涵洞)有照明",110,"直路","快車道","柏油","濕潤","良好","無號誌","中央分向島","未繪設快慢車道分隔線","有",41,"未使用",120.494233,23.494107,"嘉義縣","竹崎鄉"
"追撞","2022",5,13,20,"陰","夜間(或隧道、地下道、涵洞)有照明",110,"直路","快車道","柏油","濕潤","良好","無號誌","中央分向島","未繪設快慢車道分隔線","有",33,"未使用",120.494233,23.494107,"嘉義縣","竹崎鄉"
"追撞","2022",5,13,20,"陰","夜間(或隧道、地下道、涵洞)有照明",110,"直路","快車道","柏油","濕潤","良好","無號誌","中央分向島","未繪設快慢車道分隔線","有",25,"未使用",120.494233,23.494107,"嘉義縣","竹崎鄉"
"追撞","2022",5,13,20,"陰","夜間(或隧道、地下道、涵洞)有照明",110,"直路","快車道","柏油","濕潤","良好","無號誌","中央分向島","未繪設快慢車道分隔線","有",43,"未使用",120.494233,23.494107,"嘉義縣","竹崎鄉"
"追撞","2022",5,13,20,"陰","夜間(或隧道、地下道、涵洞)有照明",110,"直路","快車道","柏油","濕潤","良好","無號誌","中央分向島","未繪設快慢車道分隔線","有",37,"未使用",120.494233,23.494107,"嘉義縣","竹崎鄉"
"追撞","2022",5,13,20,"陰","夜間(或隧道、地下道、涵洞)有照明",110,"直路","快車道","柏油","濕潤","良好","無號誌","中央分向島","未繪設快慢車道分隔線","有",33,"未使用",120.494233,23.494107,"嘉義縣","竹崎鄉"
"側撞","2022",5,13,20,"晴","夜間(或隧道、地下道、涵洞)有照明",50,"四岔路","交叉路口內","柏油","乾燥","良好","正常","無","未繪設快慢車道分隔線","無",24,"未使用",120.685725,24.155948,"臺中市","北區"
"側撞","2022",5,13,20,"晴","夜間(或隧道、地下道、涵洞)有照明",50,"四岔路","交叉路口內","柏油","乾燥","良好","正常","無","未繪設快慢車道分隔線","無",43,"未使用",120.685725,24.155948,"臺中市","北區"
"撞路樹、電桿","2022",5,14,5,"雨","晨或暮光",50,"直路","一般車道(未劃分快慢車道)","柏油","濕潤","不良","無號誌","雙向禁止超車線","未繪設快慢車道分隔線","無",21,"不明",120.382912,23.931615,"彰化縣","二林鎮"
"撞路樹、電桿","2022",5,14,5,"雨","晨或暮光",50,"直路","一般車道(未劃分快慢車道)","柏油","濕潤","不良","無號誌","雙向禁止超車線","未繪設快慢車道分隔線","無",21,"不明",120.382912,23.931615,"彰化縣","二林鎮"
"撞路樹、電桿","2022",5,14,8,"雨","日間自然光線",30,"彎曲路及附近","一般車道(未劃分快慢車道)","柏油","濕潤","良好","無號誌","無","未繪設快慢車道分隔線","有",57,"未使用",120.593229,23.588283,"雲林縣","古坑鄉"
"側撞","2022",5,14,20,"雨","夜間(或隧道、地下道、涵洞)有照明",50,"三岔路","交叉路口內","柏油","濕潤","良好","正常","無","未繪設快慢車道分隔線","無",41,"不明",121.272077,24.978807,"桃園市","八德區"
"側撞","2022",5,14,20,"雨","夜間(或隧道、地下道、涵洞)有照明",50,"三岔路","交叉路口內","柏油","濕潤","良好","正常","無","未繪設快慢車道分隔線","無",20,"不明",121.272077,24.978807,"桃園市","八德區"
"側撞","2022",5,14,20,"雨","夜間(或隧道、地下道、涵洞)有照明",50,"直路","慢車道","柏油","濕潤","良好","無號誌","中央分向島","快慢車道分隔線","有",18,"使用免持或未有礙駕駛安全",120.874691,24.672469,"苗栗縣","竹南鎮"
"側撞","2022",5,14,20,"雨","夜間(或隧道、地下道、涵洞)有照明",50,"直路","慢車道","柏油","濕潤","良好","無號誌","中央分向島","快慢車道分隔線","有",57,"未使用",120.874691,24.672469,"苗栗縣","竹南鎮"
"側撞","2022",5,14,20,"雨","夜間(或隧道、地下道、涵洞)有照明",50,"直路","慢車道","柏油","濕潤","良好","無號誌","中央分向島","快慢車道分隔線","有",18,"非駕駛人",120.874691,24.672469,"苗栗縣","竹南鎮"
"衝出路外","2022",5,15,6,"暴雨","日間自然光線",50,"直路","一般車道(未劃分快慢車道)","柏油","濕潤","良好","無號誌","行車分向線","未繪設快慢車道分隔線","有",25,"不明",120.545185,22.606966,"屏東縣","內埔鄉"
"其他","2022",5,16,1,"雨","夜間(或隧道、地下道、涵洞)有照明",50,"四岔路","交叉口附近","柏油","濕潤","良好","正常","無","未繪設快慢車道分隔線","無",56,"非駕駛人",120.67004,24.112788,"臺中市","南區"
"其他","2022",5,16,1,"雨","夜間(或隧道、地下道、涵洞)有照明",50,"四岔路","交叉口附近","柏油","濕潤","良好","正常","無","未繪設快慢車道分隔線","無",58,"未使用",120.67004,24.112788,"臺中市","南區"
"追撞","2022",5,16,5,"雨","夜間(或隧道、地下道、涵洞)無照明",40,"直路","慢車道","柏油","濕潤","良好","無號誌","行車分向線","快慢車道分隔線","有",27,"未使用",120.639753,22.705319,"屏東縣","內埔鄉"
"追撞","2022",5,16,5,"雨","夜間(或隧道、地下道、涵洞)無照明",40,"直路","慢車道","柏油","濕潤","良好","無號誌","行車分向線","快慢車道分隔線","有",40,"未使用",120.639753,22.705319,"屏東縣","內埔鄉"
"側撞","2022",5,16,5,"雨","日間自然光線",60,"直路","一般車道(未劃分快慢車道)","柏油","濕潤","良好","正常","雙向禁止超車線","未繪設快慢車道分隔線","有",39,"未使用",120.515095,23.951277,"彰化縣","埔心鄉"
"側撞","2022",5,16,5,"雨","日間自然光線",60,"直路","一般車道(未劃分快慢車道)","柏油","濕潤","良好","正常","雙向禁止超車線","未繪設快慢車道分隔線","有",25,"未使用",120.515095,23.951277,"彰化縣","埔心鄉"
"追撞","2022",5,16,7,"陰","日間自然光線",40,"直路","慢車道","柏油","濕潤","不良","無號誌","雙向禁止超車線","快慢車道分隔線","有",56,"未使用",121.134291,22.742457,"臺東縣","臺東市"
"追撞","2022",5,16,7,"陰","日間自然光線",40,"直路","慢車道","柏油","濕潤","不良","無號誌","雙向禁止超車線","快慢車道分隔線","有",40,"不明",121.134291,22.742457,"臺東縣","臺東市"
"側撞","2022",5,16,10,"雨","日間自然光線",70,"四岔路","交叉路口內","柏油","濕潤","良好","正常","無","未繪設快慢車道分隔線","無",49,"未使用",121.467375,23.774625,"花蓮縣","鳳林鎮"
"側撞","2022",5,16,10,"雨","日間自然光線",70,"四岔路","交叉路口內","柏油","濕潤","良好","正常","無","未繪設快慢車道分隔線","無",18,"未使用",121.467375,23.774625,"花蓮縣","鳳林鎮"
"追撞","2022",5,16,12,"雨","日間自然光線",50,"直路","一般車道(未劃分快慢車道)","柏油","濕潤","良好","無號誌","雙向禁止超車線","未繪設快慢車道分隔線","無",20,"未使用",121.53511,24.976331,"新北市","新店區"
"追撞","2022",5,16,12,"雨","日間自然光線",50,"直路","一般車道(未劃分快慢車道)","柏油","濕潤","良好","無號誌","雙向禁止超車線","未繪設快慢車道分隔線","無",51,"未使用",121.53511,24.976331,"新北市","新店區"
"追撞","2022",5,16,12,"雨","日間自然光線",50,"直路","一般車道(未劃分快慢車道)","柏油","濕潤","良好","無號誌","雙向禁止超車線","未繪設快慢車道分隔線","無",28,"未使用",121.53511,24.976331,"新北市","新店區"
"撞路樹、電桿","2022",5,16,14,"雨","日間自然光線",60,"直路","路肩、路緣","柏油","濕潤","良好","無號誌","無","快慢車道分隔線","有",51,"未使用",121.822856,24.833757,"宜蘭縣","頭城鎮"
"其他","2022",5,17,5,"陰","日間自然光線",70,"四岔路","交叉路口內","柏油","濕潤","良好","正常","中央分向島","寛式快慢車道分隔島(50公分以上)","有",78,"不明",120.363484,23.893557,"彰化縣","大城鄉"
"其他","2022",5,17,5,"陰","日間自然光線",70,"四岔路","交叉路口內","柏油","濕潤","良好","正常","中央分向島","寛式快慢車道分隔島(50公分以上)","有",42,"不明",120.363484,23.893557,"彰化縣","大城鄉"
"其他","2022",5,17,5,"陰","日間自然光線",70,"四岔路","交叉路口內","柏油","濕潤","良好","正常","中央分向島","寛式快慢車道分隔島(50公分以上)","有",78,"不明",120.363484,23.893557,"彰化縣","大城鄉"
"側撞","2022",5,17,7,"陰","日間自然光線",60,"四岔路","交叉路口內","柏油","濕潤","良好","正常","無","未繪設快慢車道分隔線","無",49,"不明",120.630876,24.205448,"臺中市","西屯區"
"側撞","2022",5,17,7,"陰","日間自然光線",60,"四岔路","交叉路口內","柏油","濕潤","良好","正常","無","未繪設快慢車道分隔線","無",49,"不明",120.630876,24.205448,"臺中市","西屯區"
"追撞","2022",5,17,8,"陰","日間自然光線",50,"三岔路","交叉口附近","柏油","乾燥","良好","正常","雙向禁止超車線","未繪設快慢車道分隔線","有",65,"未使用",121.000725,24.745268,"新竹縣","寶山鄉"
"追撞","2022",5,17,8,"陰","日間自然光線",50,"三岔路","交叉口附近","柏油","乾燥","良好","正常","雙向禁止超車線","未繪設快慢車道分隔線","有",37,"未使用",121.000725,24.745268,"新竹縣","寶山鄉"
"在路上作業中","2022",5,17,11,"晴","日間自然光線",60,"直路","一般車道(未劃分快慢車道)","柏油","乾燥","良好","無號誌","中央分向島","未繪設快慢車道分隔線","有",33,"未使用",120.540988,23.970227,"彰化縣","埔心鄉"
"在路上作業中","2022",5,17,11,"晴","日間自然光線",60,"直路","一般車道(未劃分快慢車道)","柏油","乾燥","良好","無號誌","中央分向島","未繪設快慢車道分隔線","有",57,"未使用",120.540988,23.970227,"彰化縣","埔心鄉"
"其他","2022",5,17,12,"晴","日間自然光線",50,"三岔路","一般車道(未劃分快慢車道)","柏油","乾燥","良好","正常","雙向禁止超車線","未繪設快慢車道分隔線","有",73,"未使用",120.501736,24.108403,"彰化縣","和美鎮"
"其他","2022",5,17,12,"晴","日間自然光線",50,"三岔路","一般車道(未劃分快慢車道)","柏油","乾燥","良好","正常","雙向禁止超車線","未繪設快慢車道分隔線","有",33,"未使用",120.501736,24.108403,"彰化縣","和美鎮"
"追撞","2022",5,17,14,"陰","日間自然光線",60,"彎曲路及附近","慢車道","柏油","乾燥","良好","無號誌","雙向禁止超車線","快慢車道分隔線","有",23,"未使用",120.898961,24.488753,"苗栗縣","獅潭鄉"
"追撞","2022",5,17,14,"陰","日間自然光線",60,"彎曲路及附近","慢車道","柏油","乾燥","良好","無號誌","雙向禁止超車線","快慢車道分隔線","有",51,"未使用",120.898961,24.488753,"苗栗縣","獅潭鄉"
"追撞","2022",5,17,14,"陰","日間自然光線",60,"彎曲路及附近","慢車道","柏油","乾燥","良好","無號誌","雙向禁止超車線","快慢車道分隔線","有",61,"未使用",120.898961,24.488753,"苗栗縣","獅潭鄉"
"側撞","2022",5,17,21,"晴","夜間(或隧道、地下道、涵洞)有照明",60,"直路","一般車道(未劃分快慢車道)","柏油","乾燥","良好","無號誌","無","未繪設快慢車道分隔線","有",25,"未使用",120.475432,23.999287,"彰化縣","埔鹽鄉"
"側撞","2022",5,17,21,"晴","夜間(或隧道、地下道、涵洞)有照明",60,"直路","一般車道(未劃分快慢車道)","柏油","乾燥","良好","無號誌","無","未繪設快慢車道分隔線","有",40,"未使用",120.475432,23.999287,"彰化縣","埔鹽鄉"
"路口交岔撞","2022",5,18,7,"晴","日間自然光線",40,"四岔路","交叉路口內","柏油","乾燥","良好","正常","中央分向島","快慢車道分隔線","有",84,"未使用",120.484994,22.582927,"屏東縣","萬丹鄉"
"路口交岔撞","2022",5,18,7,"晴","日間自然光線",40,"四岔路","交叉路口內","柏油","乾燥","良好","正常","中央分向島","快慢車道分隔線","有",54,"未使用",120.484994,22.582927,"屏東縣","萬丹鄉"
"同向擦撞","2022",5,18,8,"晴","日間自然光線",50,"直路","一般車道(未劃分快慢車道)","柏油","乾燥","良好","無號誌","行車分向線","未繪設快慢車道分隔線","有",70,"未使用",120.581549,22.743395,"屏東縣","鹽埔鄉"
"同向擦撞","2022",5,18,8,"晴","日間自然光線",50,"直路","一般車道(未劃分快慢車道)","柏油","乾燥","良好","無號誌","行車分向線","未繪設快慢車道分隔線","有",82,"未使用",120.581549,22.743395,"屏東縣","鹽埔鄉"
"同向擦撞","2022",5,18,8,"晴","日間自然光線",50,"直路","一般車道(未劃分快慢車道)","柏油","乾燥","良好","無號誌","行車分向線","未繪設快慢車道分隔線","有",68,"未使用",120.581549,22.743395,"屏東縣","鹽埔鄉"
"對撞","2022",5,18,15,"晴","日間自然光線",40,"直路","一般車道(未劃分快慢車道)","柏油","乾燥","良好","無號誌","無","未繪設快慢車道分隔線","有",78,"不明",121.480928,25.009229,"新北市","三峽區"
"對撞","2022",5,18,15,"晴","日間自然光線",40,"直路","一般車道(未劃分快慢車道)","柏油","乾燥","良好","無號誌","無","未繪設快慢車道分隔線","有",45,"不明",121.480928,25.009229,"新北市","三峽區"
"同向擦撞","2022",5,19,7,"陰","日間自然光線",50,"直路","一般車道(未劃分快慢車道)","柏油","乾燥","良好","無號誌","中央分向島","未繪設快慢車道分隔線","無",56,"未使用",121.491111,25.062717,"新北市","三重區"
"同向擦撞","2022",5,19,7,"陰","日間自然光線",50,"直路","一般車道(未劃分快慢車道)","柏油","乾燥","良好","無號誌","中央分向島","未繪設快慢車道分隔線","無",61,"未使用",121.491111,25.062717,"新北市","三重區"
"同向擦撞","2022",5,19,7,"陰","日間自然光線",50,"直路","一般車道(未劃分快慢車道)","柏油","乾燥","良好","無號誌","中央分向島","未繪設快慢車道分隔線","無",52,"未使用",121.491111,25.062717,"新北市","三重區"
"同向擦撞","2022",5,19,7,"陰","日間自然光線",50,"直路","一般車道(未劃分快慢車道)","柏油","乾燥","良好","無號誌","中央分向島","未繪設快慢車道分隔線","無",59,"不明",121.491111,25.062717,"新北市","三重區"
"追撞","2022",5,19,7,"晴","日間自然光線",40,"三岔路","交叉路口內","柏油","乾燥","良好","無號誌","無","未繪設快慢車道分隔線","無",26,"未使用",120.414339,23.561113,"嘉義縣","民雄鄉"
"追撞","2022",5,19,7,"晴","日間自然光線",40,"三岔路","交叉路口內","柏油","乾燥","良好","無號誌","無","未繪設快慢車道分隔線","無",79,"不明",120.414339,23.561113,"嘉義縣","民雄鄉"
"其他","2022",5,19,12,"晴","日間自然光線",50,"直路","慢車道","柏油","乾燥","良好","無號誌","無","快慢車道分隔線","有",18,"未使用",120.710621,24.094265,"臺中市","大里區"
"其他","2022",5,19,12,"晴","日間自然光線",50,"直路","慢車道","柏油","乾燥","良好","無號誌","無","快慢車道分隔線","有",22,"不明",120.710621,24.094265,"臺中市","大里區"
"其他","2022",5,19,12,"晴","日間自然光線",50,"直路","慢車道","柏油","乾燥","良好","無號誌","無","快慢車道分隔線","有",42,"不明",120.710621,24.094265,"臺中市","大里區"
"其他","2022",5,19,12,"晴","日間自然光線",50,"直路","慢車道","柏油","乾燥","良好","無號誌","無","快慢車道分隔線","有",19,"非駕駛人",120.710621,24.094265,"臺中市","大里區"
"側撞","2022",5,19,16,"晴","日間自然光線",60,"四岔路","交叉口附近","柏油","乾燥","良好","正常","中央分向島","快慢車道分隔線","有",72,"不明",120.259927,23.722147,"雲林縣","東勢鄉"
"側撞","2022",5,19,16,"晴","日間自然光線",60,"四岔路","交叉口附近","柏油","乾燥","良好","正常","中央分向島","快慢車道分隔線","有",22,"不明",120.259927,23.722147,"雲林縣","東勢鄉"
"對撞","2022",5,19,17,"晴","日間自然光線",50,"直路","一般車道(未劃分快慢車道)","柏油","乾燥","良好","無號誌","雙向禁止超車線","未繪設快慢車道分隔線","有",38,"不明",120.579106,23.966258,"彰化縣","員林市"
"對撞","2022",5,19,17,"晴","日間自然光線",50,"直路","一般車道(未劃分快慢車道)","柏油","乾燥","良好","無號誌","雙向禁止超車線","未繪設快慢車道分隔線","有",21,"不明",120.579106,23.966258,"彰化縣","員林市"
"對撞","2022",5,19,17,"晴","日間自然光線",50,"直路","一般車道(未劃分快慢車道)","柏油","乾燥","良好","無號誌","雙向禁止超車線","未繪設快慢車道分隔線","有",52,"不明",120.579106,23.966258,"彰化縣","員林市"
"對撞","2022",5,19,17,"晴","日間自然光線",50,"直路","一般車道(未劃分快慢車道)","柏油","乾燥","良好","無號誌","雙向禁止超車線","未繪設快慢車道分隔線","有",29,"不明",120.579106,23.966258,"彰化縣","員林市"
"路口交岔撞","2022",5,20,4,"晴","晨或暮光",50,"四岔路","交叉路口內","柏油","乾燥","良好","正常","無","未繪設快慢車道分隔線","無",45,"未使用",121.589217,23.983008,"花蓮縣","吉安鄉"
"路口交岔撞","2022",5,20,4,"晴","晨或暮光",50,"四岔路","交叉路口內","柏油","乾燥","良好","正常","無","未繪設快慢車道分隔線","無",27,"未使用",121.589217,23.983008,"花蓮縣","吉安鄉"
"路口交岔撞","2022",5,20,4,"晴","晨或暮光",50,"四岔路","交叉路口內","柏油","乾燥","良好","正常","無","未繪設快慢車道分隔線","無",37,"未使用",121.589217,23.983008,"花蓮縣","吉安鄉"
"路口交岔撞","2022",5,20,4,"晴","晨或暮光",50,"四岔路","交叉路口內","柏油","乾燥","良好","正常","無","未繪設快慢車道分隔線","無",53,"未使用",121.589217,23.983008,"花蓮縣","吉安鄉"