"事故類型及型態子類別名稱","發生年度","發生月份","發生日期","發生時間","天候名稱","光線名稱","速限.第1當事者","道路型態子類別名稱","事故位置子類別名稱","路面狀況.路面鋪裝名稱","路面狀況.路面狀態名稱","道路障礙.視距品質名稱","號誌.號誌動作名稱","車道劃分設施.分向設施大類別名稱","車道劃分設施.分道設施.快慢車道間名稱","車道劃分設施.分道設施.路面邊線名稱","當事者事故發生時年齡","行動電話或電腦或其他相類功能裝置名稱","經度","緯度","縣市","鄉鎮"
"路口交岔撞","2022",5,20,4,"晴","晨或暮光",50,"四岔路","交叉路口內","柏油","乾燥","良好","正常","無","未繪設快慢車道分隔線","無",53,"未使用",121.589217,23.983008,"花蓮縣","吉安鄉"
"路口交岔撞","2022",5,20,4,"晴","晨或暮光",50,"四岔路","交叉路口內","柏油","乾燥","良好","正常","無","未繪設快慢車道分隔線","無",18,"未使用",121.589217,23.983008,"花蓮縣","吉安鄉"
"路口交岔撞","2022",5,20,4,"晴","晨或暮光",50,"四岔路","交叉路口內","柏油","乾燥","良好","正常","無","未繪設快慢車道分隔線","無",21,"未使用",121.589217,23.983008,"花蓮縣","吉安鄉"
"追撞","2022",5,20,9,"晴","日間自然光線",50,"直路","一般車道(未劃分快慢車道)","柏油","乾燥","良好","無號誌","雙向禁止超車線","快慢車道分隔線","有",77,"未使用",120.298277,23.553383,"嘉義縣","六腳鄉"
"追撞","2022",5,20,9,"晴","日間自然光線",50,"直路","一般車道(未劃分快慢車道)","柏油","乾燥","良好","無號誌","雙向禁止超車線","快慢車道分隔線","有",25,"未使用",120.298277,23.553383,"嘉義縣","六腳鄉"
"其他","2022",5,20,10,"晴","日間自然光線",60,"直路","路肩、路緣","柏油","乾燥","良好","無號誌","行車分向線","快慢車道分隔線","有",59,"未使用",120.165817,23.157957,"臺南市","佳里區"
"其他","2022",5,20,10,"晴","日間自然光線",60,"直路","路肩、路緣","柏油","乾燥","良好","無號誌","行車分向線","快慢車道分隔線","有",20,"未使用",120.165817,23.157957,"臺南市","佳里區"
"穿越道路中","2022",5,20,20,"晴","夜間(或隧道、地下道、涵洞)有照明",50,"三岔路","交叉路口內","柏油","乾燥","良好","無號誌","中央分向島","未繪設快慢車道分隔線","有",86,"非駕駛人",121.45695,25.005713,"新北市","板橋區"
"穿越道路中","2022",5,20,20,"晴","夜間(或隧道、地下道、涵洞)有照明",50,"三岔路","交叉路口內","柏油","乾燥","良好","無號誌","中央分向島","未繪設快慢車道分隔線","有",56,"未使用",121.45695,25.005713,"新北市","板橋區"
"追撞","2022",5,21,19,"晴","夜間(或隧道、地下道、涵洞)有照明",50,"直路","一般車道(未劃分快慢車道)","柏油","乾燥","良好","無號誌","行車分向線","未繪設快慢車道分隔線","有",27,"未使用",120.265561,23.224632,"臺南市","下營區"
"追撞","2022",5,21,19,"晴","夜間(或隧道、地下道、涵洞)有照明",50,"直路","一般車道(未劃分快慢車道)","柏油","乾燥","良好","無號誌","行車分向線","未繪設快慢車道分隔線","有",87,"未使用",120.265561,23.224632,"臺南市","下營區"
"追撞","2022",5,21,19,"晴","夜間(或隧道、地下道、涵洞)有照明",50,"直路","一般車道(未劃分快慢車道)","柏油","乾燥","良好","無號誌","行車分向線","未繪設快慢車道分隔線","有",64,"未使用",120.265561,23.224632,"臺南市","下營區"
"側撞","2022",5,21,20,"陰","夜間(或隧道、地下道、涵洞)有照明",40,"三岔路","慢車道","柏油","乾燥","良好","無號誌","中央分向島","未繪設快慢車道分隔線","無",59,"未使用",120.526557,24.226823,"臺中市","梧棲區"
"側撞","2022",5,21,20,"陰","夜間(或隧道、地下道、涵洞)有照明",40,"三岔路","慢車道","柏油","乾燥","良好","無號誌","中央分向島","未繪設快慢車道分隔線","無",19,"未使用",120.526557,24.226823,"臺中市","梧棲區"
"撞路樹、電桿","2022",5,22,2,"晴","夜間(或隧道、地下道、涵洞)有照明",40,"四岔路","人行道","其他鋪裝","乾燥","良好","正常","無","未繪設快慢車道分隔線","無",58,"未使用",120.2834,22.66911,"高雄市","鼓山區"
"撞路樹、電桿","2022",5,22,2,"晴","夜間(或隧道、地下道、涵洞)有照明",40,"四岔路","人行道","其他鋪裝","乾燥","良好","正常","無","未繪設快慢車道分隔線","無",111,"",120.2834,22.66911,"高雄市","鼓山區"
"其他","2022",5,22,2,"陰","夜間(或隧道、地下道、涵洞)有照明",50,"直路","一般車道(未劃分快慢車道)","柏油","濕潤","良好","無號誌","無","未繪設快慢車道分隔線","無",18,"未使用",120.684778,24.216188,"臺中市","潭子區"
"側撞","2022",5,22,8,"晴","日間自然光線",50,"三岔路","交叉路口內","柏油","乾燥","良好","正常","無","未繪設快慢車道分隔線","無",58,"未使用",121.211171,24.961538,"桃園市","中壢區"
"側撞","2022",5,22,8,"晴","日間自然光線",50,"三岔路","交叉路口內","柏油","乾燥","良好","正常","無","未繪設快慢車道分隔線","無",64,"未使用",121.211171,24.961538,"桃園市","中壢區"
"側撞","2022",5,22,8,"晴","日間自然光線",50,"三岔路","交叉路口內","柏油","乾燥","良好","正常","無","未繪設快慢車道分隔線","無",57,"非駕駛人",121.211171,24.961538,"桃園市","中壢區"
"路口交岔撞","2022",5,22,10,"陰","日間自然光線",50,"四岔路","交叉路口內","柏油","乾燥","良好","正常","雙向禁止超車線","未繪設快慢車道分隔線","無",34,"未使用",121.522116,25.046803,"臺北市","中正區"
"路口交岔撞","2022",5,22,10,"陰","日間自然光線",50,"四岔路","交叉路口內","柏油","乾燥","良好","正常","雙向禁止超車線","未繪設快慢車道分隔線","無",52,"未使用",121.522116,25.046803,"臺北市","中正區"
"路口交岔撞","2022",5,22,10,"陰","日間自然光線",50,"四岔路","交叉路口內","柏油","乾燥","良好","正常","雙向禁止超車線","未繪設快慢車道分隔線","無",74,"不明",121.522116,25.046803,"臺北市","中正區"
"路口交岔撞","2022",5,22,10,"陰","日間自然光線",50,"四岔路","交叉路口內","柏油","乾燥","良好","正常","雙向禁止超車線","未繪設快慢車道分隔線","無",45,"不明",121.522116,25.046803,"臺北市","中正區"
"路口交岔撞","2022",5,22,10,"陰","日間自然光線",50,"四岔路","交叉路口內","柏油","乾燥","良好","正常","雙向禁止超車線","未繪設快慢車道分隔線","無",28,"非駕駛人",121.522116,25.046803,"臺北市","中正區"
"撞路樹、電桿","2022",5,22,14,"陰","日間自然光線",50,"直路","路肩、路緣","柏油","乾燥","良好","無號誌","行車分向線","快慢車道分隔線","有",29,"未使用",120.549547,22.605414,"屏東縣","竹田鄉"
"衝出路外","2022",5,22,21,"陰","夜間(或隧道、地下道、涵洞)有照明",50,"直路","一般車道(未劃分快慢車道)","柏油","乾燥","良好","無號誌","行車分向線","未繪設快慢車道分隔線","有",54,"未使用",121.839663,24.868924,"宜蘭縣","頭城鎮"
"路上翻車、摔倒","2022",5,23,1,"晴","夜間(或隧道、地下道、涵洞)有照明",50,"三岔路","交叉口附近","柏油","乾燥","良好","正常","雙向禁止超車線","未繪設快慢車道分隔線","有",36,"未使用",120.537777,24.065989,"彰化縣","彰化市"
"撞路樹、電桿","2022",5,23,6,"晴","晨或暮光",50,"直路","路肩、路緣","柏油","乾燥","良好","無號誌","行車分向線","快慢車道分隔線","有",42,"未使用",120.279475,23.190304,"臺南市","麻豆區"
"同向擦撞","2022",5,23,7,"晴","日間自然光線",60,"直路","路肩、路緣","柏油","乾燥","良好","無號誌","中央分向島","快慢車道分隔線","有",29,"未使用",120.639341,24.108025,"臺中市","烏日區"
"同向擦撞","2022",5,23,7,"晴","日間自然光線",60,"直路","路肩、路緣","柏油","乾燥","良好","無號誌","中央分向島","快慢車道分隔線","有",50,"不明",120.639341,24.108025,"臺中市","烏日區"
"穿越道路中","2022",5,23,7,"晴","日間自然光線",50,"直路","快車道","柏油","乾燥","良好","正常","雙向禁止超車線","快慢車道分隔線","無",26,"未使用",120.694435,24.138569,"臺中市","東區"
"穿越道路中","2022",5,23,7,"晴","日間自然光線",50,"直路","快車道","柏油","乾燥","良好","正常","雙向禁止超車線","快慢車道分隔線","無",79,"非駕駛人",120.694435,24.138569,"臺中市","東區"
"穿越道路中","2022",5,23,7,"晴","日間自然光線",50,"直路","快車道","柏油","乾燥","良好","正常","雙向禁止超車線","快慢車道分隔線","無",31,"非駕駛人",120.694435,24.138569,"臺中市","東區"
"側撞","2022",5,23,8,"晴","日間自然光線",50,"直路","快車道","柏油","乾燥","良好","無號誌","雙向禁止超車線","快慢車道分隔線","無",38,"未使用",121.481379,25.009382,"新北市","新莊區"
"側撞","2022",5,23,8,"晴","日間自然光線",50,"直路","快車道","柏油","乾燥","良好","無號誌","雙向禁止超車線","快慢車道分隔線","無",42,"未使用",121.481379,25.009382,"新北市","新莊區"
"路上翻車、摔倒","2022",5,23,12,"陰","日間自然光線",50,"彎曲路及附近","一般車道(未劃分快慢車道)","柏油","乾燥","良好","無號誌","無","未繪設快慢車道分隔線","有",87,"不明",121.741037,25.136815,"基隆市","中山區"
"路口交岔撞","2022",5,24,6,"雨","日間自然光線",30,"四岔路","交叉路口內","柏油","濕潤","良好","正常","無","未繪設快慢車道分隔線","無",59,"未使用",121.225825,24.964942,"桃園市","中壢區"
"路口交岔撞","2022",5,24,6,"雨","日間自然光線",30,"四岔路","交叉路口內","柏油","濕潤","良好","正常","無","未繪設快慢車道分隔線","無",28,"未使用",121.225825,24.964942,"桃園市","中壢區"
"追撞","2022",5,24,18,"雨","夜間(或隧道、地下道、涵洞)有照明",50,"三岔路","交叉路口內","柏油","濕潤","良好","無號誌","中央分向島","快慢車道分隔線","有",15,"未使用",120.445751,22.476627,"屏東縣","新園鄉"
"追撞","2022",5,24,18,"雨","夜間(或隧道、地下道、涵洞)有照明",50,"三岔路","交叉路口內","柏油","濕潤","良好","無號誌","中央分向島","快慢車道分隔線","有",58,"未使用",120.445751,22.476627,"屏東縣","新園鄉"
"路口交岔撞","2022",5,24,21,"雨","夜間(或隧道、地下道、涵洞)有照明",50,"四岔路","交叉路口內","柏油","濕潤","良好","無號誌","雙向禁止超車線","未繪設快慢車道分隔線","有",48,"未使用",121.696623,24.709807,"宜蘭縣","員山鄉"
"路口交岔撞","2022",5,24,21,"雨","夜間(或隧道、地下道、涵洞)有照明",50,"四岔路","交叉路口內","柏油","濕潤","良好","無號誌","雙向禁止超車線","未繪設快慢車道分隔線","有",26,"未使用",121.696623,24.709807,"宜蘭縣","員山鄉"
"撞路樹、電桿","2022",5,24,22,"晴","夜間(或隧道、地下道、涵洞)有照明",50,"彎曲路及附近","路肩、路緣","柏油","乾燥","不良","無號誌","雙向禁止超車線","未繪設快慢車道分隔線","有",66,"不明",120.399722,23.309123,"臺南市","東山區"
"對向擦撞","2022",5,24,23,"雨","夜間(或隧道、地下道、涵洞)有照明",50,"彎曲路及附近","一般車道(未劃分快慢車道)","柏油","濕潤","不良","無號誌","行車分向線","未繪設快慢車道分隔線","有",19,"不明",120.358536,22.647392,"高雄市","鳥松區"
"對向擦撞","2022",5,24,23,"雨","夜間(或隧道、地下道、涵洞)有照明",50,"彎曲路及附近","一般車道(未劃分快慢車道)","柏油","濕潤","不良","無號誌","行車分向線","未繪設快慢車道分隔線","有",53,"未使用",120.358536,22.647392,"高雄市","鳥松區"
"其他","2022",5,24,23,"雨","夜間(或隧道、地下道、涵洞)有照明",80,"直路","一般車道(未劃分快慢車道)","柏油","濕潤","良好","無號誌","中央分向島","未繪設快慢車道分隔線","有",26,"不明",121.398394,25.141247,"新北市","五股區"
"其他","2022",5,24,23,"雨","夜間(或隧道、地下道、涵洞)有照明",80,"直路","一般車道(未劃分快慢車道)","柏油","濕潤","良好","無號誌","中央分向島","未繪設快慢車道分隔線","有",50,"不明",121.398394,25.141247,"新北市","五股區"
"其他","2022",5,24,23,"雨","夜間(或隧道、地下道、涵洞)有照明",80,"直路","一般車道(未劃分快慢車道)","柏油","濕潤","良好","無號誌","中央分向島","未繪設快慢車道分隔線","有",26,"不明",121.398394,25.141247,"新北市","五股區"
"對撞","2022",5,25,11,"雨","日間自然光線",50,"直路","快車道","柏油","濕潤","良好","無號誌","雙向禁止超車線","未繪設快慢車道分隔線","有",46,"不明",121.427704,24.999288,"新北市","樹林區"
"對撞","2022",5,25,11,"雨","日間自然光線",50,"直路","快車道","柏油","濕潤","良好","無號誌","雙向禁止超車線","未繪設快慢車道分隔線","有",65,"未使用",121.427704,24.999288,"新北市","樹林區"
"對撞","2022",5,25,11,"雨","日間自然光線",50,"直路","快車道","柏油","濕潤","良好","無號誌","雙向禁止超車線","未繪設快慢車道分隔線","有",68,"未使用",121.427704,24.999288,"新北市","樹林區"
"對撞","2022",5,25,11,"雨","日間自然光線",50,"直路","快車道","柏油","濕潤","良好","無號誌","雙向禁止超車線","未繪設快慢車道分隔線","有",49,"非駕駛人",121.427704,24.999288,"新北市","樹林區"
"路口交岔撞","2022",5,26,6,"晴","日間自然光線",50,"四岔路","交叉路口內","柏油","乾燥","良好","正常","中央分向島","未繪設快慢車道分隔線","無",54,"未使用",120.315237,22.630391,"高雄市","苓雅區"
"路口交岔撞","2022",5,26,6,"晴","日間自然光線",50,"四岔路","交叉路口內","柏油","乾燥","良好","正常","中央分向島","未繪設快慢車道分隔線","無",51,"未使用",120.315237,22.630391,"高雄市","苓雅區"
"路口交岔撞","2022",5,26,8,"晴","日間自然光線",30,"四岔路","交叉路口內","柏油","乾燥","良好","無號誌","無","未繪設快慢車道分隔線","無",58,"未使用",120.52696,23.736906,"雲林縣","莿桐鄉"
"路口交岔撞","2022",5,26,8,"晴","日間自然光線",30,"四岔路","交叉路口內","柏油","乾燥","良好","無號誌","無","未繪設快慢車道分隔線","無",66,"不明",120.52696,23.736906,"雲林縣","莿桐鄉"
"路口交岔撞","2022",5,26,10,"陰","日間自然光線",30,"四岔路","交叉路口內","柏油","乾燥","良好","無號誌","無","未繪設快慢車道分隔線","有",52,"未使用",120.95736,24.859224,"新竹縣","竹北市"
"路口交岔撞","2022",5,26,10,"陰","日間自然光線",30,"四岔路","交叉路口內","柏油","乾燥","良好","無號誌","無","未繪設快慢車道分隔線","有",24,"未使用",120.95736,24.859224,"新竹縣","竹北市"
"路口交岔撞","2022",5,26,10,"陰","日間自然光線",30,"四岔路","交叉路口內","柏油","乾燥","良好","無號誌","無","未繪設快慢車道分隔線","有",21,"非駕駛人",120.95736,24.859224,"新竹縣","竹北市"
"側撞","2022",5,26,12,"晴","日間自然光線",50,"四岔路","交叉路口內","柏油","乾燥","良好","正常","中央分向島","快慢車道分隔線","有",40,"未使用",120.324192,23.697986,"雲林縣","褒忠鄉"
"側撞","2022",5,26,12,"晴","日間自然光線",50,"四岔路","交叉路口內","柏油","乾燥","良好","正常","中央分向島","快慢車道分隔線","有",57,"未使用",120.324192,23.697986,"雲林縣","褒忠鄉"
"路上翻車、摔倒","2022",5,26,15,"雨","日間自然光線",40,"直路","機車專用道","柏油","濕潤","良好","無號誌","中央分向島","未繪設快慢車道分隔線","有",54,"未使用",120.30152,22.62716,"高雄市","小港區"
"路上翻車、摔倒","2022",5,26,15,"雨","日間自然光線",40,"直路","機車專用道","柏油","濕潤","良好","無號誌","中央分向島","未繪設快慢車道分隔線","有",111,"",120.30152,22.62716,"高雄市","小港區"
"撞交通島","2022",5,26,16,"雨","日間自然光線",50,"直路","交通島(含槽化線)","柏油","濕潤","良好","無號誌","中央分向島","快慢車道分隔線","有",16,"不明",120.923844,24.704107,"苗栗縣","頭份市"
"撞交通島","2022",5,26,16,"雨","日間自然光線",50,"直路","交通島(含槽化線)","柏油","濕潤","良好","無號誌","中央分向島","快慢車道分隔線","有",19,"不明",120.923844,24.704107,"苗栗縣","頭份市"
"撞交通島","2022",5,26,16,"雨","日間自然光線",50,"直路","交通島(含槽化線)","柏油","濕潤","良好","無號誌","中央分向島","快慢車道分隔線","有",26,"不明",120.923844,24.704107,"苗栗縣","頭份市"
"其他","2022",5,26,17,"雨","日間自然光線",30,"三岔路","交叉路口內","柏油","濕潤","良好","無號誌","無","未繪設快慢車道分隔線","有",41,"未使用",120.596427,22.773361,"屏東縣","高樹鄉"
"其他","2022",5,26,17,"雨","日間自然光線",30,"三岔路","交叉路口內","柏油","濕潤","良好","無號誌","無","未繪設快慢車道分隔線","有",24,"未使用",120.596427,22.773361,"屏東縣","高樹鄉"
"撞橋樑、建築物","2022",5,26,17,"晴","日間自然光線",50,"三岔路","交叉路口內","柏油","乾燥","良好","無號誌","無","未繪設快慢車道分隔線","有",43,"未使用",120.237325,23.233653,"臺南市","下營區"
"撞橋樑、建築物","2022",5,26,17,"晴","日間自然光線",50,"三岔路","交叉路口內","柏油","乾燥","良好","無號誌","無","未繪設快慢車道分隔線","有",75,"未使用",120.237325,23.233653,"臺南市","下營區"
"同向通行中","2022",5,26,21,"雨","夜間(或隧道、地下道、涵洞)有照明",50,"直路","一般車道(未劃分快慢車道)","柏油","濕潤","良好","無號誌","雙向禁止超車線","未繪設快慢車道分隔線","有",46,"未使用",121.656826,25.067543,"新北市","汐止區"
"同向通行中","2022",5,26,21,"雨","夜間(或隧道、地下道、涵洞)有照明",50,"直路","一般車道(未劃分快慢車道)","柏油","濕潤","良好","無號誌","雙向禁止超車線","未繪設快慢車道分隔線","有",72,"非駕駛人",121.656826,25.067543,"新北市","汐止區"
"撞路樹、電桿","2022",5,27,8,"雨","日間自然光線",50,"直路","路肩、路緣","柏油","濕潤","良好","無號誌","行車分向線","未繪設快慢車道分隔線","有",44,"未使用",120.431529,23.770489,"雲林縣","西螺鎮"
"側撞","2022",5,27,10,"雨","日間自然光線",40,"三岔路","交叉路口內","柏油","濕潤","良好","正常","雙向禁止超車線","快慢車道分隔線","有",67,"未使用",120.560708,23.694412,"雲林縣","斗六市"
"側撞","2022",5,27,10,"雨","日間自然光線",40,"三岔路","交叉路口內","柏油","濕潤","良好","正常","雙向禁止超車線","快慢車道分隔線","有",32,"未使用",120.560708,23.694412,"雲林縣","斗六市"
"側撞","2022",5,27,15,"陰","日間自然光線",50,"三岔路","交叉路口內","柏油","乾燥","良好","正常","雙向禁止超車線","未繪設快慢車道分隔線","無",67,"未使用",121.565745,23.995878,"花蓮縣","吉安鄉"
"側撞","2022",5,27,15,"陰","日間自然光線",50,"三岔路","交叉路口內","柏油","乾燥","良好","正常","雙向禁止超車線","未繪設快慢車道分隔線","無",45,"未使用",121.565745,23.995878,"花蓮縣","吉安鄉"
"側撞","2022",5,27,15,"陰","日間自然光線",50,"三岔路","交叉路口內","柏油","乾燥","良好","正常","雙向禁止超車線","未繪設快慢車道分隔線","無",69,"不明",121.565745,23.995878,"花蓮縣","吉安鄉"
"側撞","2022",5,27,15,"陰","日間自然光線",50,"三岔路","交叉路口內","柏油","乾燥","良好","正常","雙向禁止超車線","未繪設快慢車道分隔線","無",18,"不明",121.565745,23.995878,"花蓮縣","吉安鄉"
"追撞","2022",5,27,17,"晴","日間自然光線",50,"直路","一般車道(未劃分快慢車道)","柏油","乾燥","良好","無號誌","行車分向線","未繪設快慢車道分隔線","有",52,"未使用",120.267588,22.7553,"高雄市","梓官區"
"追撞","2022",5,27,17,"晴","日間自然光線",50,"直路","一般車道(未劃分快慢車道)","柏油","乾燥","良好","無號誌","行車分向線","未繪設快慢車道分隔線","有",26,"不明",120.267588,22.7553,"高雄市","梓官區"
"側撞","2022",5,27,17,"雨","日間自然光線",40,"四岔路","交叉路口內","柏油","濕潤","良好","正常","無","未繪設快慢車道分隔線","無",51,"未使用",120.416704,24.076838,"彰化縣","鹿港鎮"
"側撞","2022",5,27,17,"雨","日間自然光線",40,"四岔路","交叉路口內","柏油","濕潤","良好","正常","無","未繪設快慢車道分隔線","無",45,"未使用",120.416704,24.076838,"彰化縣","鹿港鎮"
"穿越道路中","2022",5,27,19,"雨","夜間(或隧道、地下道、涵洞)有照明",40,"直路","一般車道(未劃分快慢車道)","柏油","濕潤","良好","無號誌","行車分向線","未繪設快慢車道分隔線","有",74,"未使用",121.332156,24.989229,"桃園市","龜山區"
"穿越道路中","2022",5,27,19,"雨","夜間(或隧道、地下道、涵洞)有照明",40,"直路","一般車道(未劃分快慢車道)","柏油","濕潤","良好","無號誌","行車分向線","未繪設快慢車道分隔線","有",29,"未使用",121.332156,24.989229,"桃園市","龜山區"
"衝出路外","2022",5,28,3,"雨","夜間(或隧道、地下道、涵洞)無照明",30,"三岔路","路肩、路緣","柏油","濕潤","良好","無號誌","無","未繪設快慢車道分隔線","有",37,"不明",120.269959,23.749519,"雲林縣","麥寮鄉"
"側撞","2022",5,28,6,"晴","日間自然光線",60,"四岔路","交叉路口內","柏油","乾燥","良好","正常","無","未繪設快慢車道分隔線","無",80,"未使用",121.13887,22.73789,"臺東縣","臺東市"
"側撞","2022",5,28,6,"晴","日間自然光線",60,"四岔路","交叉路口內","柏油","乾燥","良好","正常","無","未繪設快慢車道分隔線","無",48,"未使用",121.13887,22.73789,"臺東縣","臺東市"
"路口交岔撞","2022",5,28,8,"晴","日間自然光線",50,"四岔路","交叉路口內","柏油","乾燥","良好","正常","雙向禁止超車線","未繪設快慢車道分隔線","有",75,"未使用",120.320312,23.325333,"臺南市","新營區"
"路口交岔撞","2022",5,28,8,"晴","日間自然光線",50,"四岔路","交叉路口內","柏油","乾燥","良好","正常","雙向禁止超車線","未繪設快慢車道分隔線","有",53,"未使用",120.320312,23.325333,"臺南市","新營區"
"其他","2022",5,28,9,"晴","日間自然光線",50,"三岔路","交叉路口內","柏油","乾燥","良好","無號誌","雙向禁止超車線","未繪設快慢車道分隔線","有",51,"不明",120.459627,23.93753,"彰化縣","溪湖鎮"
"其他","2022",5,28,9,"晴","日間自然光線",50,"三岔路","交叉路口內","柏油","乾燥","良好","無號誌","雙向禁止超車線","未繪設快慢車道分隔線","有",21,"不明",120.459627,23.93753,"彰化縣","溪湖鎮"
"其他","2022",5,28,9,"晴","日間自然光線",50,"三岔路","交叉路口內","柏油","乾燥","良好","無號誌","雙向禁止超車線","未繪設快慢車道分隔線","有",24,"非駕駛人",120.459627,23.93753,"彰化縣","溪湖鎮"
"撞護欄(樁)","2022",5,28,12,"晴","日間自然光線",30,"直路","一般車道(未劃分快慢車道)","無鋪裝","乾燥","良好","無號誌","無","未繪設快慢車道分隔線","有",43,"未使用",120.48544,22.594178,"屏東縣","萬丹鄉"
"追撞","2022",5,28,17,"晴","日間自然光線",50,"直路","一般車道(未劃分快慢車道)","柏油","乾燥","良好","無號誌","行車分向線","未繪設快慢車道分隔線","有",21,"不明",120.681268,24.241648,"臺中市","神岡區"
"追撞","2022",5,28,17,"晴","日間自然光線",50,"直路","一般車道(未劃分快慢車道)","柏油","乾燥","良好","無號誌","行車分向線","未繪設快慢車道分隔線","有",54,"未使用",120.681268,24.241648,"臺中市","神岡區"
"追撞","2022",5,28,17,"晴","日間自然光線",50,"直路","一般車道(未劃分快慢車道)","柏油","乾燥","良好","無號誌","行車分向線","未繪設快慢車道分隔線","有",25,"非駕駛人",120.681268,24.241648,"臺中市","神岡區"
"側撞","2022",5,28,20,"晴","夜間(或隧道、地下道、涵洞)有照明",50,"多岔路","交叉路口內","柏油","乾燥","良好","正常","無","未繪設快慢車道分隔線","無",59,"未使用",120.209342,23.013455,"臺南市","北區"
"側撞","2022",5,28,20,"晴","夜間(或隧道、地下道、涵洞)有照明",50,"多岔路","交叉路口內","柏油","乾燥","良好","正常","無","未繪設快慢車道分隔線","無",55,"未使用",120.209342,23.013455,"臺南市","北區"
"路上翻車、摔倒","2022",5,28,22,"晴","夜間(或隧道、地下道、涵洞)有照明",30,"三岔路","交叉路口內","柏油","乾燥","良好","無號誌","無","未繪設快慢車道分隔線","無",17,"未使用",121.638023,25.080134,"新北市","汐止區"
"路上翻車、摔倒","2022",5,28,22,"晴","夜間(或隧道、地下道、涵洞)有照明",30,"三岔路","交叉路口內","柏油","乾燥","良好","無號誌","無","未繪設快慢車道分隔線","無",60,"未使用",121.638023,25.080134,"新北市","汐止區"
"路上翻車、摔倒","2022",5,28,22,"晴","夜間(或隧道、地下道、涵洞)有照明",30,"三岔路","交叉路口內","柏油","乾燥","良好","無號誌","無","未繪設快慢車道分隔線","無",18,"非駕駛人",121.638023,25.080134,"新北市","汐止區"
"路上翻車、摔倒","2022",5,28,22,"晴","夜間(或隧道、地下道、涵洞)有照明",40,"直路","一般車道(未劃分快慢車道)","柏油","乾燥","良好","無號誌","雙向禁止超車線","未繪設快慢車道分隔線","有",23,"未使用",121.528734,24.612874,"宜蘭縣","大同鄉"
"撞護欄(樁)","2022",5,29,8,"晴","日間自然光線",50,"直路","路肩、路緣","柏油","乾燥","良好","無號誌","行車分向線","未繪設快慢車道分隔線","有",75,"未使用",120.307058,23.493463,"嘉義縣","六腳鄉"
"衝出路外","2022",5,30,11,"晴","日間自然光線",30,"直路","一般車道(未劃分快慢車道)","柏油","乾燥","良好","無號誌","無","未繪設快慢車道分隔線","有",60,"未使用",120.362123,23.306869,"臺南市","東山區"
"同向擦撞","2022",5,30,16,"晴","日間自然光線",60,"直路","快車道","柏油","乾燥","良好","無號誌","雙向禁止超車線","快慢車道分隔線","有",58,"未使用",121.672429,24.667794,"宜蘭縣","三星鄉"
"同向擦撞","2022",5,30,16,"晴","日間自然光線",60,"直路","快車道","柏油","乾燥","良好","無號誌","雙向禁止超車線","快慢車道分隔線","有",22,"未使用",121.672429,24.667794,"宜蘭縣","三星鄉"
"同向擦撞","2022",5,30,16,"晴","日間自然光線",60,"直路","快車道","柏油","乾燥","良好","無號誌","雙向禁止超車線","快慢車道分隔線","有",50,"未使用",121.672429,24.667794,"宜蘭縣","三星鄉"
"其他","2022",5,31,2,"雨","夜間(或隧道、地下道、涵洞)有照明",50,"直路","一般車道(未劃分快慢車道)","柏油","濕潤","良好","無號誌","雙向禁止超車線","未繪設快慢車道分隔線","有",68,"未使用",121.361345,24.942583,"新北市","三峽區"
"其他","2022",5,31,2,"雨","夜間(或隧道、地下道、涵洞)有照明",50,"直路","一般車道(未劃分快慢車道)","柏油","濕潤","良好","無號誌","雙向禁止超車線","未繪設快慢車道分隔線","有",43,"非駕駛人",121.361345,24.942583,"新北市","三峽區"
"撞交通島","2022",5,31,9,"晴","日間自然光線",60,"直路","快車道","柏油","乾燥","良好","無號誌","中央分向島","快慢車道分隔線","無",45,"未使用",120.703171,24.245804,"臺中市","豐原區"
"同向擦撞","2022",5,31,10,"雨","日間自然光線",30,"直路","一般車道(未劃分快慢車道)","柏油","濕潤","良好","無號誌","無","未繪設快慢車道分隔線","有",71,"非駕駛人",121.517851,25.077687,"臺北市","大同區"
"同向擦撞","2022",5,31,10,"雨","日間自然光線",30,"直路","一般車道(未劃分快慢車道)","柏油","濕潤","良好","無號誌","無","未繪設快慢車道分隔線","有",31,"不明",121.517851,25.077687,"臺北市","大同區"
"穿越道路中","2022",5,31,16,"晴","晨或暮光",30,"三岔路","交叉路口內","柏油","乾燥","良好","無號誌","無","未繪設快慢車道分隔線","無",28,"未使用",120.3077,22.61046,"高雄市","前鎮區"
"穿越道路中","2022",5,31,16,"晴","晨或暮光",30,"三岔路","交叉路口內","柏油","乾燥","良好","無號誌","無","未繪設快慢車道分隔線","無",59,"非駕駛人",120.3077,22.61046,"高雄市","前鎮區"
"側撞","2022",5,31,17,"晴","晨或暮光",50,"四岔路","交叉路口內","柏油","乾燥","良好","無號誌","無","未繪設快慢車道分隔線","無",71,"未使用",120.475563,23.61872,"嘉義縣","大林鎮"
"側撞","2022",5,31,17,"晴","晨或暮光",50,"四岔路","交叉路口內","柏油","乾燥","良好","無號誌","無","未繪設快慢車道分隔線","無",21,"未使用",120.475563,23.61872,"嘉義縣","大林鎮"
"穿越道路中","2022",5,31,17,"陰","日間自然光線",50,"直路","一般車道(未劃分快慢車道)","柏油","濕潤","良好","無號誌","雙向禁止超車線","未繪設快慢車道分隔線","有",71,"非駕駛人",121.597242,23.973833,"花蓮縣","花蓮市"