"事故類型及型態子類別名稱","發生年度","發生月份","發生日期","發生時間","天候名稱","光線名稱","速限.第1當事者","道路型態子類別名稱","事故位置子類別名稱","路面狀況.路面鋪裝名稱","路面狀況.路面狀態名稱","道路障礙.視距品質名稱","號誌.號誌動作名稱","車道劃分設施.分向設施大類別名稱","車道劃分設施.分道設施.快慢車道間名稱","車道劃分設施.分道設施.路面邊線名稱","當事者事故發生時年齡","行動電話或電腦或其他相類功能裝置名稱","經度","緯度","縣市","鄉鎮"
"穿越道路中","2022",5,31,17,"陰","日間自然光線",50,"直路","一般車道(未劃分快慢車道)","柏油","濕潤","良好","無號誌","雙向禁止超車線","未繪設快慢車道分隔線","有",61,"未使用",121.597242,23.973833,"花蓮縣","花蓮市"
"穿越道路中","2022",5,31,17,"陰","日間自然光線",50,"直路","一般車道(未劃分快慢車道)","柏油","濕潤","良好","無號誌","雙向禁止超車線","未繪設快慢車道分隔線","有",39,"不明",121.597242,23.973833,"花蓮縣","花蓮市"
"追撞","2022",5,31,19,"晴","晨或暮光",90,"高架道路","一般車道(未劃分快慢車道)","柏油","乾燥","良好","無號誌","中央分向島","未繪設快慢車道分隔線","有",50,"不明",120.466849,24.164415,"彰化縣","伸港鄉"
"追撞","2022",5,31,19,"晴","晨或暮光",90,"高架道路","一般車道(未劃分快慢車道)","柏油","乾燥","良好","無號誌","中央分向島","未繪設快慢車道分隔線","有",51,"未使用",120.466849,24.164415,"彰化縣","伸港鄉"
"撞護欄(樁)","2022",6,1,0,"雨","夜間(或隧道、地下道、涵洞)無照明",40,"彎曲路及附近","一般車道(未劃分快慢車道)","柏油","濕潤","良好","無號誌","雙向禁止超車線","未繪設快慢車道分隔線","有",54,"使用手持或有礙駕駛安全",121.353354,24.82244,"桃園市","復興區"
"其他","2022",6,1,1,"晴","夜間(或隧道、地下道、涵洞)有照明",30,"直路","一般車道(未劃分快慢車道)","柏油","乾燥","良好","無號誌","中央分向島","未繪設快慢車道分隔線","無",19,"未使用",121.498608,25.021326,"臺北市","萬華區"
"其他","2022",6,1,1,"晴","夜間(或隧道、地下道、涵洞)有照明",30,"直路","一般車道(未劃分快慢車道)","柏油","乾燥","良好","無號誌","中央分向島","未繪設快慢車道分隔線","無",64,"",121.498608,25.021326,"臺北市","萬華區"
"同向擦撞","2022",6,1,8,"晴","日間自然光線",50,"三岔路","交叉路口內","柏油","乾燥","良好","無號誌","行車分向線","未繪設快慢車道分隔線","無",58,"未使用",120.6049,24.160941,"臺中市","西屯區"
"同向擦撞","2022",6,1,8,"晴","日間自然光線",50,"三岔路","交叉路口內","柏油","乾燥","良好","無號誌","行車分向線","未繪設快慢車道分隔線","無",32,"未使用",120.6049,24.160941,"臺中市","西屯區"
"同向擦撞","2022",6,1,8,"晴","日間自然光線",50,"四岔路","交叉路口內","柏油","乾燥","良好","正常","中央分向島","未繪設快慢車道分隔線","有",27,"未使用",121.667136,25.076415,"新北市","汐止區"
"同向擦撞","2022",6,1,8,"晴","日間自然光線",50,"四岔路","交叉路口內","柏油","乾燥","良好","正常","中央分向島","未繪設快慢車道分隔線","有",61,"未使用",121.667136,25.076415,"新北市","汐止區"
"同向擦撞","2022",6,1,8,"晴","日間自然光線",50,"四岔路","交叉路口內","柏油","乾燥","良好","正常","中央分向島","未繪設快慢車道分隔線","有",28,"非駕駛人",121.667136,25.076415,"新北市","汐止區"
"其他","2022",6,1,12,"晴","日間自然光線",70,"四岔路","交叉路口內","柏油","乾燥","良好","正常","中央分向島","未繪設快慢車道分隔線","有",87,"不明",120.365464,23.998686,"彰化縣","芳苑鄉"
"其他","2022",6,1,12,"晴","日間自然光線",70,"四岔路","交叉路口內","柏油","乾燥","良好","正常","中央分向島","未繪設快慢車道分隔線","有",42,"不明",120.365464,23.998686,"彰化縣","芳苑鄉"
"其他","2022",6,1,12,"晴","日間自然光線",70,"四岔路","交叉路口內","柏油","乾燥","良好","正常","中央分向島","未繪設快慢車道分隔線","有",9,"非駕駛人",120.365464,23.998686,"彰化縣","芳苑鄉"
"路口交岔撞","2022",6,1,16,"晴","日間自然光線",30,"四岔路","交叉路口內","柏油","乾燥","良好","無號誌","無","未繪設快慢車道分隔線","有",63,"未使用",120.512877,22.587946,"屏東縣","萬丹鄉"
"路口交岔撞","2022",6,1,16,"晴","日間自然光線",30,"四岔路","交叉路口內","柏油","乾燥","良好","無號誌","無","未繪設快慢車道分隔線","有",36,"未使用",120.512877,22.587946,"屏東縣","萬丹鄉"
"同向擦撞","2022",6,2,11,"晴","日間自然光線",60,"橋樑","慢車道","柏油","乾燥","良好","無號誌","中央分向島","快慢車道分隔線","有",66,"不明",121.168988,22.77113,"臺東縣","臺東市"
"同向擦撞","2022",6,2,11,"晴","日間自然光線",60,"橋樑","慢車道","柏油","乾燥","良好","無號誌","中央分向島","快慢車道分隔線","有",81,"不明",121.168988,22.77113,"臺東縣","臺東市"
"側撞","2022",6,2,14,"晴","日間自然光線",50,"三岔路","交叉路口內","柏油","乾燥","良好","正常","無","未繪設快慢車道分隔線","無",43,"未使用",121.197656,24.97444,"桃園市","中壢區"
"側撞","2022",6,2,14,"晴","日間自然光線",50,"三岔路","交叉路口內","柏油","乾燥","良好","正常","無","未繪設快慢車道分隔線","無",24,"未使用",121.197656,24.97444,"桃園市","中壢區"
"追撞","2022",6,2,14,"晴","日間自然光線",50,"直路","一般車道(未劃分快慢車道)","柏油","乾燥","良好","無號誌","中央分向島","未繪設快慢車道分隔線","有",19,"未使用",121.492187,25.060127,"新北市","三重區"
"追撞","2022",6,2,14,"晴","日間自然光線",50,"直路","一般車道(未劃分快慢車道)","柏油","乾燥","良好","無號誌","中央分向島","未繪設快慢車道分隔線","有",79,"未使用",121.492187,25.060127,"新北市","三重區"
"側撞","2022",6,2,20,"晴","夜間(或隧道、地下道、涵洞)有照明",50,"直路","一般車道(未劃分快慢車道)","柏油","乾燥","良好","無號誌","雙向禁止超車線","未繪設快慢車道分隔線","有",45,"未使用",121.100168,25.031867,"桃園市","觀音區"
"側撞","2022",6,2,20,"晴","夜間(或隧道、地下道、涵洞)有照明",50,"直路","一般車道(未劃分快慢車道)","柏油","乾燥","良好","無號誌","雙向禁止超車線","未繪設快慢車道分隔線","有",20,"未使用",121.100168,25.031867,"桃園市","觀音區"
"側撞","2022",6,3,1,"晴","夜間(或隧道、地下道、涵洞)有照明",60,"三岔路","交叉路口內","柏油","乾燥","良好","正常","中央分向島","快慢車道分隔線","有",21,"未使用",120.658975,22.248136,"屏東縣","枋山鄉"
"側撞","2022",6,3,1,"晴","夜間(或隧道、地下道、涵洞)有照明",60,"三岔路","交叉路口內","柏油","乾燥","良好","正常","中央分向島","快慢車道分隔線","有",19,"不明",120.658975,22.248136,"屏東縣","枋山鄉"
"側撞","2022",6,3,1,"晴","夜間(或隧道、地下道、涵洞)有照明",60,"三岔路","交叉路口內","柏油","乾燥","良好","正常","中央分向島","快慢車道分隔線","有",18,"非駕駛人",120.658975,22.248136,"屏東縣","枋山鄉"
"撞路樹、電桿","2022",6,3,3,"晴","夜間(或隧道、地下道、涵洞)有照明",40,"直路","慢車道","柏油","乾燥","良好","無號誌","中央分向島","快慢車道分隔線","有",55,"未使用",120.553678,24.214193,"臺中市","沙鹿區"
"撞交通島","2022",6,3,9,"晴","日間自然光線",60,"直路","快車道","柏油","乾燥","良好","無號誌","中央分向島","快慢車道分隔線","有",77,"未使用",120.915477,24.767164,"新竹市","香山區"
"撞護欄(樁)","2022",6,3,10,"晴","日間自然光線",50,"彎曲路及附近","一般車道(未劃分快慢車道)","柏油","乾燥","良好","無號誌","無","未繪設快慢車道分隔線","無",16,"未使用",121.443371,25.171981,"新北市","淡水區"
"側撞","2022",6,3,13,"晴","日間自然光線",50,"四岔路","交叉路口內","柏油","乾燥","良好","正常","無","未繪設快慢車道分隔線","無",57,"未使用",120.3431,22.58522,"高雄市","鳳山區"
"側撞","2022",6,3,13,"晴","日間自然光線",50,"四岔路","交叉路口內","柏油","乾燥","良好","正常","無","未繪設快慢車道分隔線","無",24,"未使用",120.3431,22.58522,"高雄市","鳳山區"
"側撞","2022",6,3,13,"晴","日間自然光線",50,"四岔路","交叉路口內","柏油","乾燥","良好","正常","無","未繪設快慢車道分隔線","無",18,"非駕駛人",120.3431,22.58522,"高雄市","鳳山區"
"撞橋樑、建築物","2022",6,4,3,"陰","夜間(或隧道、地下道、涵洞)有照明",50,"彎曲路及附近","路肩、路緣","柏油","乾燥","良好","無號誌","雙向禁止超車線","未繪設快慢車道分隔線","有",27,"不明",121.031219,24.781697,"新竹縣","竹東鎮"
"撞橋樑、建築物","2022",6,4,3,"陰","夜間(或隧道、地下道、涵洞)有照明",50,"彎曲路及附近","路肩、路緣","柏油","乾燥","良好","無號誌","雙向禁止超車線","未繪設快慢車道分隔線","有",19,"非駕駛人",121.031219,24.781697,"新竹縣","竹東鎮"
"撞橋樑、建築物","2022",6,4,3,"陰","夜間(或隧道、地下道、涵洞)有照明",50,"彎曲路及附近","路肩、路緣","柏油","乾燥","良好","無號誌","雙向禁止超車線","未繪設快慢車道分隔線","有",18,"非駕駛人",121.031219,24.781697,"新竹縣","竹東鎮"
"撞橋樑、建築物","2022",6,4,3,"陰","夜間(或隧道、地下道、涵洞)有照明",50,"彎曲路及附近","路肩、路緣","柏油","乾燥","良好","無號誌","雙向禁止超車線","未繪設快慢車道分隔線","有",20,"非駕駛人",121.031219,24.781697,"新竹縣","竹東鎮"
"撞護欄(樁)","2022",6,4,5,"晴","日間自然光線",60,"直路","一般車道(未劃分快慢車道)","柏油","乾燥","良好","無號誌","中央分向島","未繪設快慢車道分隔線","有",58,"未使用",121.785589,24.7242,"宜蘭縣","壯圍鄉"
"追撞","2022",6,4,18,"晴","日間自然光線",50,"四岔路","交叉路口內","柏油","乾燥","良好","正常","中央分向島","未繪設快慢車道分隔線","無",55,"未使用",121.547192,25.041615,"臺北市","大安區"
"追撞","2022",6,4,18,"晴","日間自然光線",50,"四岔路","交叉路口內","柏油","乾燥","良好","正常","中央分向島","未繪設快慢車道分隔線","無",28,"不明",121.547192,25.041615,"臺北市","大安區"
"追撞","2022",6,4,18,"晴","日間自然光線",50,"四岔路","交叉路口內","柏油","乾燥","良好","正常","中央分向島","未繪設快慢車道分隔線","無",34,"不明",121.547192,25.041615,"臺北市","大安區"
"撞號誌、標誌桿","2022",6,4,18,"晴","日間自然光線",50,"彎曲路及附近","路肩、路緣","柏油","乾燥","良好","無號誌","雙向禁止超車線","未繪設快慢車道分隔線","有",45,"未使用",120.406558,23.705914,"雲林縣","虎尾鎮"
"撞路樹、電桿","2022",6,4,20,"晴","夜間(或隧道、地下道、涵洞)有照明",30,"三岔路","交叉口附近","柏油","乾燥","良好","無號誌","無","未繪設快慢車道分隔線","有",59,"不明",120.410836,23.927419,"彰化縣","二林鎮"
"撞路樹、電桿","2022",6,4,20,"晴","夜間(或隧道、地下道、涵洞)有照明",30,"三岔路","交叉口附近","柏油","乾燥","良好","無號誌","無","未繪設快慢車道分隔線","有",64,"不明",120.410836,23.927419,"彰化縣","二林鎮"
"撞路樹、電桿","2022",6,4,20,"晴","夜間(或隧道、地下道、涵洞)有照明",30,"三岔路","交叉口附近","柏油","乾燥","良好","無號誌","無","未繪設快慢車道分隔線","有",66,"不明",120.410836,23.927419,"彰化縣","二林鎮"
"衝出路外","2022",6,5,2,"晴","夜間(或隧道、地下道、涵洞)有照明",30,"直路","一般車道(未劃分快慢車道)","柏油","乾燥","良好","無號誌","無","未繪設快慢車道分隔線","無",60,"未使用",120.56632,22.615134,"屏東縣","內埔鄉"
"其他","2022",6,5,15,"晴","日間自然光線",60,"三岔路","交叉路口內","柏油","乾燥","良好","不正常","中央分向島","快慢車道分隔線","有",80,"未使用",121.816201,24.746749,"宜蘭縣","壯圍鄉"
"其他","2022",6,5,15,"晴","日間自然光線",60,"三岔路","交叉路口內","柏油","乾燥","良好","不正常","中央分向島","快慢車道分隔線","有",20,"未使用",121.816201,24.746749,"宜蘭縣","壯圍鄉"
"撞動物","2022",6,5,18,"晴","夜間(或隧道、地下道、涵洞)有照明",40,"直路","慢車道","柏油","乾燥","良好","無號誌","行車分向線","快慢車道分隔線","有",67,"未使用",120.467482,22.466948,"屏東縣","東港鎮"
"路口交岔撞","2022",6,6,7,"晴","日間自然光線",50,"四岔路","交叉路口內","柏油","乾燥","良好","正常","中央分向島","未繪設快慢車道分隔線","無",81,"未使用",120.329875,22.638754,"高雄市","三民區"
"路口交岔撞","2022",6,6,7,"晴","日間自然光線",50,"四岔路","交叉路口內","柏油","乾燥","良好","正常","中央分向島","未繪設快慢車道分隔線","無",30,"未使用",120.329875,22.638754,"高雄市","三民區"
"其他","2022",6,6,11,"晴","日間自然光線",50,"直路","一般車道(未劃分快慢車道)","柏油","乾燥","良好","無號誌","雙向禁止超車線","未繪設快慢車道分隔線","有",72,"未使用",121.604202,24.032999,"花蓮縣","新城鄉"
"其他","2022",6,6,11,"晴","日間自然光線",50,"直路","一般車道(未劃分快慢車道)","柏油","乾燥","良好","無號誌","雙向禁止超車線","未繪設快慢車道分隔線","有",63,"未使用",121.604202,24.032999,"花蓮縣","新城鄉"
"路口交岔撞","2022",6,6,11,"晴","日間自然光線",30,"四岔路","交叉路口內","柏油","乾燥","良好","無號誌","無","未繪設快慢車道分隔線","無",60,"未使用",120.379894,23.793304,"雲林縣","二崙鄉"
"路口交岔撞","2022",6,6,11,"晴","日間自然光線",30,"四岔路","交叉路口內","柏油","乾燥","良好","無號誌","無","未繪設快慢車道分隔線","無",47,"未使用",120.379894,23.793304,"雲林縣","二崙鄉"
"路口交岔撞","2022",6,6,13,"晴","日間自然光線",30,"四岔路","交叉路口內","柏油","乾燥","良好","正常","無","未繪設快慢車道分隔線","有",59,"未使用",121.792512,24.655461,"宜蘭縣","冬山鄉"
"路口交岔撞","2022",6,6,13,"晴","日間自然光線",30,"四岔路","交叉路口內","柏油","乾燥","良好","正常","無","未繪設快慢車道分隔線","有",42,"不明",121.792512,24.655461,"宜蘭縣","冬山鄉"
"路口交岔撞","2022",6,6,13,"晴","日間自然光線",30,"四岔路","交叉路口內","柏油","乾燥","良好","正常","無","未繪設快慢車道分隔線","有",45,"非駕駛人",121.792512,24.655461,"宜蘭縣","冬山鄉"
"路口交岔撞","2022",6,6,17,"雨","日間自然光線",30,"四岔路","交叉路口內","柏油","濕潤","良好","無號誌","無","未繪設快慢車道分隔線","無",54,"未使用",121.173788,25.023345,"桃園市","中壢區"
"路口交岔撞","2022",6,6,17,"雨","日間自然光線",30,"四岔路","交叉路口內","柏油","濕潤","良好","無號誌","無","未繪設快慢車道分隔線","無",42,"未使用",121.173788,25.023345,"桃園市","中壢區"
"路口交岔撞","2022",6,6,19,"晴","夜間(或隧道、地下道、涵洞)有照明",50,"四岔路","交叉路口內","柏油","乾燥","良好","正常","無","未繪設快慢車道分隔線","無",31,"不明",120.680013,24.171475,"臺中市","北屯區"
"路口交岔撞","2022",6,6,19,"晴","夜間(或隧道、地下道、涵洞)有照明",50,"四岔路","交叉路口內","柏油","乾燥","良好","正常","無","未繪設快慢車道分隔線","無",54,"不明",120.680013,24.171475,"臺中市","北屯區"
"穿越道路中","2022",6,6,20,"陰","夜間(或隧道、地下道、涵洞)有照明",50,"直路","一般車道(未劃分快慢車道)","柏油","濕潤","良好","無號誌","雙向禁止超車線","未繪設快慢車道分隔線","有",39,"非駕駛人",120.50417,23.602888,"嘉義縣","大林鎮"
"穿越道路中","2022",6,6,20,"陰","夜間(或隧道、地下道、涵洞)有照明",50,"直路","一般車道(未劃分快慢車道)","柏油","濕潤","良好","無號誌","雙向禁止超車線","未繪設快慢車道分隔線","有",45,"未使用",120.50417,23.602888,"嘉義縣","大林鎮"
"撞路樹、電桿","2022",6,6,22,"陰","夜間(或隧道、地下道、涵洞)有照明",50,"直路","路肩、路緣","柏油","乾燥","良好","無號誌","行車分向線","未繪設快慢車道分隔線","有",49,"未使用",120.29742,23.060678,"臺南市","新市區"
"穿越道路中","2022",6,6,22,"陰","夜間(或隧道、地下道、涵洞)有照明",50,"三岔路","交叉路口內","柏油","乾燥","良好","無號誌","雙向禁止超車線","快慢車道分隔線","有",30,"未使用",120.211195,22.98522,"臺南市","東區"
"穿越道路中","2022",6,6,22,"陰","夜間(或隧道、地下道、涵洞)有照明",50,"三岔路","交叉路口內","柏油","乾燥","良好","無號誌","雙向禁止超車線","快慢車道分隔線","有",92,"非駕駛人",120.211195,22.98522,"臺南市","東區"
"其他","2022",6,7,2,"陰","夜間(或隧道、地下道、涵洞)有照明",70,"四岔路","交叉路口內","柏油","濕潤","良好","正常","中央分向島","未繪設快慢車道分隔線","無",44,"不明",120.340386,23.955744,"彰化縣","芳苑鄉"
"其他","2022",6,7,2,"陰","夜間(或隧道、地下道、涵洞)有照明",70,"四岔路","交叉路口內","柏油","濕潤","良好","正常","中央分向島","未繪設快慢車道分隔線","無",44,"不明",120.340386,23.955744,"彰化縣","芳苑鄉"
"其他","2022",6,7,2,"陰","夜間(或隧道、地下道、涵洞)有照明",70,"四岔路","交叉路口內","柏油","濕潤","良好","正常","中央分向島","未繪設快慢車道分隔線","無",44,"不明",120.340386,23.955744,"彰化縣","芳苑鄉"
"側撞","2022",6,7,7,"雨","日間自然光線",50,"四岔路","交叉路口內","柏油","濕潤","良好","正常","無","未繪設快慢車道分隔線","無",58,"未使用",120.802226,24.494874,"苗栗縣","銅鑼鄉"
"側撞","2022",6,7,7,"雨","日間自然光線",50,"四岔路","交叉路口內","柏油","濕潤","良好","正常","無","未繪設快慢車道分隔線","無",32,"未使用",120.802226,24.494874,"苗栗縣","銅鑼鄉"
"追撞","2022",6,7,7,"陰","日間自然光線",50,"直路","一般車道(未劃分快慢車道)","柏油","濕潤","良好","無號誌","中央分向島","未繪設快慢車道分隔線","無",57,"未使用",121.526267,25.062721,"臺北市","中山區"
"追撞","2022",6,7,7,"陰","日間自然光線",50,"直路","一般車道(未劃分快慢車道)","柏油","濕潤","良好","無號誌","中央分向島","未繪設快慢車道分隔線","無",53,"未使用",121.526267,25.062721,"臺北市","中山區"
"追撞","2022",6,7,7,"陰","日間自然光線",50,"直路","一般車道(未劃分快慢車道)","柏油","濕潤","良好","無號誌","中央分向島","未繪設快慢車道分隔線","無",28,"未使用",121.526267,25.062721,"臺北市","中山區"
"撞橋樑、建築物","2022",6,7,9,"晴","日間自然光線",60,"直路","路肩、路緣","柏油","乾燥","良好","無號誌","無","未繪設快慢車道分隔線","無",53,"不明",121.33332,23.297347,"花蓮縣","富里鄉"
"撞橋樑、建築物","2022",6,7,9,"晴","日間自然光線",60,"直路","路肩、路緣","柏油","乾燥","良好","無號誌","無","未繪設快慢車道分隔線","無",48,"不明",121.33332,23.297347,"花蓮縣","富里鄉"
"撞橋樑、建築物","2022",6,7,9,"晴","日間自然光線",60,"直路","路肩、路緣","柏油","乾燥","良好","無號誌","無","未繪設快慢車道分隔線","無",59,"不明",121.33332,23.297347,"花蓮縣","富里鄉"
"撞護欄(樁)","2022",6,7,17,"雨","日間自然光線",30,"橋樑","一般車道(未劃分快慢車道)","柏油","濕潤","良好","無號誌","無","未繪設快慢車道分隔線","有",56,"未使用",121.806254,24.653349,"宜蘭縣","冬山鄉"
"側撞","2022",6,8,7,"雨","日間自然光線",40,"三岔路","交叉路口內","柏油","濕潤","良好","無號誌","行車分向線","未繪設快慢車道分隔線","有",61,"未使用",120.576334,24.004789,"彰化縣","大村鄉"
"側撞","2022",6,8,7,"雨","日間自然光線",40,"三岔路","交叉路口內","柏油","濕潤","良好","無號誌","行車分向線","未繪設快慢車道分隔線","有",23,"未使用",120.576334,24.004789,"彰化縣","大村鄉"
"側撞","2022",6,8,10,"晴","日間自然光線",60,"直路","慢車道","柏油","乾燥","良好","無號誌","雙向禁止超車線","快慢車道分隔線","有",43,"未使用",121.149431,23.009604,"臺東縣","關山鎮"
"側撞","2022",6,8,10,"晴","日間自然光線",60,"直路","慢車道","柏油","乾燥","良好","無號誌","雙向禁止超車線","快慢車道分隔線","有",82,"未使用",121.149431,23.009604,"臺東縣","關山鎮"
"側撞","2022",6,8,10,"晴","日間自然光線",60,"直路","慢車道","柏油","乾燥","良好","無號誌","雙向禁止超車線","快慢車道分隔線","有",57,"非駕駛人",121.149431,23.009604,"臺東縣","關山鎮"
"撞路樹、電桿","2022",6,8,17,"晴","日間自然光線",50,"三岔路","交叉口附近","柏油","濕潤","良好","正常","中央分向島","快慢車道分隔線","有",52,"未使用",120.325221,23.274899,"臺南市","柳營區"
"同向擦撞","2022",6,9,3,"陰","夜間(或隧道、地下道、涵洞)有照明",110,"直路","快車道","柏油","濕潤","良好","無號誌","中央分向島","未繪設快慢車道分隔線","有",18,"未使用",120.683002,23.9237,"南投縣","南投市"
"同向擦撞","2022",6,9,3,"陰","夜間(或隧道、地下道、涵洞)有照明",110,"直路","快車道","柏油","濕潤","良好","無號誌","中央分向島","未繪設快慢車道分隔線","有",33,"未使用",120.683002,23.9237,"南投縣","南投市"
"同向擦撞","2022",6,9,3,"陰","夜間(或隧道、地下道、涵洞)有照明",110,"直路","快車道","柏油","濕潤","良好","無號誌","中央分向島","未繪設快慢車道分隔線","有",63,"未使用",120.683002,23.9237,"南投縣","南投市"
"同向擦撞","2022",6,9,3,"陰","夜間(或隧道、地下道、涵洞)有照明",110,"直路","快車道","柏油","濕潤","良好","無號誌","中央分向島","未繪設快慢車道分隔線","有",52,"未使用",120.683002,23.9237,"南投縣","南投市"
"同向擦撞","2022",6,9,3,"陰","夜間(或隧道、地下道、涵洞)有照明",110,"直路","快車道","柏油","濕潤","良好","無號誌","中央分向島","未繪設快慢車道分隔線","有",43,"未使用",120.683002,23.9237,"南投縣","南投市"
"同向擦撞","2022",6,9,3,"陰","夜間(或隧道、地下道、涵洞)有照明",110,"直路","快車道","柏油","濕潤","良好","無號誌","中央分向島","未繪設快慢車道分隔線","有",25,"未使用",120.683002,23.9237,"南投縣","南投市"
"同向擦撞","2022",6,9,3,"陰","夜間(或隧道、地下道、涵洞)有照明",110,"直路","快車道","柏油","濕潤","良好","無號誌","中央分向島","未繪設快慢車道分隔線","有",24,"未使用",120.683002,23.9237,"南投縣","南投市"
"同向擦撞","2022",6,9,3,"陰","夜間(或隧道、地下道、涵洞)有照明",110,"直路","快車道","柏油","濕潤","良好","無號誌","中央分向島","未繪設快慢車道分隔線","有",27,"非駕駛人",120.683002,23.9237,"南投縣","南投市"
"側撞","2022",6,9,16,"陰","日間自然光線",50,"三岔路","交叉口附近","柏油","乾燥","良好","無號誌","雙向禁止超車線","未繪設快慢車道分隔線","無",80,"未使用",120.940099,24.802095,"新竹市","香山區"
"側撞","2022",6,9,16,"陰","日間自然光線",50,"三岔路","交叉口附近","柏油","乾燥","良好","無號誌","雙向禁止超車線","未繪設快慢車道分隔線","無",30,"未使用",120.940099,24.802095,"新竹市","香山區"
"撞路樹、電桿","2022",6,9,17,"陰","日間自然光線",50,"直路","一般車道(未劃分快慢車道)","柏油","乾燥","良好","無號誌","行車分向線","未繪設快慢車道分隔線","有",41,"未使用",121.354243,25.046737,"桃園市","龜山區"
"撞路樹、電桿","2022",6,9,17,"陰","日間自然光線",50,"直路","一般車道(未劃分快慢車道)","柏油","乾燥","良好","無號誌","行車分向線","未繪設快慢車道分隔線","有",20,"未使用",121.354243,25.046737,"桃園市","龜山區"
"側撞","2022",6,10,9,"晴","日間自然光線",50,"三岔路","交叉路口內","柏油","乾燥","良好","無號誌","中央分向島","快慢車道分隔線","有",32,"未使用",120.25432,22.998446,"臺南市","永康區"
"側撞","2022",6,10,9,"晴","日間自然光線",50,"三岔路","交叉路口內","柏油","乾燥","良好","無號誌","中央分向島","快慢車道分隔線","有",62,"未使用",120.25432,22.998446,"臺南市","永康區"
"衝出路外","2022",6,10,16,"晴","日間自然光線",60,"彎曲路及附近","一般車道(未劃分快慢車道)","柏油","乾燥","良好","無號誌","無","未繪設快慢車道分隔線","有",45,"未使用",120.920958,23.877824,"南投縣","魚池鄉"
"撞橋樑、建築物","2022",6,10,18,"晴","日間自然光線",50,"直路","路肩、路緣","柏油","乾燥","良好","無號誌","雙向禁止超車線","未繪設快慢車道分隔線","有",84,"未使用",121.031924,24.781937,"新竹縣","竹東鎮"
"側撞","2022",6,10,18,"陰","日間自然光線",50,"四岔路","交叉路口內","柏油","乾燥","良好","無號誌","無","未繪設快慢車道分隔線","無",59,"未使用",121.145294,24.962687,"桃園市","新屋區"
"側撞","2022",6,10,18,"陰","日間自然光線",50,"四岔路","交叉路口內","柏油","乾燥","良好","無號誌","無","未繪設快慢車道分隔線","無",25,"未使用",121.145294,24.962687,"桃園市","新屋區"
"路口交岔撞","2022",6,11,5,"晴","晨或暮光",50,"四岔路","交叉路口內","柏油","乾燥","良好","正常","雙向禁止超車線","未繪設快慢車道分隔線","有",37,"未使用",120.524138,23.875254,"彰化縣","北斗鎮"
"路口交岔撞","2022",6,11,5,"晴","晨或暮光",50,"四岔路","交叉路口內","柏油","乾燥","良好","正常","雙向禁止超車線","未繪設快慢車道分隔線","有",67,"不明",120.524138,23.875254,"彰化縣","北斗鎮"
"側撞","2022",6,11,16,"晴","日間自然光線",40,"多岔路","交叉路口內","柏油","乾燥","良好","正常","雙向禁止超車線","快慢車道分隔線","無",68,"未使用",120.30152,22.62716,"高雄市","鼓山區"
"側撞","2022",6,11,16,"晴","日間自然光線",40,"多岔路","交叉路口內","柏油","乾燥","良好","正常","雙向禁止超車線","快慢車道分隔線","無",47,"未使用",120.30152,22.62716,"高雄市","鼓山區"
"穿越道路中","2022",6,11,23,"雨","夜間(或隧道、地下道、涵洞)有照明",50,"四岔路","交叉口附近","柏油","濕潤","良好","無號誌","雙向禁止超車線","未繪設快慢車道分隔線","有",91,"非駕駛人",120.534861,24.09604,"彰化縣","和美鎮"
"穿越道路中","2022",6,11,23,"雨","夜間(或隧道、地下道、涵洞)有照明",50,"四岔路","交叉口附近","柏油","濕潤","良好","無號誌","雙向禁止超車線","未繪設快慢車道分隔線","有",30,"未使用",120.534861,24.09604,"彰化縣","和美鎮"
"撞交通島","2022",6,12,2,"雨","夜間(或隧道、地下道、涵洞)有照明",60,"直路","快車道","柏油","濕潤","良好","正常","中央分向島","未繪設快慢車道分隔線","有",19,"未使用",120.530144,24.071866,"彰化縣","彰化市"
"路上翻車、摔倒","2022",6,12,18,"晴","晨或暮光",50,"直路","一般車道(未劃分快慢車道)","柏油","乾燥","良好","無號誌","行車分向線","未繪設快慢車道分隔線","有",39,"未使用",120.475356,24.018796,"彰化縣","福興鄉"
"撞路樹、電桿","2022",6,13,2,"晴","夜間(或隧道、地下道、涵洞)無照明",60,"直路","一般車道(未劃分快慢車道)","柏油","乾燥","不良","無號誌","雙向禁止超車線","未繪設快慢車道分隔線","有",45,"未使用",121.790258,24.755284,"宜蘭縣","壯圍鄉"
"衝出路外","2022",6,13,12,"晴","日間自然光線",50,"直路","其他","柏油","乾燥","良好","無號誌","行車分向線","未繪設快慢車道分隔線","有",85,"未使用",120.271896,23.329154,"臺南市","鹽水區"
"側撞","2022",6,13,15,"晴","日間自然光線",60,"直路","交通島(含槽化線)","柏油","乾燥","良好","無號誌","中央分向島","快慢車道分隔線","有",81,"未使用",121.765645,24.804379,"宜蘭縣","礁溪鄉"
"側撞","2022",6,13,15,"晴","日間自然光線",60,"直路","交通島(含槽化線)","柏油","乾燥","良好","無號誌","中央分向島","快慢車道分隔線","有",45,"未使用",121.765645,24.804379,"宜蘭縣","礁溪鄉"
"側撞","2022",6,13,15,"晴","日間自然光線",60,"直路","交通島(含槽化線)","柏油","乾燥","良好","無號誌","中央分向島","快慢車道分隔線","有",79,"未使用",121.765645,24.804379,"宜蘭縣","礁溪鄉"
"路口交岔撞","2022",6,14,11,"晴","日間自然光線",50,"四岔路","交叉路口內","柏油","乾燥","良好","正常","雙向禁止超車線","快慢車道分隔線","有",64,"未使用",120.475861,22.666974,"屏東縣","屏東市"