"事故類型及型態子類別名稱","發生年度","發生月份","發生日期","發生時間","天候名稱","光線名稱","速限.第1當事者","道路型態子類別名稱","事故位置子類別名稱","路面狀況.路面鋪裝名稱","路面狀況.路面狀態名稱","道路障礙.視距品質名稱","號誌.號誌動作名稱","車道劃分設施.分向設施大類別名稱","車道劃分設施.分道設施.快慢車道間名稱","車道劃分設施.分道設施.路面邊線名稱","當事者事故發生時年齡","行動電話或電腦或其他相類功能裝置名稱","經度","緯度","縣市","鄉鎮"
"路口交岔撞","2022",6,14,11,"晴","日間自然光線",50,"四岔路","交叉路口內","柏油","乾燥","良好","正常","雙向禁止超車線","快慢車道分隔線","有",31,"未使用",120.475861,22.666974,"屏東縣","屏東市"
"對撞","2022",6,14,12,"晴","日間自然光線",50,"三岔路","交叉路口內","柏油","乾燥","良好","正常","雙向禁止超車線","未繪設快慢車道分隔線","有",50,"未使用",121.473062,25.079465,"新北市","蘆洲區"
"對撞","2022",6,14,12,"晴","日間自然光線",50,"三岔路","交叉路口內","柏油","乾燥","良好","正常","雙向禁止超車線","未繪設快慢車道分隔線","有",46,"未使用",121.473062,25.079465,"新北市","蘆洲區"
"對撞","2022",6,14,12,"晴","日間自然光線",50,"三岔路","交叉路口內","柏油","乾燥","良好","正常","雙向禁止超車線","未繪設快慢車道分隔線","有",21,"未使用",121.473062,25.079465,"新北市","蘆洲區"
"衝出路外","2022",6,14,17,"晴","日間自然光線",40,"直路","路肩、路緣","柏油","乾燥","良好","無號誌","中央分向島","快慢車道分隔線","有",18,"未使用",120.4473,22.649755,"屏東縣","屏東市"
"衝出路外","2022",6,14,17,"晴","日間自然光線",40,"直路","路肩、路緣","柏油","乾燥","良好","無號誌","中央分向島","快慢車道分隔線","有",18,"非駕駛人",120.4473,22.649755,"屏東縣","屏東市"
"撞號誌、標誌桿","2022",6,14,19,"陰","夜間(或隧道、地下道、涵洞)有照明",70,"四岔路","交叉路口內","柏油","乾燥","良好","正常","無","未繪設快慢車道分隔線","無",74,"不明",121.394249,23.608448,"花蓮縣","光復鄉"
"撞路樹、電桿","2022",6,15,2,"晴","夜間(或隧道、地下道、涵洞)有照明",50,"彎曲路及附近","路肩、路緣","柏油","乾燥","良好","無號誌","雙向禁止超車線","快慢車道分隔線","有",30,"未使用",120.425,22.92711,"高雄市","內門區"
"撞路樹、電桿","2022",6,15,2,"晴","夜間(或隧道、地下道、涵洞)有照明",50,"彎曲路及附近","路肩、路緣","柏油","乾燥","良好","無號誌","雙向禁止超車線","快慢車道分隔線","有",111,"",120.425,22.92711,"高雄市","內門區"
"撞路樹、電桿","2022",6,15,2,"晴","夜間(或隧道、地下道、涵洞)有照明",50,"彎曲路及附近","路肩、路緣","柏油","乾燥","良好","無號誌","雙向禁止超車線","快慢車道分隔線","有",29,"非駕駛人",120.425,22.92711,"高雄市","內門區"
"其他","2022",6,15,6,"雨","晨或暮光",40,"直路","慢車道","柏油","濕潤","良好","無號誌","中央分向島","寛式快慢車道分隔島(50公分以上)","無",40,"未使用",120.99006,24.806897,"新竹市","東區"
"撞路樹、電桿","2022",6,15,6,"晴","日間自然光線",50,"直路","一般車道(未劃分快慢車道)","柏油","乾燥","良好","無號誌","無","未繪設快慢車道分隔線","有",56,"未使用",120.69188,24.393257,"苗栗縣","苑裡鎮"
"穿越道路中","2022",6,15,9,"雨","日間自然光線",50,"四岔路","行人穿越道","柏油","濕潤","良好","正常","無","未繪設快慢車道分隔線","無",75,"未使用",121.410412,25.021179,"桃園市","龜山區"
"穿越道路中","2022",6,15,9,"雨","日間自然光線",50,"四岔路","行人穿越道","柏油","濕潤","良好","正常","無","未繪設快慢車道分隔線","無",46,"未使用",121.410412,25.021179,"桃園市","龜山區"
"撞護欄(樁)","2022",6,15,11,"雨","日間自然光線",50,"彎曲路及附近","一般車道(未劃分快慢車道)","柏油","濕潤","不良","無號誌","雙向禁止超車線","未繪設快慢車道分隔線","有",26,"未使用",121.705497,25.166376,"基隆市","安樂區"
"撞護欄(樁)","2022",6,15,11,"雨","日間自然光線",50,"彎曲路及附近","一般車道(未劃分快慢車道)","柏油","濕潤","不良","無號誌","雙向禁止超車線","未繪設快慢車道分隔線","有",21,"未使用",121.705497,25.166376,"基隆市","安樂區"
"追撞","2022",6,15,15,"晴","日間自然光線",60,"直路","慢車道","柏油","乾燥","良好","無號誌","雙向禁止超車線","快慢車道分隔線","有",60,"未使用",120.610664,23.752322,"雲林縣","林內鄉"
"追撞","2022",6,15,15,"晴","日間自然光線",60,"直路","慢車道","柏油","乾燥","良好","無號誌","雙向禁止超車線","快慢車道分隔線","有",69,"未使用",120.610664,23.752322,"雲林縣","林內鄉"
"側撞","2022",6,15,17,"晴","日間自然光線",50,"四岔路","交叉路口內","柏油","乾燥","良好","無號誌","行車分向線","未繪設快慢車道分隔線","有",61,"未使用",120.235241,22.92386,"臺南市","仁德區"
"側撞","2022",6,15,17,"晴","日間自然光線",50,"四岔路","交叉路口內","柏油","乾燥","良好","無號誌","行車分向線","未繪設快慢車道分隔線","有",21,"未使用",120.235241,22.92386,"臺南市","仁德區"
"路上翻車、摔倒","2022",6,15,18,"晴","夜間(或隧道、地下道、涵洞)有照明",60,"彎曲路及附近","一般車道(未劃分快慢車道)","柏油","乾燥","不良","無號誌","中央分向島","未繪設快慢車道分隔線","有",19,"未使用",120.4052,22.77464,"高雄市","燕巢區"
"路上翻車、摔倒","2022",6,15,18,"晴","夜間(或隧道、地下道、涵洞)有照明",60,"彎曲路及附近","一般車道(未劃分快慢車道)","柏油","乾燥","不良","無號誌","中央分向島","未繪設快慢車道分隔線","有",111,"",120.4052,22.77464,"高雄市","燕巢區"
"撞號誌、標誌桿","2022",6,16,1,"晴","夜間(或隧道、地下道、涵洞)有照明",70,"三岔路","交叉路口內","柏油","乾燥","良好","正常","無","未繪設快慢車道分隔線","無",39,"未使用",121.382103,23.564909,"花蓮縣","瑞穗鄉"
"撞橋樑、建築物","2022",6,16,6,"陰","晨或暮光",60,"高架道路","路肩、路緣","柏油","乾燥","良好","無號誌","雙向禁止超車線","未繪設快慢車道分隔線","有",66,"未使用",120.502278,24.181415,"彰化縣","伸港鄉"
"同向擦撞","2022",6,16,6,"晴","日間自然光線",50,"直路","一般車道(未劃分快慢車道)","柏油","乾燥","良好","無號誌","中央分向島","未繪設快慢車道分隔線","無",34,"未使用",121.485198,24.993454,"新北市","中和區"
"同向擦撞","2022",6,16,6,"晴","日間自然光線",50,"直路","一般車道(未劃分快慢車道)","柏油","乾燥","良好","無號誌","中央分向島","未繪設快慢車道分隔線","無",40,"未使用",121.485198,24.993454,"新北市","中和區"
"穿越道路中","2022",6,16,7,"陰","日間自然光線",50,"四岔路","行人穿越道","柏油","乾燥","良好","正常","無","未繪設快慢車道分隔線","無",56,"未使用",120.694122,24.161233,"臺中市","北區"
"穿越道路中","2022",6,16,7,"陰","日間自然光線",50,"四岔路","行人穿越道","柏油","乾燥","良好","正常","無","未繪設快慢車道分隔線","無",65,"非駕駛人",120.694122,24.161233,"臺中市","北區"
"其他","2022",6,16,7,"雨","日間自然光線",60,"直路","一般車道(未劃分快慢車道)","柏油","濕潤","良好","無號誌","雙向禁止超車線","未繪設快慢車道分隔線","有",69,"未使用",121.072866,24.978968,"桃園市","新屋區"
"其他","2022",6,16,7,"雨","日間自然光線",60,"直路","一般車道(未劃分快慢車道)","柏油","濕潤","良好","無號誌","雙向禁止超車線","未繪設快慢車道分隔線","有",48,"未使用",121.072866,24.978968,"桃園市","新屋區"
"路口交岔撞","2022",6,16,8,"晴","日間自然光線",30,"四岔路","交叉路口內","柏油","乾燥","良好","無號誌","無","未繪設快慢車道分隔線","無",48,"未使用",120.239803,23.259948,"臺南市","鹽水區"
"路口交岔撞","2022",6,16,8,"晴","日間自然光線",30,"四岔路","交叉路口內","柏油","乾燥","良好","無號誌","無","未繪設快慢車道分隔線","無",41,"未使用",120.239803,23.259948,"臺南市","鹽水區"
"撞路樹、電桿","2022",6,16,14,"晴","日間自然光線",30,"直路","一般車道(未劃分快慢車道)","柏油","乾燥","良好","無號誌","無","未繪設快慢車道分隔線","無",73,"未使用",120.250651,23.249653,"臺南市","鹽水區"
"側撞","2022",6,16,15,"晴","日間自然光線",60,"三岔路","交叉路口內","柏油","乾燥","良好","無號誌","行車分向線","未繪設快慢車道分隔線","有",82,"未使用",120.146423,23.146571,"臺南市","七股區"
"側撞","2022",6,16,15,"晴","日間自然光線",60,"三岔路","交叉路口內","柏油","乾燥","良好","無號誌","行車分向線","未繪設快慢車道分隔線","有",40,"未使用",120.146423,23.146571,"臺南市","七股區"
"撞路樹、電桿","2022",6,16,19,"晴","夜間(或隧道、地下道、涵洞)有照明",50,"直路","一般車道(未劃分快慢車道)","柏油","乾燥","良好","無號誌","行車分向線","未繪設快慢車道分隔線","有",41,"不明",120.58825,23.94362,"彰化縣","員林市"
"其他","2022",6,16,21,"晴","夜間(或隧道、地下道、涵洞)有照明",50,"橋樑","一般車道(未劃分快慢車道)","柏油","乾燥","良好","無號誌","中央分向島","未繪設快慢車道分隔線","無",38,"未使用",121.46501,25.029209,"新北市","板橋區"
"其他","2022",6,16,21,"晴","夜間(或隧道、地下道、涵洞)有照明",50,"橋樑","一般車道(未劃分快慢車道)","柏油","乾燥","良好","無號誌","中央分向島","未繪設快慢車道分隔線","無",72,"非駕駛人",121.46501,25.029209,"新北市","板橋區"
"追撞","2022",6,17,3,"晴","夜間(或隧道、地下道、涵洞)有照明",100,"坡路","快車道","柏油","乾燥","不良","無號誌","中央分向島","未繪設快慢車道分隔線","有",34,"不明",120.746715,24.370854,"苗栗縣","三義鄉"
"追撞","2022",6,17,3,"晴","夜間(或隧道、地下道、涵洞)有照明",100,"坡路","快車道","柏油","乾燥","不良","無號誌","中央分向島","未繪設快慢車道分隔線","有",43,"未使用",120.746715,24.370854,"苗栗縣","三義鄉"
"側撞","2022",6,17,7,"晴","日間自然光線",40,"三岔路","交叉路口內","柏油","乾燥","良好","無號誌","行車分向線","未繪設快慢車道分隔線","有",74,"未使用",120.503864,23.922785,"彰化縣","永靖鄉"
"側撞","2022",6,17,7,"晴","日間自然光線",40,"三岔路","交叉路口內","柏油","乾燥","良好","無號誌","行車分向線","未繪設快慢車道分隔線","有",49,"未使用",120.503864,23.922785,"彰化縣","永靖鄉"
"同向通行中","2022",6,17,10,"晴","日間自然光線",30,"直路","一般車道(未劃分快慢車道)","柏油","乾燥","良好","無號誌","無","未繪設快慢車道分隔線","有",67,"未使用",121.298912,25.007696,"桃園市","桃園區"
"同向通行中","2022",6,17,10,"晴","日間自然光線",30,"直路","一般車道(未劃分快慢車道)","柏油","乾燥","良好","無號誌","無","未繪設快慢車道分隔線","有",70,"非駕駛人",121.298912,25.007696,"桃園市","桃園區"
"追撞","2022",6,17,19,"晴","夜間(或隧道、地下道、涵洞)無照明",110,"直路","快車道","柏油","乾燥","良好","無號誌","中央分向島","未繪設快慢車道分隔線","有",43,"未使用",120.622137,24.082855,"臺中市","烏日區"
"追撞","2022",6,17,19,"晴","夜間(或隧道、地下道、涵洞)無照明",110,"直路","快車道","柏油","乾燥","良好","無號誌","中央分向島","未繪設快慢車道分隔線","有",23,"未使用",120.622137,24.082855,"臺中市","烏日區"
"追撞","2022",6,17,19,"晴","夜間(或隧道、地下道、涵洞)無照明",110,"直路","快車道","柏油","乾燥","良好","無號誌","中央分向島","未繪設快慢車道分隔線","有",59,"未使用",120.622137,24.082855,"臺中市","烏日區"
"追撞","2022",6,17,19,"晴","夜間(或隧道、地下道、涵洞)無照明",110,"直路","快車道","柏油","乾燥","良好","無號誌","中央分向島","未繪設快慢車道分隔線","有",39,"未使用",120.622137,24.082855,"臺中市","烏日區"
"追撞","2022",6,17,19,"晴","夜間(或隧道、地下道、涵洞)無照明",110,"直路","快車道","柏油","乾燥","良好","無號誌","中央分向島","未繪設快慢車道分隔線","有",28,"未使用",120.622137,24.082855,"臺中市","烏日區"
"側撞","2022",6,18,0,"晴","夜間(或隧道、地下道、涵洞)有照明",50,"直路","一般車道(未劃分快慢車道)","柏油","乾燥","良好","無號誌","中央分向島","未繪設快慢車道分隔線","有",59,"未使用",120.562288,24.08729,"彰化縣","彰化市"
"側撞","2022",6,18,0,"晴","夜間(或隧道、地下道、涵洞)有照明",50,"直路","一般車道(未劃分快慢車道)","柏油","乾燥","良好","無號誌","中央分向島","未繪設快慢車道分隔線","有",19,"未使用",120.562288,24.08729,"彰化縣","彰化市"
"路口交岔撞","2022",6,18,11,"晴","日間自然光線",30,"四岔路","交叉路口內","柏油","乾燥","良好","無號誌","無","未繪設快慢車道分隔線","無",70,"未使用",120.365328,23.669403,"雲林縣","土庫鎮"
"路口交岔撞","2022",6,18,11,"晴","日間自然光線",30,"四岔路","交叉路口內","柏油","乾燥","良好","無號誌","無","未繪設快慢車道分隔線","無",72,"未使用",120.365328,23.669403,"雲林縣","土庫鎮"
"側撞","2022",6,18,12,"晴","日間自然光線",50,"四岔路","交叉路口內","柏油","乾燥","良好","無號誌","無","未繪設快慢車道分隔線","無",34,"不明",120.594376,23.854506,"彰化縣","田中鎮"
"側撞","2022",6,18,12,"晴","日間自然光線",50,"四岔路","交叉路口內","柏油","乾燥","良好","無號誌","無","未繪設快慢車道分隔線","無",70,"不明",120.594376,23.854506,"彰化縣","田中鎮"
"路上翻車、摔倒","2022",6,18,18,"陰","日間自然光線",40,"彎曲路及附近","一般車道(未劃分快慢車道)","柏油","濕潤","良好","無號誌","雙向禁止超車線","未繪設快慢車道分隔線","有",13,"未使用",121.797054,24.6867,"新北市","貢寮區"
"路上翻車、摔倒","2022",6,18,18,"陰","日間自然光線",40,"彎曲路及附近","一般車道(未劃分快慢車道)","柏油","濕潤","良好","無號誌","雙向禁止超車線","未繪設快慢車道分隔線","有",13,"非駕駛人",121.797054,24.6867,"新北市","貢寮區"
"撞護欄(樁)","2022",6,18,19,"晴","夜間(或隧道、地下道、涵洞)有照明",50,"彎曲路及附近","一般車道(未劃分快慢車道)","柏油","乾燥","良好","無號誌","中央分向島","未繪設快慢車道分隔線","無",58,"未使用",121.718545,25.138402,"基隆市","安樂區"
"其他","2022",6,19,9,"晴","日間自然光線",50,"四岔路","交叉路口內","柏油","乾燥","良好","無號誌","行車分向線","未繪設快慢車道分隔線","無",22,"未使用",120.688892,24.160195,"臺中市","北區"
"其他","2022",6,19,9,"晴","日間自然光線",50,"四岔路","交叉路口內","柏油","乾燥","良好","無號誌","行車分向線","未繪設快慢車道分隔線","無",73,"未使用",120.688892,24.160195,"臺中市","北區"
"其他","2022",6,19,9,"晴","日間自然光線",50,"四岔路","交叉路口內","柏油","乾燥","良好","無號誌","行車分向線","未繪設快慢車道分隔線","無",56,"不明",120.688892,24.160195,"臺中市","北區"
"側撞","2022",6,19,10,"晴","日間自然光線",30,"彎曲路及附近","慢車道","柏油","乾燥","良好","無號誌","中央分向島","快慢車道分隔線","有",44,"未使用",120.1856,22.88938,"高雄市","茄萣區"
"側撞","2022",6,19,10,"晴","日間自然光線",30,"彎曲路及附近","慢車道","柏油","乾燥","良好","無號誌","中央分向島","快慢車道分隔線","有",51,"不明",120.1856,22.88938,"高雄市","茄萣區"
"撞交通島","2022",6,19,10,"晴","日間自然光線",60,"彎曲路及附近","一般車道(未劃分快慢車道)","柏油","乾燥","良好","無號誌","中央分向島","未繪設快慢車道分隔線","有",41,"未使用",121.213281,24.822223,"桃園市","龍潭區"
"撞交通島","2022",6,19,10,"晴","日間自然光線",60,"彎曲路及附近","一般車道(未劃分快慢車道)","柏油","乾燥","良好","無號誌","中央分向島","未繪設快慢車道分隔線","有",38,"未使用",121.213281,24.822223,"桃園市","龍潭區"
"撞交通島","2022",6,19,10,"晴","日間自然光線",60,"彎曲路及附近","一般車道(未劃分快慢車道)","柏油","乾燥","良好","無號誌","中央分向島","未繪設快慢車道分隔線","有",37,"未使用",121.213281,24.822223,"桃園市","龍潭區"
"對撞","2022",6,19,12,"晴","日間自然光線",60,"彎曲路及附近","一般車道(未劃分快慢車道)","柏油","乾燥","良好","無號誌","雙向禁止超車線","未繪設快慢車道分隔線","有",16,"未使用",120.955783,24.614328,"苗栗縣","三灣鄉"
"對撞","2022",6,19,12,"晴","日間自然光線",60,"彎曲路及附近","一般車道(未劃分快慢車道)","柏油","乾燥","良好","無號誌","雙向禁止超車線","未繪設快慢車道分隔線","有",46,"未使用",120.955783,24.614328,"苗栗縣","三灣鄉"
"追撞","2022",6,19,23,"晴","夜間(或隧道、地下道、涵洞)有照明",60,"彎曲路及附近","一般車道(未劃分快慢車道)","柏油","乾燥","良好","無號誌","行車分向線","未繪設快慢車道分隔線","有",34,"不明",120.200371,23.575868,"雲林縣","水林鄉"
"追撞","2022",6,19,23,"晴","夜間(或隧道、地下道、涵洞)有照明",60,"彎曲路及附近","一般車道(未劃分快慢車道)","柏油","乾燥","良好","無號誌","行車分向線","未繪設快慢車道分隔線","有",56,"不明",120.200371,23.575868,"雲林縣","水林鄉"
"追撞","2022",6,20,3,"晴","夜間(或隧道、地下道、涵洞)無照明",90,"直路","快車道","柏油","乾燥","良好","無號誌","中央分向島","未繪設快慢車道分隔線","有",28,"未使用",120.155831,23.345786,"嘉義縣","布袋鎮"
"追撞","2022",6,20,3,"晴","夜間(或隧道、地下道、涵洞)無照明",90,"直路","快車道","柏油","乾燥","良好","無號誌","中央分向島","未繪設快慢車道分隔線","有",32,"未使用",120.155831,23.345786,"嘉義縣","布袋鎮"
"路口交岔撞","2022",6,20,7,"晴","日間自然光線",40,"四岔路","交叉路口內","柏油","乾燥","良好","無號誌","無","未繪設快慢車道分隔線","無",35,"未使用",121.57083,23.97542,"花蓮縣","吉安鄉"
"路口交岔撞","2022",6,20,7,"晴","日間自然光線",40,"四岔路","交叉路口內","柏油","乾燥","良好","無號誌","無","未繪設快慢車道分隔線","無",59,"未使用",121.57083,23.97542,"花蓮縣","吉安鄉"
"路口交岔撞","2022",6,20,7,"晴","日間自然光線",30,"四岔路","交叉路口內","柏油","乾燥","良好","無號誌","無","未繪設快慢車道分隔線","無",67,"未使用",120.220102,23.166567,"臺南市","麻豆區"
"路口交岔撞","2022",6,20,7,"晴","日間自然光線",30,"四岔路","交叉路口內","柏油","乾燥","良好","無號誌","無","未繪設快慢車道分隔線","無",45,"不明",120.220102,23.166567,"臺南市","麻豆區"
"追撞","2022",6,20,8,"晴","日間自然光線",40,"直路","機車專用道","柏油","乾燥","良好","無號誌","中央分向島","寛式快慢車道分隔島(50公分以上)","無",42,"不明",120.985858,24.813687,"新竹市","東區"
"追撞","2022",6,20,8,"晴","日間自然光線",40,"直路","機車專用道","柏油","乾燥","良好","無號誌","中央分向島","寛式快慢車道分隔島(50公分以上)","無",46,"不明",120.985858,24.813687,"新竹市","東區"
"側撞","2022",6,20,8,"晴","日間自然光線",50,"三岔路","交叉路口內","柏油","乾燥","良好","正常","中央分向島","未繪設快慢車道分隔線","無",71,"未使用",120.2811,22.76505,"高雄市","左營區"
"側撞","2022",6,20,8,"晴","日間自然光線",50,"三岔路","交叉路口內","柏油","乾燥","良好","正常","中央分向島","未繪設快慢車道分隔線","無",50,"未使用",120.2811,22.76505,"高雄市","左營區"
"撞路樹、電桿","2022",6,20,20,"晴","夜間(或隧道、地下道、涵洞)有照明",50,"彎曲路及附近","快車道","柏油","乾燥","良好","無號誌","雙向禁止超車線","快慢車道分隔線","有",18,"未使用",121.129849,24.87897,"新竹縣","新埔鎮"
"撞路樹、電桿","2022",6,20,20,"晴","夜間(或隧道、地下道、涵洞)有照明",50,"彎曲路及附近","快車道","柏油","乾燥","良好","無號誌","雙向禁止超車線","快慢車道分隔線","有",17,"未使用",121.129849,24.87897,"新竹縣","新埔鎮"
"在路上作業中","2022",6,21,1,"晴","夜間(或隧道、地下道、涵洞)有照明",50,"三岔路","交叉口附近","柏油","乾燥","良好","正常","中央分向島","快慢車道分隔線","無",29,"未使用",121.459908,25.138057,"新北市","淡水區"
"在路上作業中","2022",6,21,1,"晴","夜間(或隧道、地下道、涵洞)有照明",50,"三岔路","交叉口附近","柏油","乾燥","良好","正常","中央分向島","快慢車道分隔線","無",53,"非駕駛人",121.459908,25.138057,"新北市","淡水區"
"在路上作業中","2022",6,21,1,"晴","夜間(或隧道、地下道、涵洞)有照明",50,"三岔路","交叉口附近","柏油","乾燥","良好","正常","中央分向島","快慢車道分隔線","無",28,"非駕駛人",121.459908,25.138057,"新北市","淡水區"
"衝出路外","2022",6,21,3,"晴","夜間(或隧道、地下道、涵洞)有照明",50,"直路","其他","柏油","乾燥","良好","無號誌","中央分向島","快慢車道分隔線","有",41,"不明",120.31629,23.676689,"雲林縣","元長鄉"
"撞護欄(樁)","2022",6,21,6,"晴","日間自然光線",40,"直路","慢車道","柏油","乾燥","良好","無號誌","中央分向島","窄式快慢車道分隔島(附柵欄)","有",40,"未使用",120.456573,22.600685,"屏東縣","萬丹鄉"
"側撞","2022",6,21,7,"晴","日間自然光線",50,"三岔路","交叉路口內","柏油","乾燥","良好","無號誌","行車分向線","未繪設快慢車道分隔線","有",61,"未使用",120.596814,22.364264,"屏東縣","枋寮鄉"
"側撞","2022",6,21,7,"晴","日間自然光線",50,"三岔路","交叉路口內","柏油","乾燥","良好","無號誌","行車分向線","未繪設快慢車道分隔線","有",71,"未使用",120.596814,22.364264,"屏東縣","枋寮鄉"
"路口交岔撞","2022",6,21,8,"晴","日間自然光線",30,"四岔路","交叉路口內","柏油","乾燥","良好","無號誌","無","未繪設快慢車道分隔線","無",31,"未使用",120.412403,22.607776,"高雄市","大寮區"
"路口交岔撞","2022",6,21,8,"晴","日間自然光線",30,"四岔路","交叉路口內","柏油","乾燥","良好","無號誌","無","未繪設快慢車道分隔線","無",27,"未使用",120.412403,22.607776,"高雄市","大寮區"
"同向擦撞","2022",6,21,12,"晴","日間自然光線",50,"三岔路","交叉口附近","柏油","乾燥","良好","正常","行車分向線","未繪設快慢車道分隔線","有",19,"未使用",120.472302,23.959252,"彰化縣","溪湖鎮"
"同向擦撞","2022",6,21,12,"晴","日間自然光線",50,"三岔路","交叉口附近","柏油","乾燥","良好","正常","行車分向線","未繪設快慢車道分隔線","有",74,"未使用",120.472302,23.959252,"彰化縣","溪湖鎮"
"撞護欄(樁)","2022",6,22,8,"晴","日間自然光線",40,"直路","一般車道(未劃分快慢車道)","柏油","乾燥","良好","無號誌","雙向禁止超車線","未繪設快慢車道分隔線","有",63,"未使用",120.302159,23.566685,"雲林縣","北港鎮"
"撞護欄(樁)","2022",6,22,8,"晴","日間自然光線",40,"直路","一般車道(未劃分快慢車道)","柏油","乾燥","良好","無號誌","雙向禁止超車線","未繪設快慢車道分隔線","有",31,"不明",120.302159,23.566685,"雲林縣","北港鎮"
"倒車撞","2022",6,22,16,"晴","日間自然光線",40,"直路","慢車道","柏油","乾燥","良好","無號誌","無","未繪設快慢車道分隔線","有",33,"未使用",120.475562,24.158887,"彰化縣","伸港鄉"
"倒車撞","2022",6,22,16,"晴","日間自然光線",40,"直路","慢車道","柏油","乾燥","良好","無號誌","無","未繪設快慢車道分隔線","有",65,"不明",120.475562,24.158887,"彰化縣","伸港鄉"
"倒車撞","2022",6,22,16,"晴","日間自然光線",40,"直路","慢車道","柏油","乾燥","良好","無號誌","無","未繪設快慢車道分隔線","有",30,"非駕駛人",120.475562,24.158887,"彰化縣","伸港鄉"
"倒車撞","2022",6,22,16,"晴","日間自然光線",40,"直路","慢車道","柏油","乾燥","良好","無號誌","無","未繪設快慢車道分隔線","有",59,"非駕駛人",120.475562,24.158887,"彰化縣","伸港鄉"
"同向擦撞","2022",6,23,6,"晴","晨或暮光",50,"直路","一般車道(未劃分快慢車道)","柏油","乾燥","良好","無號誌","雙向禁止超車線","快慢車道分隔線","有",31,"未使用",121.452054,25.057255,"新北市","新莊區"
"同向擦撞","2022",6,23,6,"晴","晨或暮光",50,"直路","一般車道(未劃分快慢車道)","柏油","乾燥","良好","無號誌","雙向禁止超車線","快慢車道分隔線","有",43,"未使用",121.452054,25.057255,"新北市","新莊區"
"同向擦撞","2022",6,23,6,"晴","晨或暮光",50,"直路","一般車道(未劃分快慢車道)","柏油","乾燥","良好","無號誌","雙向禁止超車線","快慢車道分隔線","有",47,"未使用",121.452054,25.057255,"新北市","新莊區"
"側撞","2022",6,23,8,"晴","日間自然光線",50,"直路","一般車道(未劃分快慢車道)","柏油","乾燥","良好","無號誌","行車分向線","未繪設快慢車道分隔線","有",81,"不明",120.53271,22.85065,"高雄市","美濃區"
"側撞","2022",6,23,8,"晴","日間自然光線",50,"直路","一般車道(未劃分快慢車道)","柏油","乾燥","良好","無號誌","行車分向線","未繪設快慢車道分隔線","有",86,"未使用",120.53271,22.85065,"高雄市","美濃區"
"對撞","2022",6,23,11,"晴","日間自然光線",40,"彎曲路及附近","一般車道(未劃分快慢車道)","柏油","乾燥","不良","無號誌","雙向禁止超車線","未繪設快慢車道分隔線","有",38,"未使用",121.336288,24.829395,"桃園市","復興區"
"對撞","2022",6,23,11,"晴","日間自然光線",40,"彎曲路及附近","一般車道(未劃分快慢車道)","柏油","乾燥","不良","無號誌","雙向禁止超車線","未繪設快慢車道分隔線","有",41,"未使用",121.336288,24.829395,"桃園市","復興區"
"撞路樹、電桿","2022",6,23,11,"晴","日間自然光線",60,"三岔路","交叉口附近","柏油","乾燥","良好","無號誌","雙向禁止超車線","未繪設快慢車道分隔線","有",71,"未使用",120.5158,22.89464,"高雄市","美濃區"
"撞路樹、電桿","2022",6,23,11,"晴","日間自然光線",60,"三岔路","交叉口附近","柏油","乾燥","良好","無號誌","雙向禁止超車線","未繪設快慢車道分隔線","有",111,"",120.5158,22.89464,"高雄市","美濃區"
"撞路樹、電桿","2022",6,23,11,"晴","日間自然光線",60,"三岔路","交叉口附近","柏油","乾燥","良好","無號誌","雙向禁止超車線","未繪設快慢車道分隔線","有",94,"非駕駛人",120.5158,22.89464,"高雄市","美濃區"
"撞路樹、電桿","2022",6,23,11,"晴","日間自然光線",60,"三岔路","交叉口附近","柏油","乾燥","良好","無號誌","雙向禁止超車線","未繪設快慢車道分隔線","有",49,"非駕駛人",120.5158,22.89464,"高雄市","美濃區"
"側撞","2022",6,23,13,"晴","日間自然光線",50,"四岔路","交叉路口內","柏油","乾燥","良好","正常","中央分向島","未繪設快慢車道分隔線","有",32,"未使用",120.533334,22.690554,"屏東縣","長治鄉"
"側撞","2022",6,23,13,"晴","日間自然光線",50,"四岔路","交叉路口內","柏油","乾燥","良好","正常","中央分向島","未繪設快慢車道分隔線","有",35,"未使用",120.533334,22.690554,"屏東縣","長治鄉"
"同向擦撞","2022",6,23,16,"晴","日間自然光線",50,"直路","一般車道(未劃分快慢車道)","柏油","乾燥","良好","無號誌","中央分向島","未繪設快慢車道分隔線","有",52,"不明",120.735002,24.351967,"苗栗縣","三義鄉"
"同向擦撞","2022",6,23,16,"晴","日間自然光線",50,"直路","一般車道(未劃分快慢車道)","柏油","乾燥","良好","無號誌","中央分向島","未繪設快慢車道分隔線","有",82,"不明",120.735002,24.351967,"苗栗縣","三義鄉"
"其他","2022",6,23,19,"晴","日間自然光線",50,"直路","一般車道(未劃分快慢車道)","柏油","乾燥","良好","無號誌","行車分向線","未繪設快慢車道分隔線","有",56,"不明",120.499303,23.980308,"彰化縣","埔鹽鄉"
"其他","2022",6,23,19,"晴","日間自然光線",50,"直路","一般車道(未劃分快慢車道)","柏油","乾燥","良好","無號誌","行車分向線","未繪設快慢車道分隔線","有",23,"未使用",120.499303,23.980308,"彰化縣","埔鹽鄉"
"其他","2022",6,23,19,"晴","日間自然光線",50,"直路","一般車道(未劃分快慢車道)","柏油","乾燥","良好","無號誌","行車分向線","未繪設快慢車道分隔線","有",65,"非駕駛人",120.499303,23.980308,"彰化縣","埔鹽鄉"