"事故類型及型態子類別名稱","發生年度","發生月份","發生日期","發生時間","天候名稱","光線名稱","速限.第1當事者","道路型態子類別名稱","事故位置子類別名稱","路面狀況.路面鋪裝名稱","路面狀況.路面狀態名稱","道路障礙.視距品質名稱","號誌.號誌動作名稱","車道劃分設施.分向設施大類別名稱","車道劃分設施.分道設施.快慢車道間名稱","車道劃分設施.分道設施.路面邊線名稱","當事者事故發生時年齡","行動電話或電腦或其他相類功能裝置名稱","經度","緯度","縣市","鄉鎮"
"撞路樹、電桿","2022",6,24,5,"晴","日間自然光線",50,"直路","路肩、路緣","柏油","乾燥","良好","無號誌","雙向禁止超車線","未繪設快慢車道分隔線","有",36,"不明",121.322239,25.004857,"桃園市","桃園區"
"側撞","2022",6,24,15,"晴","日間自然光線",60,"四岔路","交叉路口內","柏油","乾燥","良好","無號誌","無","未繪設快慢車道分隔線","無",83,"未使用",121.170601,23.065199,"臺東縣","關山鎮"
"側撞","2022",6,24,15,"晴","日間自然光線",60,"四岔路","交叉路口內","柏油","乾燥","良好","無號誌","無","未繪設快慢車道分隔線","無",28,"未使用",121.170601,23.065199,"臺東縣","關山鎮"
"側撞","2022",6,24,15,"晴","日間自然光線",60,"四岔路","交叉路口內","柏油","乾燥","良好","無號誌","無","未繪設快慢車道分隔線","無",29,"未使用",121.170601,23.065199,"臺東縣","關山鎮"
"路上翻車、摔倒","2022",6,25,6,"晴","日間自然光線",60,"直路","路肩、路緣","柏油","乾燥","良好","無號誌","中央分向島","未繪設快慢車道分隔線","有",23,"未使用",120.330948,23.124014,"臺南市","善化區"
"路上翻車、摔倒","2022",6,25,6,"晴","日間自然光線",60,"直路","路肩、路緣","柏油","乾燥","良好","無號誌","中央分向島","未繪設快慢車道分隔線","有",59,"未使用",120.330948,23.124014,"臺南市","善化區"
"側撞","2022",6,25,7,"晴","日間自然光線",60,"四岔路","交叉路口內","柏油","乾燥","良好","正常","無","未繪設快慢車道分隔線","無",27,"未使用",120.292285,22.801669,"高雄市","岡山區"
"側撞","2022",6,25,7,"晴","日間自然光線",60,"四岔路","交叉路口內","柏油","乾燥","良好","正常","無","未繪設快慢車道分隔線","無",25,"未使用",120.292285,22.801669,"高雄市","岡山區"
"側撞","2022",6,25,7,"晴","日間自然光線",50,"四岔路","交叉路口內","柏油","乾燥","良好","正常","中央分向島","未繪設快慢車道分隔線","有",74,"未使用",121.499366,25.007835,"新北市","中和區"
"側撞","2022",6,25,7,"晴","日間自然光線",50,"四岔路","交叉路口內","柏油","乾燥","良好","正常","中央分向島","未繪設快慢車道分隔線","有",47,"未使用",121.499366,25.007835,"新北市","中和區"
"同向擦撞","2022",6,25,11,"晴","日間自然光線",70,"直路","慢車道","柏油","乾燥","良好","無號誌","中央分向島","快慢車道分隔線","有",22,"未使用",120.815351,24.537305,"苗栗縣","苗栗市"
"同向擦撞","2022",6,25,11,"晴","日間自然光線",70,"直路","慢車道","柏油","乾燥","良好","無號誌","中央分向島","快慢車道分隔線","有",19,"未使用",120.815351,24.537305,"苗栗縣","苗栗市"
"路口交岔撞","2022",6,25,11,"晴","日間自然光線",30,"四岔路","交叉路口內","柏油","乾燥","良好","無號誌","行車分向線","未繪設快慢車道分隔線","有",16,"未使用",120.459626,22.532808,"屏東縣","新園鄉"
"路口交岔撞","2022",6,25,11,"晴","日間自然光線",30,"四岔路","交叉路口內","柏油","乾燥","良好","無號誌","行車分向線","未繪設快慢車道分隔線","有",61,"未使用",120.459626,22.532808,"屏東縣","新園鄉"
"其他","2022",6,25,19,"晴","夜間(或隧道、地下道、涵洞)有照明",50,"三岔路","交叉路口內","柏油","乾燥","良好","無號誌","行車分向線","未繪設快慢車道分隔線","無",38,"未使用",120.25676,22.948096,"臺南市","仁德區"
"其他","2022",6,25,19,"晴","夜間(或隧道、地下道、涵洞)有照明",50,"三岔路","交叉路口內","柏油","乾燥","良好","無號誌","行車分向線","未繪設快慢車道分隔線","無",67,"未使用",120.25676,22.948096,"臺南市","仁德區"
"其他","2022",6,25,19,"晴","夜間(或隧道、地下道、涵洞)有照明",50,"三岔路","交叉路口內","柏油","乾燥","良好","無號誌","行車分向線","未繪設快慢車道分隔線","無",55,"未使用",120.25676,22.948096,"臺南市","仁德區"
"其他","2022",6,26,5,"晴","晨或暮光",40,"直路","路肩、路緣","柏油","乾燥","良好","無號誌","中央分向島","寛式快慢車道分隔島(50公分以上)","有",21,"未使用",120.327872,23.472112,"嘉義縣","太保市"
"路上翻車、摔倒","2022",6,26,6,"晴","日間自然光線",70,"三岔路","交叉口附近","柏油","乾燥","良好","無號誌","中央分向島","快慢車道分隔線","有",54,"未使用",120.509419,23.864619,"彰化縣","溪州鄉"
"對撞","2022",6,26,13,"晴","日間自然光線",50,"直路","一般車道(未劃分快慢車道)","柏油","乾燥","良好","無號誌","雙向禁止超車線","未繪設快慢車道分隔線","有",31,"未使用",121.526774,23.589089,"花蓮縣","豐濱鄉"
"對撞","2022",6,26,13,"晴","日間自然光線",50,"直路","一般車道(未劃分快慢車道)","柏油","乾燥","良好","無號誌","雙向禁止超車線","未繪設快慢車道分隔線","有",66,"未使用",121.526774,23.589089,"花蓮縣","豐濱鄉"
"對撞","2022",6,26,13,"晴","日間自然光線",50,"直路","一般車道(未劃分快慢車道)","柏油","乾燥","良好","無號誌","雙向禁止超車線","未繪設快慢車道分隔線","有",47,"未使用",121.526774,23.589089,"花蓮縣","豐濱鄉"
"撞路樹、電桿","2022",6,26,14,"晴","日間自然光線",50,"直路","路肩、路緣","柏油","乾燥","良好","無號誌","行車分向線","快慢車道分隔線","有",21,"未使用",120.370435,22.53732,"高雄市","大寮區"
"撞路樹、電桿","2022",6,26,14,"晴","日間自然光線",50,"直路","路肩、路緣","柏油","乾燥","良好","無號誌","行車分向線","快慢車道分隔線","有",111,"",120.370435,22.53732,"高雄市","大寮區"
"側撞","2022",6,27,6,"晴","日間自然光線",50,"四岔路","交叉路口內","柏油","乾燥","良好","正常","雙向禁止超車線","快慢車道分隔線","有",40,"未使用",121.371249,24.923638,"新北市","樹林區"
"側撞","2022",6,27,6,"晴","日間自然光線",50,"四岔路","交叉路口內","柏油","乾燥","良好","正常","雙向禁止超車線","快慢車道分隔線","有",62,"未使用",121.371249,24.923638,"新北市","樹林區"
"側撞","2022",6,27,6,"晴","日間自然光線",50,"三岔路","交叉路口內","柏油","乾燥","良好","正常","中央分向島","未繪設快慢車道分隔線","無",57,"未使用",121.459183,25.008555,"新北市","板橋區"
"側撞","2022",6,27,6,"晴","日間自然光線",50,"三岔路","交叉路口內","柏油","乾燥","良好","正常","中央分向島","未繪設快慢車道分隔線","無",69,"未使用",121.459183,25.008555,"新北市","板橋區"
"從停車後(或中)穿出","2022",6,27,9,"晴","日間自然光線",50,"直路","一般車道(未劃分快慢車道)","柏油","乾燥","良好","無號誌","雙向禁止超車線","未繪設快慢車道分隔線","有",86,"未使用",120.54598,24.148194,"臺中市","大肚區"
"從停車後(或中)穿出","2022",6,27,9,"晴","日間自然光線",50,"直路","一般車道(未劃分快慢車道)","柏油","乾燥","良好","無號誌","雙向禁止超車線","未繪設快慢車道分隔線","有",26,"未使用",120.54598,24.148194,"臺中市","大肚區"
"路上翻車、摔倒","2022",6,27,12,"晴","日間自然光線",30,"多岔路","一般車道(未劃分快慢車道)","柏油","乾燥","良好","無號誌","無","未繪設快慢車道分隔線","無",60,"未使用",120.295051,23.090366,"臺南市","新市區"
"衝出路外","2022",6,27,15,"晴","日間自然光線",50,"直路","一般車道(未劃分快慢車道)","柏油","乾燥","良好","無號誌","行車分向線","未繪設快慢車道分隔線","有",69,"未使用",120.452304,23.677873,"雲林縣","斗南鎮"
"衝出路外","2022",6,27,20,"晴","夜間(或隧道、地下道、涵洞)有照明",50,"直路","一般車道(未劃分快慢車道)","柏油","乾燥","良好","無號誌","雙向禁止超車線","未繪設快慢車道分隔線","無",20,"未使用",121.427444,25.199389,"新北市","淡水區"
"路口交岔撞","2022",6,28,0,"晴","夜間(或隧道、地下道、涵洞)有照明",60,"三岔路","交叉路口內","柏油","乾燥","良好","正常","無","未繪設快慢車道分隔線","無",32,"未使用",121.263032,24.893009,"桃園市","大溪區"
"路口交岔撞","2022",6,28,0,"晴","夜間(或隧道、地下道、涵洞)有照明",60,"三岔路","交叉路口內","柏油","乾燥","良好","正常","無","未繪設快慢車道分隔線","無",41,"未使用",121.263032,24.893009,"桃園市","大溪區"
"路口交岔撞","2022",6,28,8,"晴","日間自然光線",50,"四岔路","交叉路口內","柏油","乾燥","良好","無號誌","無","未繪設快慢車道分隔線","有",43,"未使用",120.703814,24.378935,"苗栗縣","苑裡鎮"
"路口交岔撞","2022",6,28,8,"晴","日間自然光線",50,"四岔路","交叉路口內","柏油","乾燥","良好","無號誌","無","未繪設快慢車道分隔線","有",70,"未使用",120.703814,24.378935,"苗栗縣","苑裡鎮"
"其他","2022",6,28,8,"晴","日間自然光線",50,"直路","一般車道(未劃分快慢車道)","柏油","乾燥","不良","無號誌","中央分向島","未繪設快慢車道分隔線","有",40,"不明",121.323986,24.992442,"桃園市","桃園區"
"其他","2022",6,28,8,"晴","日間自然光線",50,"直路","一般車道(未劃分快慢車道)","柏油","乾燥","不良","無號誌","中央分向島","未繪設快慢車道分隔線","有",20,"不明",121.323986,24.992442,"桃園市","桃園區"
"其他","2022",6,28,8,"晴","日間自然光線",50,"直路","一般車道(未劃分快慢車道)","柏油","乾燥","不良","無號誌","中央分向島","未繪設快慢車道分隔線","有",46,"不明",121.323986,24.992442,"桃園市","桃園區"
"其他","2022",6,28,8,"晴","日間自然光線",50,"直路","一般車道(未劃分快慢車道)","柏油","乾燥","不良","無號誌","中央分向島","未繪設快慢車道分隔線","有",50,"非駕駛人",121.323986,24.992442,"桃園市","桃園區"
"其他","2022",6,28,8,"晴","日間自然光線",50,"直路","一般車道(未劃分快慢車道)","柏油","乾燥","不良","無號誌","中央分向島","未繪設快慢車道分隔線","有",38,"不明",121.323986,24.992442,"桃園市","桃園區"
"對向擦撞","2022",6,28,9,"晴","日間自然光線",50,"四岔路","交叉路口內","柏油","乾燥","良好","正常","無","未繪設快慢車道分隔線","無",62,"未使用",120.674383,24.114919,"臺中市","大里區"
"對向擦撞","2022",6,28,9,"晴","日間自然光線",50,"四岔路","交叉路口內","柏油","乾燥","良好","正常","無","未繪設快慢車道分隔線","無",23,"未使用",120.674383,24.114919,"臺中市","大里區"
"側撞","2022",6,28,10,"晴","日間自然光線",60,"四岔路","交叉路口內","柏油","乾燥","良好","正常","中央分向島","未繪設快慢車道分隔線","有",74,"未使用",120.509067,22.696847,"屏東縣","屏東市"
"側撞","2022",6,28,10,"晴","日間自然光線",60,"四岔路","交叉路口內","柏油","乾燥","良好","正常","中央分向島","未繪設快慢車道分隔線","有",50,"未使用",120.509067,22.696847,"屏東縣","屏東市"
"對向擦撞","2022",6,28,12,"晴","日間自然光線",60,"四岔路","交叉路口內","柏油","乾燥","良好","正常","中央分向島","未繪設快慢車道分隔線","有",31,"未使用",120.494889,24.028418,"彰化縣","秀水鄉"
"對向擦撞","2022",6,28,12,"晴","日間自然光線",60,"四岔路","交叉路口內","柏油","乾燥","良好","正常","中央分向島","未繪設快慢車道分隔線","有",23,"未使用",120.494889,24.028418,"彰化縣","秀水鄉"
"對撞","2022",6,28,14,"晴","日間自然光線",50,"直路","一般車道(未劃分快慢車道)","柏油","乾燥","良好","無號誌","雙向禁止超車線","未繪設快慢車道分隔線","有",44,"未使用",121.081859,24.808735,"新竹縣","新埔鎮"
"對撞","2022",6,28,14,"晴","日間自然光線",50,"直路","一般車道(未劃分快慢車道)","柏油","乾燥","良好","無號誌","雙向禁止超車線","未繪設快慢車道分隔線","有",62,"未使用",121.081859,24.808735,"新竹縣","新埔鎮"
"對撞","2022",6,28,14,"晴","日間自然光線",50,"直路","一般車道(未劃分快慢車道)","柏油","乾燥","良好","無號誌","雙向禁止超車線","未繪設快慢車道分隔線","有",55,"未使用",121.081859,24.808735,"新竹縣","新埔鎮"
"追撞","2022",6,29,3,"晴","夜間(或隧道、地下道、涵洞)有照明",50,"直路","一般車道(未劃分快慢車道)","柏油","乾燥","良好","無號誌","中央分向島","未繪設快慢車道分隔線","無",24,"未使用",120.646901,24.158941,"臺中市","西屯區"
"追撞","2022",6,29,3,"晴","夜間(或隧道、地下道、涵洞)有照明",50,"直路","一般車道(未劃分快慢車道)","柏油","乾燥","良好","無號誌","中央分向島","未繪設快慢車道分隔線","無",40,"未使用",120.646901,24.158941,"臺中市","西屯區"
"對向擦撞","2022",6,29,8,"晴","日間自然光線",30,"直路","一般車道(未劃分快慢車道)","柏油","乾燥","良好","無號誌","無","未繪設快慢車道分隔線","有",89,"不明",120.963474,23.958843,"南投縣","埔里鎮"
"對向擦撞","2022",6,29,8,"晴","日間自然光線",30,"直路","一般車道(未劃分快慢車道)","柏油","乾燥","良好","無號誌","無","未繪設快慢車道分隔線","有",55,"不明",120.963474,23.958843,"南投縣","埔里鎮"
"同向擦撞","2022",6,29,10,"晴","日間自然光線",40,"其他","其他","柏油","乾燥","良好","正常","無","未繪設快慢車道分隔線","無",34,"未使用",120.314039,22.637282,"高雄市","三民區"
"同向擦撞","2022",6,29,10,"晴","日間自然光線",40,"其他","其他","柏油","乾燥","良好","正常","無","未繪設快慢車道分隔線","無",72,"未使用",120.314039,22.637282,"高雄市","三民區"
"同向擦撞","2022",6,29,10,"晴","日間自然光線",40,"其他","其他","柏油","乾燥","良好","正常","無","未繪設快慢車道分隔線","無",66,"未使用",120.314039,22.637282,"高雄市","三民區"
"同向擦撞","2022",6,29,10,"晴","日間自然光線",40,"其他","其他","柏油","乾燥","良好","正常","無","未繪設快慢車道分隔線","無",73,"未使用",120.314039,22.637282,"高雄市","三民區"
"撞路樹、電桿","2022",6,29,11,"晴","日間自然光線",70,"三岔路","路肩、路緣","柏油","乾燥","良好","正常","中央分向島","未繪設快慢車道分隔線","有",27,"未使用",121.606081,24.056964,"花蓮縣","新城鄉"
"撞路樹、電桿","2022",6,29,13,"晴","日間自然光線",60,"三岔路","交叉路口內","柏油","乾燥","良好","無號誌","無","快慢車道分隔線","有",20,"未使用",121.344379,23.059007,"臺東縣","成功鎮"
"穿越道路中","2022",6,29,16,"雨","日間自然光線",50,"三岔路","交叉口附近","柏油","濕潤","良好","正常","雙向禁止超車線","未繪設快慢車道分隔線","有",93,"未使用",120.730194,24.150286,"臺中市","太平區"
"穿越道路中","2022",6,29,16,"雨","日間自然光線",50,"三岔路","交叉口附近","柏油","濕潤","良好","正常","雙向禁止超車線","未繪設快慢車道分隔線","有",45,"未使用",120.730194,24.150286,"臺中市","太平區"
"穿越道路中","2022",6,29,16,"雨","日間自然光線",50,"三岔路","交叉口附近","柏油","濕潤","良好","正常","雙向禁止超車線","未繪設快慢車道分隔線","有",38,"未使用",120.730194,24.150286,"臺中市","太平區"
"同向擦撞","2022",6,29,17,"晴","日間自然光線",50,"直路","快車道","柏油","乾燥","良好","無號誌","中央分向島","快慢車道分隔線","有",41,"未使用",120.365258,22.634985,"高雄市","鳳山區"
"同向擦撞","2022",6,29,17,"晴","日間自然光線",50,"直路","快車道","柏油","乾燥","良好","無號誌","中央分向島","快慢車道分隔線","有",44,"未使用",120.365258,22.634985,"高雄市","鳳山區"
"同向擦撞","2022",6,29,17,"晴","日間自然光線",50,"直路","快車道","柏油","乾燥","良好","無號誌","中央分向島","快慢車道分隔線","有",34,"未使用",120.365258,22.634985,"高雄市","鳳山區"
"追撞","2022",6,29,18,"晴","晨或暮光",50,"直路","一般車道(未劃分快慢車道)","柏油","乾燥","良好","無號誌","無","未繪設快慢車道分隔線","有",57,"未使用",121.445833,25.011111,"新北市","板橋區"
"追撞","2022",6,29,18,"晴","晨或暮光",50,"直路","一般車道(未劃分快慢車道)","柏油","乾燥","良好","無號誌","無","未繪設快慢車道分隔線","有",76,"非駕駛人",121.445833,25.011111,"新北市","板橋區"
"追撞","2022",6,29,18,"晴","晨或暮光",50,"直路","一般車道(未劃分快慢車道)","柏油","乾燥","良好","無號誌","無","未繪設快慢車道分隔線","有",41,"未使用",121.445833,25.011111,"新北市","板橋區"
"撞路樹、電桿","2022",6,30,2,"晴","夜間(或隧道、地下道、涵洞)有照明",50,"彎曲路及附近","路肩、路緣","柏油","乾燥","良好","無號誌","雙向禁止超車線","未繪設快慢車道分隔線","有",56,"不明",120.319082,23.720837,"雲林縣","褒忠鄉"
"路口交岔撞","2022",6,30,7,"晴","日間自然光線",30,"四岔路","交叉路口內","柏油","乾燥","良好","無號誌","無","未繪設快慢車道分隔線","有",50,"未使用",120.521045,23.706654,"雲林縣","斗六市"
"路口交岔撞","2022",6,30,7,"晴","日間自然光線",30,"四岔路","交叉路口內","柏油","乾燥","良好","無號誌","無","未繪設快慢車道分隔線","有",30,"未使用",120.521045,23.706654,"雲林縣","斗六市"
"撞號誌、標誌桿","2022",6,30,8,"雨","日間自然光線",50,"彎曲路及附近","路肩、路緣","柏油","濕潤","良好","無號誌","雙向禁止超車線","快慢車道分隔線","有",33,"不明",121.055928,22.720035,"臺東縣","臺東市"
"路口交岔撞","2022",6,30,10,"晴","日間自然光線",30,"四岔路","交叉路口內","柏油","乾燥","良好","無號誌","無","未繪設快慢車道分隔線","無",60,"未使用",121.177059,25.005687,"桃園市","中壢區"
"路口交岔撞","2022",6,30,10,"晴","日間自然光線",30,"四岔路","交叉路口內","柏油","乾燥","良好","無號誌","無","未繪設快慢車道分隔線","無",49,"未使用",121.177059,25.005687,"桃園市","中壢區"
"路口交岔撞","2022",6,30,10,"晴","日間自然光線",30,"四岔路","交叉路口內","柏油","乾燥","良好","無號誌","無","未繪設快慢車道分隔線","無",46,"未使用",121.177059,25.005687,"桃園市","中壢區"
"追撞","2022",6,30,18,"晴","日間自然光線",30,"直路","一般車道(未劃分快慢車道)","柏油","乾燥","良好","無號誌","中央分向島","未繪設快慢車道分隔線","有",75,"不明",121.259156,25.078913,"桃園市","大園區"
"追撞","2022",6,30,18,"晴","日間自然光線",30,"直路","一般車道(未劃分快慢車道)","柏油","乾燥","良好","無號誌","中央分向島","未繪設快慢車道分隔線","有",49,"不明",121.259156,25.078913,"桃園市","大園區"
"穿越道路中","2022",7,1,4,"晴","日間自然光線",50,"三岔路","快車道","柏油","乾燥","良好","無號誌","雙向禁止超車線","快慢車道分隔線","有",71,"非駕駛人",120.533911,22.538277,"屏東縣","潮州鎮"
"穿越道路中","2022",7,1,4,"晴","日間自然光線",50,"三岔路","快車道","柏油","乾燥","良好","無號誌","雙向禁止超車線","快慢車道分隔線","有",49,"未使用",120.533911,22.538277,"屏東縣","潮州鎮"
"側撞","2022",7,1,7,"晴","日間自然光線",50,"四岔路","交叉路口內","柏油","乾燥","良好","正常","無","未繪設快慢車道分隔線","無",52,"未使用",120.343297,22.586719,"高雄市","鳳山區"
"側撞","2022",7,1,7,"晴","日間自然光線",50,"四岔路","交叉路口內","柏油","乾燥","良好","正常","無","未繪設快慢車道分隔線","無",42,"未使用",120.343297,22.586719,"高雄市","鳳山區"
"追撞","2022",7,1,9,"晴","日間自然光線",90,"高架道路","直線匝道","柏油","乾燥","良好","無號誌","中央分向島","未繪設快慢車道分隔線","有",44,"未使用",120.679888,24.503161,"苗栗縣","通霄鎮"
"追撞","2022",7,1,9,"晴","日間自然光線",90,"高架道路","直線匝道","柏油","乾燥","良好","無號誌","中央分向島","未繪設快慢車道分隔線","有",59,"未使用",120.679888,24.503161,"苗栗縣","通霄鎮"
"追撞","2022",7,1,9,"晴","日間自然光線",90,"高架道路","直線匝道","柏油","乾燥","良好","無號誌","中央分向島","未繪設快慢車道分隔線","有",60,"未使用",120.679888,24.503161,"苗栗縣","通霄鎮"
"其他","2022",7,1,11,"晴","日間自然光線",60,"三岔路","交叉路口內","柏油","乾燥","良好","正常","無","未繪設快慢車道分隔線","有",27,"未使用",120.477746,23.038358,"臺南市","南化區"
"其他","2022",7,1,11,"晴","日間自然光線",60,"三岔路","交叉路口內","柏油","乾燥","良好","正常","無","未繪設快慢車道分隔線","有",75,"非駕駛人",120.477746,23.038358,"臺南市","南化區"
"撞路樹、電桿","2022",7,1,12,"晴","日間自然光線",50,"直路","路肩、路緣","柏油","乾燥","良好","無號誌","雙向禁止超車線","未繪設快慢車道分隔線","有",74,"未使用",121.197433,24.957212,"桃園市","中壢區"
"路口交岔撞","2022",7,1,15,"晴","日間自然光線",30,"四岔路","交叉路口內","柏油","乾燥","良好","無號誌","無","未繪設快慢車道分隔線","無",20,"未使用",120.813342,24.63203,"苗栗縣","後龍鎮"
"路口交岔撞","2022",7,1,15,"晴","日間自然光線",30,"四岔路","交叉路口內","柏油","乾燥","良好","無號誌","無","未繪設快慢車道分隔線","無",63,"未使用",120.813342,24.63203,"苗栗縣","後龍鎮"
"路口交岔撞","2022",7,1,15,"晴","日間自然光線",30,"四岔路","交叉路口內","柏油","乾燥","良好","無號誌","無","未繪設快慢車道分隔線","無",18,"未使用",120.813342,24.63203,"苗栗縣","後龍鎮"
"路口交岔撞","2022",7,1,15,"晴","日間自然光線",30,"四岔路","交叉路口內","柏油","乾燥","良好","無號誌","無","未繪設快慢車道分隔線","無",7,"未使用",120.813342,24.63203,"苗栗縣","後龍鎮"
"路口交岔撞","2022",7,1,21,"晴","夜間(或隧道、地下道、涵洞)有照明",50,"四岔路","交叉路口內","柏油","乾燥","良好","不正常","雙向禁止超車線","未繪設快慢車道分隔線","有",38,"未使用",120.790062,24.61455,"苗栗縣","後龍鎮"
"路口交岔撞","2022",7,1,21,"晴","夜間(或隧道、地下道、涵洞)有照明",50,"四岔路","交叉路口內","柏油","乾燥","良好","不正常","雙向禁止超車線","未繪設快慢車道分隔線","有",19,"未使用",120.790062,24.61455,"苗栗縣","後龍鎮"
"路口交岔撞","2022",7,1,21,"晴","夜間(或隧道、地下道、涵洞)有照明",50,"四岔路","交叉路口內","柏油","乾燥","良好","不正常","雙向禁止超車線","未繪設快慢車道分隔線","有",46,"未使用",120.790062,24.61455,"苗栗縣","後龍鎮"
"路口交岔撞","2022",7,1,21,"晴","夜間(或隧道、地下道、涵洞)有照明",50,"四岔路","交叉路口內","柏油","乾燥","良好","不正常","雙向禁止超車線","未繪設快慢車道分隔線","有",45,"未使用",120.790062,24.61455,"苗栗縣","後龍鎮"
"路口交岔撞","2022",7,1,21,"晴","夜間(或隧道、地下道、涵洞)有照明",50,"四岔路","交叉路口內","柏油","乾燥","良好","不正常","雙向禁止超車線","未繪設快慢車道分隔線","有",35,"未使用",120.790062,24.61455,"苗栗縣","後龍鎮"
"路口交岔撞","2022",7,1,21,"晴","夜間(或隧道、地下道、涵洞)有照明",50,"四岔路","交叉路口內","柏油","乾燥","良好","不正常","雙向禁止超車線","未繪設快慢車道分隔線","有",43,"未使用",120.790062,24.61455,"苗栗縣","後龍鎮"
"路口交岔撞","2022",7,1,21,"晴","夜間(或隧道、地下道、涵洞)有照明",50,"四岔路","交叉路口內","柏油","乾燥","良好","不正常","雙向禁止超車線","未繪設快慢車道分隔線","有",26,"未使用",120.790062,24.61455,"苗栗縣","後龍鎮"
"撞交通島","2022",7,1,22,"晴","夜間(或隧道、地下道、涵洞)有照明",60,"直路","快車道","柏油","乾燥","良好","無號誌","中央分向島","快慢車道分隔線","有",17,"未使用",120.318004,22.975469,"臺南市","關廟區"
"撞交通島","2022",7,1,22,"晴","夜間(或隧道、地下道、涵洞)有照明",60,"直路","快車道","柏油","乾燥","良好","無號誌","中央分向島","快慢車道分隔線","有",21,"未使用",120.318004,22.975469,"臺南市","關廟區"
"撞交通島","2022",7,1,22,"晴","夜間(或隧道、地下道、涵洞)有照明",60,"直路","快車道","柏油","乾燥","良好","無號誌","中央分向島","快慢車道分隔線","有",16,"非駕駛人",120.318004,22.975469,"臺南市","關廟區"
"追撞","2022",7,2,4,"晴","日間自然光線",50,"四岔路","交叉口附近","柏油","乾燥","良好","正常","中央分向島","未繪設快慢車道分隔線","有",51,"未使用",121.516612,25.091013,"臺北市","士林區"
"追撞","2022",7,2,4,"晴","日間自然光線",50,"四岔路","交叉口附近","柏油","乾燥","良好","正常","中央分向島","未繪設快慢車道分隔線","有",55,"未使用",121.516612,25.091013,"臺北市","士林區"
"追撞","2022",7,2,4,"晴","日間自然光線",50,"四岔路","交叉口附近","柏油","乾燥","良好","正常","中央分向島","未繪設快慢車道分隔線","有",67,"未使用",121.516612,25.091013,"臺北市","士林區"
"追撞","2022",7,2,4,"晴","日間自然光線",50,"四岔路","交叉口附近","柏油","乾燥","良好","正常","中央分向島","未繪設快慢車道分隔線","有",30,"未使用",121.516612,25.091013,"臺北市","士林區"
"追撞","2022",7,2,4,"晴","日間自然光線",50,"四岔路","交叉口附近","柏油","乾燥","良好","正常","中央分向島","未繪設快慢車道分隔線","有",37,"",121.516612,25.091013,"臺北市","士林區"
"側撞","2022",7,2,8,"晴","日間自然光線",50,"四岔路","交叉路口內","柏油","乾燥","良好","正常","無","未繪設快慢車道分隔線","無",80,"未使用",121.584366,23.981013,"花蓮縣","吉安鄉"
"側撞","2022",7,2,8,"晴","日間自然光線",50,"四岔路","交叉路口內","柏油","乾燥","良好","正常","無","未繪設快慢車道分隔線","無",52,"未使用",121.584366,23.981013,"花蓮縣","吉安鄉"
"側撞","2022",7,2,8,"晴","日間自然光線",50,"三岔路","交叉路口內","柏油","乾燥","良好","正常","無","未繪設快慢車道分隔線","無",60,"未使用",121.303163,24.957705,"桃園市","八德區"
"側撞","2022",7,2,8,"晴","日間自然光線",50,"三岔路","交叉路口內","柏油","乾燥","良好","正常","無","未繪設快慢車道分隔線","無",33,"未使用",121.303163,24.957705,"桃園市","八德區"
"追撞","2022",7,2,11,"陰","日間自然光線",60,"多岔路","交叉路口內","柏油","乾燥","良好","正常","中央分向島","快慢車道分隔線","有",32,"未使用",121.836369,24.596349,"宜蘭縣","蘇澳鎮"
"追撞","2022",7,2,11,"陰","日間自然光線",60,"多岔路","交叉路口內","柏油","乾燥","良好","正常","中央分向島","快慢車道分隔線","有",56,"未使用",121.836369,24.596349,"宜蘭縣","蘇澳鎮"
"撞路樹、電桿","2022",7,2,22,"雨","夜間(或隧道、地下道、涵洞)有照明",70,"直路","路肩、路緣","柏油","濕潤","良好","無號誌","中央分向島","快慢車道分隔線","有",35,"不明",120.402497,23.849172,"彰化縣","竹塘鄉"
"撞路樹、電桿","2022",7,2,22,"雨","夜間(或隧道、地下道、涵洞)有照明",70,"直路","路肩、路緣","柏油","濕潤","良好","無號誌","中央分向島","快慢車道分隔線","有",36,"不明",120.402497,23.849172,"彰化縣","竹塘鄉"
"撞路樹、電桿","2022",7,2,22,"雨","夜間(或隧道、地下道、涵洞)有照明",70,"直路","路肩、路緣","柏油","濕潤","良好","無號誌","中央分向島","快慢車道分隔線","有",26,"不明",120.402497,23.849172,"彰化縣","竹塘鄉"
"撞路樹、電桿","2022",7,2,22,"雨","夜間(或隧道、地下道、涵洞)有照明",70,"直路","路肩、路緣","柏油","濕潤","良好","無號誌","中央分向島","快慢車道分隔線","有",52,"不明",120.402497,23.849172,"彰化縣","竹塘鄉"
"追撞","2022",7,3,14,"晴","日間自然光線",60,"直路","慢車道","柏油","乾燥","良好","無號誌","中央分向島","快慢車道分隔線","無",39,"未使用",120.294113,22.675344,"高雄市","左營區"
"追撞","2022",7,3,14,"晴","日間自然光線",60,"直路","慢車道","柏油","乾燥","良好","無號誌","中央分向島","快慢車道分隔線","無",34,"未使用",120.294113,22.675344,"高雄市","左營區"