"事故類型及型態子類別名稱","發生年度","發生月份","發生日期","發生時間","天候名稱","光線名稱","速限.第1當事者","道路型態子類別名稱","事故位置子類別名稱","路面狀況.路面鋪裝名稱","路面狀況.路面狀態名稱","道路障礙.視距品質名稱","號誌.號誌動作名稱","車道劃分設施.分向設施大類別名稱","車道劃分設施.分道設施.快慢車道間名稱","車道劃分設施.分道設施.路面邊線名稱","當事者事故發生時年齡","行動電話或電腦或其他相類功能裝置名稱","經度","緯度","縣市","鄉鎮"
"對向擦撞","2022",7,31,7,"晴","日間自然光線",40,"彎曲路及附近","一般車道(未劃分快慢車道)","柏油","乾燥","良好","無號誌","無","未繪設快慢車道分隔線","有",57,"未使用",121.615567,24.666265,"宜蘭縣","三星鄉"
"對向擦撞","2022",7,31,7,"晴","日間自然光線",40,"彎曲路及附近","一般車道(未劃分快慢車道)","柏油","乾燥","良好","無號誌","無","未繪設快慢車道分隔線","有",47,"未使用",121.615567,24.666265,"宜蘭縣","三星鄉"
"對向擦撞","2022",7,31,7,"晴","日間自然光線",40,"彎曲路及附近","一般車道(未劃分快慢車道)","柏油","乾燥","良好","無號誌","無","未繪設快慢車道分隔線","有",12,"未使用",121.615567,24.666265,"宜蘭縣","三星鄉"
"側撞","2022",7,31,8,"晴","日間自然光線",50,"四岔路","交叉路口內","柏油","乾燥","良好","正常","行車分向線","未繪設快慢車道分隔線","有",40,"未使用",120.684937,24.490227,"苗栗縣","通霄鎮"
"側撞","2022",7,31,8,"晴","日間自然光線",50,"四岔路","交叉路口內","柏油","乾燥","良好","正常","行車分向線","未繪設快慢車道分隔線","有",69,"未使用",120.684937,24.490227,"苗栗縣","通霄鎮"
"路口交岔撞","2022",7,31,12,"晴","日間自然光線",30,"四岔路","交叉路口內","柏油","乾燥","良好","無號誌","無","未繪設快慢車道分隔線","無",54,"未使用",120.396832,24.038304,"彰化縣","芳苑鄉"
"路口交岔撞","2022",7,31,12,"晴","日間自然光線",30,"四岔路","交叉路口內","柏油","乾燥","良好","無號誌","無","未繪設快慢車道分隔線","無",53,"未使用",120.396832,24.038304,"彰化縣","芳苑鄉"
"路口交岔撞","2022",8,1,1,"晴","夜間(或隧道、地下道、涵洞)有照明",40,"多岔路","交叉路口內","柏油","乾燥","良好","正常","無","未繪設快慢車道分隔線","無",72,"未使用",120.705239,24.130353,"臺中市","東區"
"路口交岔撞","2022",8,1,1,"晴","夜間(或隧道、地下道、涵洞)有照明",40,"多岔路","交叉路口內","柏油","乾燥","良好","正常","無","未繪設快慢車道分隔線","無",22,"未使用",120.705239,24.130353,"臺中市","東區"
"路口交岔撞","2022",8,1,7,"晴","日間自然光線",30,"四岔路","交叉路口內","柏油","乾燥","良好","無號誌","無","未繪設快慢車道分隔線","有",49,"未使用",121.792662,24.787455,"宜蘭縣","壯圍鄉"
"路口交岔撞","2022",8,1,7,"晴","日間自然光線",30,"四岔路","交叉路口內","柏油","乾燥","良好","無號誌","無","未繪設快慢車道分隔線","有",50,"未使用",121.792662,24.787455,"宜蘭縣","壯圍鄉"
"路口交岔撞","2022",8,1,7,"晴","日間自然光線",30,"四岔路","交叉路口內","柏油","乾燥","良好","無號誌","無","未繪設快慢車道分隔線","有",16,"未使用",121.792662,24.787455,"宜蘭縣","壯圍鄉"
"側撞","2022",8,1,8,"晴","日間自然光線",30,"三岔路","交叉路口內","柏油","乾燥","不良","無號誌","無","未繪設快慢車道分隔線","無",70,"未使用",120.489505,23.178852,"臺南市","西區"
"側撞","2022",8,1,8,"晴","日間自然光線",30,"三岔路","交叉路口內","柏油","乾燥","不良","無號誌","無","未繪設快慢車道分隔線","無",44,"未使用",120.489505,23.178852,"臺南市","西區"
"側撞","2022",8,1,8,"晴","日間自然光線",30,"三岔路","交叉路口內","柏油","乾燥","不良","無號誌","無","未繪設快慢車道分隔線","無",32,"未使用",120.489505,23.178852,"臺南市","西區"
"側撞","2022",8,1,8,"晴","日間自然光線",30,"三岔路","交叉路口內","柏油","乾燥","不良","無號誌","無","未繪設快慢車道分隔線","無",41,"未使用",120.489505,23.178852,"臺南市","西區"
"穿越道路中","2022",8,1,11,"晴","日間自然光線",40,"直路","一般車道(未劃分快慢車道)","柏油","乾燥","良好","正常","中央分向島","快慢車道分隔線","有",42,"未使用",121.439864,25.081941,"新北市","五股區"
"穿越道路中","2022",8,1,11,"晴","日間自然光線",40,"直路","一般車道(未劃分快慢車道)","柏油","乾燥","良好","正常","中央分向島","快慢車道分隔線","有",75,"非駕駛人",121.439864,25.081941,"新北市","五股區"
"穿越道路中","2022",8,1,11,"晴","日間自然光線",40,"直路","一般車道(未劃分快慢車道)","柏油","乾燥","良好","正常","中央分向島","快慢車道分隔線","有",39,"非駕駛人",121.439864,25.081941,"新北市","五股區"
"路上翻車、摔倒","2022",8,1,13,"晴","日間自然光線",50,"彎曲路及附近","一般車道(未劃分快慢車道)","柏油","乾燥","良好","無號誌","雙向禁止超車線","未繪設快慢車道分隔線","有",40,"不明",121.944716,25.01589,"新北市","貢寮區"
"路上翻車、摔倒","2022",8,1,13,"晴","日間自然光線",50,"彎曲路及附近","一般車道(未劃分快慢車道)","柏油","乾燥","良好","無號誌","雙向禁止超車線","未繪設快慢車道分隔線","有",58,"非駕駛人",121.944716,25.01589,"新北市","貢寮區"
"路上翻車、摔倒","2022",8,1,13,"晴","日間自然光線",50,"彎曲路及附近","一般車道(未劃分快慢車道)","柏油","乾燥","良好","無號誌","雙向禁止超車線","未繪設快慢車道分隔線","有",32,"非駕駛人",121.944716,25.01589,"新北市","貢寮區"
"路上翻車、摔倒","2022",8,1,13,"晴","日間自然光線",50,"彎曲路及附近","一般車道(未劃分快慢車道)","柏油","乾燥","良好","無號誌","雙向禁止超車線","未繪設快慢車道分隔線","有",38,"非駕駛人",121.944716,25.01589,"新北市","貢寮區"
"衝出路外","2022",8,1,21,"晴","夜間(或隧道、地下道、涵洞)有照明",30,"直路","一般車道(未劃分快慢車道)","柏油","乾燥","良好","無號誌","無","未繪設快慢車道分隔線","有",32,"未使用",120.498646,23.965418,"彰化縣","溪湖鎮"
"撞護欄(樁)","2022",8,2,1,"陰","夜間(或隧道、地下道、涵洞)有照明",60,"直路","路肩、路緣","柏油","乾燥","良好","無號誌","雙向禁止超車線","快慢車道分隔線","有",17,"不明",121.328353,23.288525,"花蓮縣","富里鄉"
"路口交岔撞","2022",8,2,5,"晴","日間自然光線",50,"四岔路","交叉路口內","柏油","乾燥","良好","正常","雙向禁止超車線","未繪設快慢車道分隔線","無",67,"未使用",120.694373,24.14338,"臺中市","南區"
"路口交岔撞","2022",8,2,5,"晴","日間自然光線",50,"四岔路","交叉路口內","柏油","乾燥","良好","正常","雙向禁止超車線","未繪設快慢車道分隔線","無",27,"未使用",120.694373,24.14338,"臺中市","南區"
"其他","2022",8,2,6,"晴","日間自然光線",50,"四岔路","路肩、路緣","柏油","乾燥","良好","正常","中央分向島","快慢車道分隔線","有",58,"未使用",120.697738,24.082553,"臺中市","大里區"
"其他","2022",8,2,6,"晴","日間自然光線",50,"四岔路","路肩、路緣","柏油","乾燥","良好","正常","中央分向島","快慢車道分隔線","有",66,"未使用",120.697738,24.082553,"臺中市","大里區"
"側撞","2022",8,2,10,"晴","日間自然光線",50,"三岔路","交叉口附近","柏油","乾燥","良好","無號誌","中央分向島","未繪設快慢車道分隔線","無",74,"不明",121.620514,25.054886,"臺北市","南港區"
"側撞","2022",8,2,10,"晴","日間自然光線",50,"三岔路","交叉口附近","柏油","乾燥","良好","無號誌","中央分向島","未繪設快慢車道分隔線","無",56,"不明",121.620514,25.054886,"臺北市","南港區"
"路口交岔撞","2022",8,2,11,"晴","日間自然光線",50,"四岔路","交叉路口內","柏油","乾燥","良好","正常","無","未繪設快慢車道分隔線","無",65,"未使用",120.693613,24.188513,"臺中市","北屯區"
"路口交岔撞","2022",8,2,11,"晴","日間自然光線",50,"四岔路","交叉路口內","柏油","乾燥","良好","正常","無","未繪設快慢車道分隔線","無",51,"未使用",120.693613,24.188513,"臺中市","北屯區"
"對向擦撞","2022",8,2,11,"陰","日間自然光線",30,"彎曲路及附近","一般車道(未劃分快慢車道)","柏油","濕潤","良好","無號誌","無","未繪設快慢車道分隔線","有",57,"未使用",120.30152,22.62716,"高雄市","大寮區"
"對向擦撞","2022",8,2,11,"陰","日間自然光線",30,"彎曲路及附近","一般車道(未劃分快慢車道)","柏油","濕潤","良好","無號誌","無","未繪設快慢車道分隔線","有",48,"未使用",120.30152,22.62716,"高雄市","大寮區"
"側撞","2022",8,2,23,"晴","夜間(或隧道、地下道、涵洞)有照明",50,"四岔路","交叉路口內","柏油","乾燥","良好","正常","無","未繪設快慢車道分隔線","無",32,"未使用",120.2995,22.71583,"高雄市","楠梓區"
"側撞","2022",8,2,23,"晴","夜間(或隧道、地下道、涵洞)有照明",50,"四岔路","交叉路口內","柏油","乾燥","良好","正常","無","未繪設快慢車道分隔線","無",57,"未使用",120.2995,22.71583,"高雄市","楠梓區"
"追撞","2022",8,3,7,"晴","日間自然光線",50,"直路","路肩、路緣","柏油","乾燥","良好","無號誌","雙向禁止超車線","快慢車道分隔線","有",59,"未使用",120.516984,22.433136,"屏東縣","林邊鄉"
"追撞","2022",8,3,7,"晴","日間自然光線",50,"直路","路肩、路緣","柏油","乾燥","良好","無號誌","雙向禁止超車線","快慢車道分隔線","有",53,"不明",120.516984,22.433136,"屏東縣","林邊鄉"
"側撞","2022",8,3,8,"晴","日間自然光線",40,"彎曲路及附近","一般車道(未劃分快慢車道)","柏油","乾燥","良好","無號誌","雙向禁止超車線","未繪設快慢車道分隔線","有",76,"未使用",120.977269,24.746949,"新竹縣","寶山鄉"
"側撞","2022",8,3,8,"晴","日間自然光線",40,"彎曲路及附近","一般車道(未劃分快慢車道)","柏油","乾燥","良好","無號誌","雙向禁止超車線","未繪設快慢車道分隔線","有",30,"未使用",120.977269,24.746949,"新竹縣","寶山鄉"
"側撞","2022",8,3,9,"晴","日間自然光線",50,"三岔路","交叉路口內","柏油","乾燥","良好","正常","雙向禁止超車線","未繪設快慢車道分隔線","有",80,"未使用",121.086471,24.825644,"新竹縣","新埔鎮"
"側撞","2022",8,3,9,"晴","日間自然光線",50,"三岔路","交叉路口內","柏油","乾燥","良好","正常","雙向禁止超車線","未繪設快慢車道分隔線","有",33,"未使用",121.086471,24.825644,"新竹縣","新埔鎮"
"側撞","2022",8,3,9,"晴","日間自然光線",50,"三岔路","交叉路口內","柏油","乾燥","良好","正常","雙向禁止超車線","未繪設快慢車道分隔線","有",77,"未使用",121.086471,24.825644,"新竹縣","新埔鎮"
"追撞","2022",8,3,10,"晴","日間自然光線",50,"四岔路","交叉路口內","柏油","乾燥","良好","無號誌","無","未繪設快慢車道分隔線","無",40,"不明",120.916878,24.790491,"新竹市","香山區"
"追撞","2022",8,3,10,"晴","日間自然光線",50,"四岔路","交叉路口內","柏油","乾燥","良好","無號誌","無","未繪設快慢車道分隔線","無",61,"不明",120.916878,24.790491,"新竹市","香山區"
"路口交岔撞","2022",8,3,12,"晴","日間自然光線",50,"四岔路","交叉路口內","柏油","乾燥","良好","無號誌","無","未繪設快慢車道分隔線","有",58,"未使用",120.538566,22.432588,"屏東縣","佳冬鄉"
"路口交岔撞","2022",8,3,12,"晴","日間自然光線",50,"四岔路","交叉路口內","柏油","乾燥","良好","無號誌","無","未繪設快慢車道分隔線","有",46,"未使用",120.538566,22.432588,"屏東縣","佳冬鄉"
"對撞","2022",8,3,13,"陰","日間自然光線",60,"直路","一般車道(未劃分快慢車道)","柏油","濕潤","良好","無號誌","行車分向線","快慢車道分隔線","有",43,"不明",120.316398,23.76439,"雲林縣","崙背鄉"
"對撞","2022",8,3,13,"陰","日間自然光線",60,"直路","一般車道(未劃分快慢車道)","柏油","濕潤","良好","無號誌","行車分向線","快慢車道分隔線","有",38,"不明",120.316398,23.76439,"雲林縣","崙背鄉"
"對撞","2022",8,3,13,"陰","日間自然光線",60,"直路","一般車道(未劃分快慢車道)","柏油","濕潤","良好","無號誌","行車分向線","快慢車道分隔線","有",41,"不明",120.316398,23.76439,"雲林縣","崙背鄉"
"側撞","2022",8,4,5,"陰","日間自然光線",50,"四岔路","交叉口附近","柏油","乾燥","良好","正常","雙向禁止超車線","未繪設快慢車道分隔線","無",85,"未使用",120.969185,24.805818,"新竹市","東區"
"側撞","2022",8,4,5,"陰","日間自然光線",50,"四岔路","交叉口附近","柏油","乾燥","良好","正常","雙向禁止超車線","未繪設快慢車道分隔線","無",36,"未使用",120.969185,24.805818,"新竹市","東區"
"側撞","2022",8,4,6,"晴","日間自然光線",60,"直路","一般車道(未劃分快慢車道)","柏油","乾燥","良好","正常","雙向禁止超車線","未繪設快慢車道分隔線","有",61,"未使用",120.523392,23.976753,"彰化縣","埔心鄉"
"側撞","2022",8,4,6,"晴","日間自然光線",60,"直路","一般車道(未劃分快慢車道)","柏油","乾燥","良好","正常","雙向禁止超車線","未繪設快慢車道分隔線","有",15,"未使用",120.523392,23.976753,"彰化縣","埔心鄉"
"側撞","2022",8,4,6,"晴","日間自然光線",60,"直路","一般車道(未劃分快慢車道)","柏油","乾燥","良好","正常","雙向禁止超車線","未繪設快慢車道分隔線","有",43,"未使用",120.523392,23.976753,"彰化縣","埔心鄉"
"側撞","2022",8,4,7,"晴","日間自然光線",50,"三岔路","交叉路口內","柏油","乾燥","良好","無號誌","無","未繪設快慢車道分隔線","無",70,"未使用",121.122276,22.939288,"臺東縣","鹿野鄉"
"側撞","2022",8,4,7,"晴","日間自然光線",50,"三岔路","交叉路口內","柏油","乾燥","良好","無號誌","無","未繪設快慢車道分隔線","無",47,"未使用",121.122276,22.939288,"臺東縣","鹿野鄉"
"撞號誌、標誌桿","2022",8,4,12,"晴","日間自然光線",50,"四岔路","交叉路口內","柏油","乾燥","良好","正常","無","未繪設快慢車道分隔線","無",41,"不明",120.509579,24.15218,"彰化縣","和美鎮"
"撞號誌、標誌桿","2022",8,4,12,"晴","日間自然光線",50,"四岔路","交叉路口內","柏油","乾燥","良好","正常","無","未繪設快慢車道分隔線","無",61,"不明",120.509579,24.15218,"彰化縣","和美鎮"
"側撞","2022",8,4,19,"晴","夜間(或隧道、地下道、涵洞)有照明",50,"四岔路","交叉路口內","柏油","乾燥","良好","正常","無","未繪設快慢車道分隔線","無",50,"未使用",121.192834,24.829709,"桃園市","龍潭區"
"側撞","2022",8,4,19,"晴","夜間(或隧道、地下道、涵洞)有照明",50,"四岔路","交叉路口內","柏油","乾燥","良好","正常","無","未繪設快慢車道分隔線","無",43,"未使用",121.192834,24.829709,"桃園市","龍潭區"
"側撞","2022",8,4,19,"晴","夜間(或隧道、地下道、涵洞)有照明",50,"四岔路","交叉路口內","柏油","乾燥","良好","正常","無","未繪設快慢車道分隔線","無",6,"未使用",121.192834,24.829709,"桃園市","龍潭區"
"路口交岔撞","2022",8,5,2,"晴","夜間(或隧道、地下道、涵洞)有照明",50,"四岔路","交叉路口內","柏油","乾燥","良好","正常","雙向禁止超車線","快慢車道分隔線","有",61,"未使用",120.559763,22.504701,"屏東縣","新埤鄉"
"路口交岔撞","2022",8,5,2,"晴","夜間(或隧道、地下道、涵洞)有照明",50,"四岔路","交叉路口內","柏油","乾燥","良好","正常","雙向禁止超車線","快慢車道分隔線","有",32,"未使用",120.559763,22.504701,"屏東縣","新埤鄉"
"衝出路外","2022",8,5,6,"晴","日間自然光線",70,"直路","路肩、路緣","柏油","乾燥","良好","無號誌","中央分向島","快慢車道分隔線","有",78,"未使用",120.736515,24.571251,"苗栗縣","後龍鎮"
"追撞","2022",8,5,7,"晴","日間自然光線",70,"直路","慢車道","柏油","乾燥","良好","無號誌","中央分向島","快慢車道分隔線","有",26,"未使用",120.312933,23.666423,"雲林縣","元長鄉"
"追撞","2022",8,5,7,"晴","日間自然光線",70,"直路","慢車道","柏油","乾燥","良好","無號誌","中央分向島","快慢車道分隔線","有",67,"不明",120.312933,23.666423,"雲林縣","元長鄉"
"追撞","2022",8,5,7,"晴","日間自然光線",70,"直路","慢車道","柏油","乾燥","良好","無號誌","中央分向島","快慢車道分隔線","有",40,"不明",120.312933,23.666423,"雲林縣","元長鄉"
"其他","2022",8,5,8,"晴","日間自然光線",30,"彎曲路及附近","一般車道(未劃分快慢車道)","柏油","乾燥","良好","無號誌","無","未繪設快慢車道分隔線","有",47,"未使用",121.461124,25.086793,"新北市","新莊區"
"其他","2022",8,5,8,"晴","日間自然光線",30,"彎曲路及附近","一般車道(未劃分快慢車道)","柏油","乾燥","良好","無號誌","無","未繪設快慢車道分隔線","有",49,"不明",121.461124,25.086793,"新北市","新莊區"
"其他","2022",8,5,8,"晴","日間自然光線",30,"彎曲路及附近","一般車道(未劃分快慢車道)","柏油","乾燥","良好","無號誌","無","未繪設快慢車道分隔線","有",57,"不明",121.461124,25.086793,"新北市","新莊區"
"追撞","2022",8,5,12,"晴","日間自然光線",50,"四岔路","交叉路口內","柏油","乾燥","良好","正常","無","未繪設快慢車道分隔線","無",66,"未使用",120.68656,24.095602,"臺中市","大里區"
"追撞","2022",8,5,12,"晴","日間自然光線",50,"四岔路","交叉路口內","柏油","乾燥","良好","正常","無","未繪設快慢車道分隔線","無",58,"未使用",120.68656,24.095602,"臺中市","大里區"
"追撞","2022",8,5,12,"晴","日間自然光線",50,"四岔路","交叉路口內","柏油","乾燥","良好","正常","無","未繪設快慢車道分隔線","無",24,"未使用",120.68656,24.095602,"臺中市","大里區"
"追撞","2022",8,5,12,"晴","日間自然光線",50,"四岔路","交叉路口內","柏油","乾燥","良好","正常","無","未繪設快慢車道分隔線","無",40,"未使用",120.68656,24.095602,"臺中市","大里區"
"追撞","2022",8,5,15,"晴","日間自然光線",60,"三岔路","交叉路口內","柏油","乾燥","良好","無號誌","中央分向島","未繪設快慢車道分隔線","有",83,"未使用",120.288259,23.200454,"臺南市","官田區"
"追撞","2022",8,5,15,"晴","日間自然光線",60,"三岔路","交叉路口內","柏油","乾燥","良好","無號誌","中央分向島","未繪設快慢車道分隔線","有",21,"未使用",120.288259,23.200454,"臺南市","官田區"
"穿越道路中","2022",8,5,19,"晴","夜間(或隧道、地下道、涵洞)有照明",40,"四岔路","交叉路口內","柏油","乾燥","良好","正常","雙向禁止超車線","未繪設快慢車道分隔線","無",22,"未使用",121.421228,24.995546,"新北市","樹林區"
"穿越道路中","2022",8,5,19,"晴","夜間(或隧道、地下道、涵洞)有照明",40,"四岔路","交叉路口內","柏油","乾燥","良好","正常","雙向禁止超車線","未繪設快慢車道分隔線","無",77,"非駕駛人",121.421228,24.995546,"新北市","樹林區"
"撞路樹、電桿","2022",8,6,2,"晴","夜間(或隧道、地下道、涵洞)有照明",60,"直路","路肩、路緣","柏油","乾燥","良好","無號誌","雙向禁止超車線","未繪設快慢車道分隔線","有",22,"未使用",120.230188,23.352928,"嘉義縣","義竹鄉"
"撞路樹、電桿","2022",8,6,2,"晴","夜間(或隧道、地下道、涵洞)有照明",60,"直路","路肩、路緣","柏油","乾燥","良好","無號誌","雙向禁止超車線","未繪設快慢車道分隔線","有",18,"未使用",120.230188,23.352928,"嘉義縣","義竹鄉"
"路口交岔撞","2022",8,6,6,"晴","日間自然光線",50,"四岔路","交叉路口內","柏油","乾燥","良好","正常","無","未繪設快慢車道分隔線","無",59,"未使用",119.574393,23.568771,"澎湖縣","馬公市"
"路口交岔撞","2022",8,6,6,"晴","日間自然光線",50,"四岔路","交叉路口內","柏油","乾燥","良好","正常","無","未繪設快慢車道分隔線","無",68,"未使用",119.574393,23.568771,"澎湖縣","馬公市"
"衝出路外","2022",8,6,9,"晴","日間自然光線",30,"直路","路肩、路緣","柏油","乾燥","良好","無號誌","無","未繪設快慢車道分隔線","有",50,"不明",120.435326,23.359108,"臺南市","白河區"
"其他","2022",8,6,14,"晴","日間自然光線",50,"四岔路","交叉路口內","柏油","乾燥","良好","正常","中央分向島","未繪設快慢車道分隔線","無",41,"不明",121.343142,24.957118,"新北市","鶯歌區"
"其他","2022",8,6,14,"晴","日間自然光線",50,"四岔路","交叉路口內","柏油","乾燥","良好","正常","中央分向島","未繪設快慢車道分隔線","無",39,"不明",121.343142,24.957118,"新北市","鶯歌區"
"其他","2022",8,6,15,"雨","日間自然光線",30,"彎曲路及附近","一般車道(未劃分快慢車道)","柏油","濕潤","不良","無號誌","無","未繪設快慢車道分隔線","無",68,"未使用",120.583182,23.359683,"嘉義縣","中埔鄉"
"其他","2022",8,6,15,"雨","日間自然光線",30,"彎曲路及附近","一般車道(未劃分快慢車道)","柏油","濕潤","不良","無號誌","無","未繪設快慢車道分隔線","無",62,"非駕駛人",120.583182,23.359683,"嘉義縣","中埔鄉"
"其他","2022",8,6,15,"雨","日間自然光線",30,"彎曲路及附近","一般車道(未劃分快慢車道)","柏油","濕潤","不良","無號誌","無","未繪設快慢車道分隔線","無",65,"非駕駛人",120.583182,23.359683,"嘉義縣","中埔鄉"
"其他","2022",8,6,15,"雨","日間自然光線",30,"彎曲路及附近","一般車道(未劃分快慢車道)","柏油","濕潤","不良","無號誌","無","未繪設快慢車道分隔線","無",65,"非駕駛人",120.583182,23.359683,"嘉義縣","中埔鄉"
"路上翻車、摔倒","2022",8,6,15,"陰","日間自然光線",40,"彎曲路及附近","一般車道(未劃分快慢車道)","柏油","濕潤","良好","無號誌","雙向禁止超車線","未繪設快慢車道分隔線","有",15,"未使用",120.634755,23.434475,"嘉義縣","番路鄉"
"路上翻車、摔倒","2022",8,6,15,"陰","日間自然光線",40,"彎曲路及附近","一般車道(未劃分快慢車道)","柏油","濕潤","良好","無號誌","雙向禁止超車線","未繪設快慢車道分隔線","有",24,"未使用",120.634755,23.434475,"嘉義縣","番路鄉"
"路上翻車、摔倒","2022",8,6,15,"陰","日間自然光線",40,"彎曲路及附近","一般車道(未劃分快慢車道)","柏油","濕潤","良好","無號誌","雙向禁止超車線","未繪設快慢車道分隔線","有",15,"非駕駛人",120.634755,23.434475,"嘉義縣","番路鄉"
"同向擦撞","2022",8,6,16,"晴","日間自然光線",40,"直路","慢車道","柏油","乾燥","良好","無號誌","雙向禁止超車線","窄式快慢車道分隔島(無柵欄)","無",27,"未使用",120.30152,22.62716,"高雄市","左營區"
"同向擦撞","2022",8,6,16,"晴","日間自然光線",40,"直路","慢車道","柏油","乾燥","良好","無號誌","雙向禁止超車線","窄式快慢車道分隔島(無柵欄)","無",57,"未使用",120.30152,22.62716,"高雄市","左營區"
"其他","2022",8,7,13,"晴","日間自然光線",50,"直路","機車優先道","柏油","乾燥","良好","無號誌","中央分向島","未繪設快慢車道分隔線","有",51,"不明",120.947778,24.794557,"新竹市","香山區"
"其他","2022",8,7,13,"晴","日間自然光線",50,"直路","機車優先道","柏油","乾燥","良好","無號誌","中央分向島","未繪設快慢車道分隔線","有",54,"不明",120.947778,24.794557,"新竹市","香山區"
"路口交岔撞","2022",8,7,13,"晴","日間自然光線",50,"多岔路","交叉路口內","柏油","乾燥","良好","正常","無","未繪設快慢車道分隔線","無",30,"未使用",120.71488,24.149222,"臺中市","太平區"
"路口交岔撞","2022",8,7,13,"晴","日間自然光線",50,"多岔路","交叉路口內","柏油","乾燥","良好","正常","無","未繪設快慢車道分隔線","無",55,"未使用",120.71488,24.149222,"臺中市","太平區"
"路口交岔撞","2022",8,7,13,"晴","日間自然光線",50,"多岔路","交叉路口內","柏油","乾燥","良好","正常","無","未繪設快慢車道分隔線","無",32,"不明",120.71488,24.149222,"臺中市","太平區"
"同向擦撞","2022",8,7,14,"晴","日間自然光線",70,"四岔路","交叉口附近","柏油","乾燥","良好","正常","中央分向島","快慢車道分隔線","有",71,"未使用",120.566498,24.268316,"臺中市","清水區"
"同向擦撞","2022",8,7,14,"晴","日間自然光線",70,"四岔路","交叉口附近","柏油","乾燥","良好","正常","中央分向島","快慢車道分隔線","有",71,"未使用",120.566498,24.268316,"臺中市","清水區"
"同向擦撞","2022",8,7,14,"晴","日間自然光線",70,"四岔路","交叉口附近","柏油","乾燥","良好","正常","中央分向島","快慢車道分隔線","有",28,"未使用",120.566498,24.268316,"臺中市","清水區"
"其他","2022",8,7,19,"晴","日間自然光線",40,"直路","慢車道","柏油","乾燥","良好","無號誌","中央分向島","寛式快慢車道分隔島(50公分以上)","無",39,"未使用",120.540356,24.25895,"臺中市","梧棲區"
"其他","2022",8,7,19,"晴","日間自然光線",40,"直路","慢車道","柏油","乾燥","良好","無號誌","中央分向島","寛式快慢車道分隔島(50公分以上)","無",34,"不明",120.540356,24.25895,"臺中市","梧棲區"
"其他","2022",8,7,19,"晴","日間自然光線",40,"直路","慢車道","柏油","乾燥","良好","無號誌","中央分向島","寛式快慢車道分隔島(50公分以上)","無",39,"不明",120.540356,24.25895,"臺中市","梧棲區"
"其他","2022",8,7,19,"晴","日間自然光線",40,"直路","慢車道","柏油","乾燥","良好","無號誌","中央分向島","寛式快慢車道分隔島(50公分以上)","無",25,"不明",120.540356,24.25895,"臺中市","梧棲區"
"其他","2022",8,7,19,"晴","日間自然光線",40,"直路","慢車道","柏油","乾燥","良好","無號誌","中央分向島","寛式快慢車道分隔島(50公分以上)","無",56,"不明",120.540356,24.25895,"臺中市","梧棲區"
"撞路樹、電桿","2022",8,8,8,"晴","日間自然光線",40,"彎曲路及附近","路肩、路緣","柏油","乾燥","良好","無號誌","雙向禁止超車線","未繪設快慢車道分隔線","有",29,"未使用",121.03427,24.724739,"新竹縣","寶山鄉"
"其他","2022",8,8,8,"晴","日間自然光線",50,"四岔路","交叉路口內","柏油","乾燥","良好","正常","無","未繪設快慢車道分隔線","無",66,"未使用",120.400964,23.601526,"嘉義縣","溪口鄉"
"其他","2022",8,8,8,"晴","日間自然光線",50,"四岔路","交叉路口內","柏油","乾燥","良好","正常","無","未繪設快慢車道分隔線","無",73,"未使用",120.400964,23.601526,"嘉義縣","溪口鄉"
"其他","2022",8,8,8,"晴","日間自然光線",50,"直路","一般車道(未劃分快慢車道)","柏油","乾燥","不良","無號誌","中央分向島","未繪設快慢車道分隔線","有",80,"未使用",121.178158,24.917846,"桃園市","楊梅區"
"其他","2022",8,8,8,"晴","日間自然光線",50,"直路","一般車道(未劃分快慢車道)","柏油","乾燥","不良","無號誌","中央分向島","未繪設快慢車道分隔線","有",27,"未使用",121.178158,24.917846,"桃園市","楊梅區"
"其他","2022",8,8,10,"晴","日間自然光線",50,"直路","快車道","柏油","乾燥","良好","無號誌","雙向禁止超車線","快慢車道分隔線","無",50,"不明",120.620009,24.103163,"臺中市","烏日區"
"其他","2022",8,8,10,"晴","日間自然光線",50,"直路","快車道","柏油","乾燥","良好","無號誌","雙向禁止超車線","快慢車道分隔線","無",65,"未使用",120.620009,24.103163,"臺中市","烏日區"
"追撞","2022",8,8,20,"晴","夜間(或隧道、地下道、涵洞)有照明",40,"直路","慢車道","柏油","乾燥","良好","無號誌","雙向禁止超車線","寛式快慢車道分隔島(50公分以上)","無",55,"未使用",120.3356,22.59771,"高雄市","鳳山區"
"追撞","2022",8,8,20,"晴","夜間(或隧道、地下道、涵洞)有照明",40,"直路","慢車道","柏油","乾燥","良好","無號誌","雙向禁止超車線","寛式快慢車道分隔島(50公分以上)","無",50,"未使用",120.3356,22.59771,"高雄市","鳳山區"
"側撞","2022",8,9,5,"晴","夜間(或隧道、地下道、涵洞)有照明",50,"四岔路","交叉路口內","柏油","乾燥","良好","正常","無","未繪設快慢車道分隔線","無",46,"未使用",120.180075,23.148626,"臺南市","佳里區"
"側撞","2022",8,9,5,"晴","夜間(或隧道、地下道、涵洞)有照明",50,"四岔路","交叉路口內","柏油","乾燥","良好","正常","無","未繪設快慢車道分隔線","無",80,"未使用",120.180075,23.148626,"臺南市","佳里區"
"其他","2022",8,9,8,"晴","日間自然光線",50,"彎曲路及附近","一般車道(未劃分快慢車道)","柏油","乾燥","不良","無號誌","雙向禁止超車線","未繪設快慢車道分隔線","有",76,"非駕駛人",120.3804,22.87755,"高雄市","田寮區"