"事故類型及型態子類別名稱","發生年度","發生月份","發生日期","發生時間","天候名稱","光線名稱","速限.第1當事者","道路型態子類別名稱","事故位置子類別名稱","路面狀況.路面鋪裝名稱","路面狀況.路面狀態名稱","道路障礙.視距品質名稱","號誌.號誌動作名稱","車道劃分設施.分向設施大類別名稱","車道劃分設施.分道設施.快慢車道間名稱","車道劃分設施.分道設施.路面邊線名稱","當事者事故發生時年齡","行動電話或電腦或其他相類功能裝置名稱","經度","緯度","縣市","鄉鎮"
"其他","2022",8,9,8,"晴","日間自然光線",50,"彎曲路及附近","一般車道(未劃分快慢車道)","柏油","乾燥","不良","無號誌","雙向禁止超車線","未繪設快慢車道分隔線","有",50,"未使用",120.3804,22.87755,"高雄市","田寮區"
"其他","2022",8,9,8,"晴","日間自然光線",50,"彎曲路及附近","一般車道(未劃分快慢車道)","柏油","乾燥","不良","無號誌","雙向禁止超車線","未繪設快慢車道分隔線","有",64,"非駕駛人",120.3804,22.87755,"高雄市","田寮區"
"其他","2022",8,9,8,"晴","日間自然光線",50,"彎曲路及附近","一般車道(未劃分快慢車道)","柏油","乾燥","不良","無號誌","雙向禁止超車線","未繪設快慢車道分隔線","有",84,"非駕駛人",120.3804,22.87755,"高雄市","田寮區"
"其他","2022",8,9,8,"晴","日間自然光線",50,"彎曲路及附近","一般車道(未劃分快慢車道)","柏油","乾燥","不良","無號誌","雙向禁止超車線","未繪設快慢車道分隔線","有",64,"未使用",120.3804,22.87755,"高雄市","田寮區"
"追撞","2022",8,9,9,"晴","日間自然光線",80,"直路","直線匝道","柏油","乾燥","良好","無號誌","中央分向島","未繪設快慢車道分隔線","有",20,"未使用",120.721032,24.171804,"臺中市","北屯區"
"追撞","2022",8,9,9,"晴","日間自然光線",80,"直路","直線匝道","柏油","乾燥","良好","無號誌","中央分向島","未繪設快慢車道分隔線","有",52,"未使用",120.721032,24.171804,"臺中市","北屯區"
"追撞","2022",8,9,9,"晴","日間自然光線",80,"直路","直線匝道","柏油","乾燥","良好","無號誌","中央分向島","未繪設快慢車道分隔線","有",63,"未使用",120.721032,24.171804,"臺中市","北屯區"
"追撞","2022",8,9,9,"晴","日間自然光線",80,"直路","直線匝道","柏油","乾燥","良好","無號誌","中央分向島","未繪設快慢車道分隔線","有",36,"未使用",120.721032,24.171804,"臺中市","北屯區"
"追撞","2022",8,9,9,"晴","日間自然光線",80,"直路","直線匝道","柏油","乾燥","良好","無號誌","中央分向島","未繪設快慢車道分隔線","有",24,"未使用",120.721032,24.171804,"臺中市","北屯區"
"追撞","2022",8,9,9,"晴","日間自然光線",80,"直路","直線匝道","柏油","乾燥","良好","無號誌","中央分向島","未繪設快慢車道分隔線","有",85,"未使用",120.721032,24.171804,"臺中市","北屯區"
"追撞","2022",8,9,9,"晴","日間自然光線",80,"直路","直線匝道","柏油","乾燥","良好","無號誌","中央分向島","未繪設快慢車道分隔線","有",19,"未使用",120.721032,24.171804,"臺中市","北屯區"
"追撞","2022",8,9,9,"晴","日間自然光線",80,"直路","直線匝道","柏油","乾燥","良好","無號誌","中央分向島","未繪設快慢車道分隔線","有",21,"未使用",120.721032,24.171804,"臺中市","北屯區"
"追撞","2022",8,9,9,"晴","日間自然光線",80,"直路","直線匝道","柏油","乾燥","良好","無號誌","中央分向島","未繪設快慢車道分隔線","有",18,"未使用",120.721032,24.171804,"臺中市","北屯區"
"穿越道路中","2022",8,9,15,"晴","日間自然光線",50,"直路","一般車道(未劃分快慢車道)","柏油","乾燥","良好","無號誌","雙向禁止超車線","未繪設快慢車道分隔線","有",87,"非駕駛人",121.504831,24.991381,"新北市","中和區"
"穿越道路中","2022",8,9,15,"晴","日間自然光線",50,"直路","一般車道(未劃分快慢車道)","柏油","乾燥","良好","無號誌","雙向禁止超車線","未繪設快慢車道分隔線","有",16,"不明",121.504831,24.991381,"新北市","中和區"
"衝出路外","2022",8,10,16,"晴","日間自然光線",40,"橋樑","機車專用道","柏油","乾燥","良好","無號誌","中央分向島","未繪設快慢車道分隔線","無",40,"不明",121.575319,25.065795,"臺北市","內湖區"
"追撞","2022",8,10,17,"晴","晨或暮光",30,"直路","一般車道(未劃分快慢車道)","柏油","乾燥","良好","無號誌","雙向禁止超車線","未繪設快慢車道分隔線","有",53,"不明",121.298532,24.953419,"桃園市","八德區"
"追撞","2022",8,10,17,"晴","晨或暮光",30,"直路","一般車道(未劃分快慢車道)","柏油","乾燥","良好","無號誌","雙向禁止超車線","未繪設快慢車道分隔線","有",35,"不明",121.298532,24.953419,"桃園市","八德區"
"追撞","2022",8,10,17,"晴","晨或暮光",30,"直路","一般車道(未劃分快慢車道)","柏油","乾燥","良好","無號誌","雙向禁止超車線","未繪設快慢車道分隔線","有",74,"不明",121.298532,24.953419,"桃園市","八德區"
"撞交通島","2022",8,10,20,"晴","夜間(或隧道、地下道、涵洞)有照明",60,"直路","一般車道(未劃分快慢車道)","柏油","乾燥","良好","正常","中央分向島","未繪設快慢車道分隔線","有",17,"不明",120.865761,24.426074,"苗栗縣","大湖鄉"
"撞交通島","2022",8,10,20,"晴","夜間(或隧道、地下道、涵洞)有照明",60,"直路","一般車道(未劃分快慢車道)","柏油","乾燥","良好","正常","中央分向島","未繪設快慢車道分隔線","有",16,"非駕駛人",120.865761,24.426074,"苗栗縣","大湖鄉"
"撞路樹、電桿","2022",8,10,23,"陰","夜間(或隧道、地下道、涵洞)有照明",50,"彎曲路及附近","一般車道(未劃分快慢車道)","柏油","乾燥","良好","無號誌","行車分向線","未繪設快慢車道分隔線","有",30,"不明",121.138605,24.984347,"桃園市","觀音區"
"撞護欄(樁)","2022",8,11,5,"晴","晨或暮光",110,"直路","快車道","柏油","乾燥","良好","無號誌","中央分向島","未繪設快慢車道分隔線","有",24,"不明",120.503041,22.741586,"屏東縣","九如鄉"
"側撞","2022",8,11,11,"晴","日間自然光線",50,"四岔路","交叉口附近","柏油","乾燥","良好","正常","無","未繪設快慢車道分隔線","無",75,"未使用",121.211288,24.896168,"桃園市","平鎮區"
"側撞","2022",8,11,11,"晴","日間自然光線",50,"四岔路","交叉口附近","柏油","乾燥","良好","正常","無","未繪設快慢車道分隔線","無",65,"未使用",121.211288,24.896168,"桃園市","平鎮區"
"撞交通島","2022",8,11,11,"晴","日間自然光線",40,"直路","慢車道","柏油","乾燥","良好","無號誌","中央分向島","寛式快慢車道分隔島(50公分以上)","有",73,"未使用",120.662478,24.083785,"臺中市","霧峰區"
"撞路樹、電桿","2022",8,11,19,"晴","夜間(或隧道、地下道、涵洞)有照明",50,"直路","一般車道(未劃分快慢車道)","柏油","乾燥","良好","無號誌","雙向禁止超車線","未繪設快慢車道分隔線","有",18,"未使用",120.347658,23.906589,"彰化縣","大城鄉"
"撞路樹、電桿","2022",8,11,22,"晴","夜間(或隧道、地下道、涵洞)有照明",40,"彎曲路及附近","一般車道(未劃分快慢車道)","柏油","乾燥","良好","無號誌","雙向禁止超車線","未繪設快慢車道分隔線","有",17,"未使用",121.173989,24.874215,"桃園市","楊梅區"
"撞路樹、電桿","2022",8,11,22,"晴","夜間(或隧道、地下道、涵洞)有照明",40,"彎曲路及附近","一般車道(未劃分快慢車道)","柏油","乾燥","良好","無號誌","雙向禁止超車線","未繪設快慢車道分隔線","有",13,"未使用",121.173989,24.874215,"桃園市","楊梅區"
"側撞","2022",8,11,22,"晴","夜間(或隧道、地下道、涵洞)有照明",60,"四岔路","交叉路口內","柏油","乾燥","良好","正常","中央分向島","寛式快慢車道分隔島(50公分以上)","有",27,"未使用",120.30152,22.62716,"高雄市","林園區"
"側撞","2022",8,11,22,"晴","夜間(或隧道、地下道、涵洞)有照明",60,"四岔路","交叉路口內","柏油","乾燥","良好","正常","中央分向島","寛式快慢車道分隔島(50公分以上)","有",22,"未使用",120.30152,22.62716,"高雄市","林園區"
"側撞","2022",8,11,22,"晴","夜間(或隧道、地下道、涵洞)有照明",60,"四岔路","交叉路口內","柏油","乾燥","良好","正常","中央分向島","寛式快慢車道分隔島(50公分以上)","有",24,"非駕駛人",120.30152,22.62716,"高雄市","林園區"
"路口交岔撞","2022",8,12,8,"晴","日間自然光線",30,"四岔路","交叉路口內","柏油","乾燥","良好","無號誌","無","未繪設快慢車道分隔線","無",25,"未使用",121.119208,24.991291,"桃園市","新屋區"
"路口交岔撞","2022",8,12,8,"晴","日間自然光線",30,"四岔路","交叉路口內","柏油","乾燥","良好","無號誌","無","未繪設快慢車道分隔線","無",78,"未使用",121.119208,24.991291,"桃園市","新屋區"
"側撞","2022",8,12,13,"陰","日間自然光線",30,"四岔路","交叉路口內","柏油","乾燥","良好","無號誌","無","未繪設快慢車道分隔線","有",58,"不明",120.381087,23.424485,"嘉義縣","水上鄉"
"側撞","2022",8,12,13,"陰","日間自然光線",30,"四岔路","交叉路口內","柏油","乾燥","良好","無號誌","無","未繪設快慢車道分隔線","有",40,"不明",120.381087,23.424485,"嘉義縣","水上鄉"
"同向擦撞","2022",8,12,15,"晴","日間自然光線",70,"三岔路","交叉路口內","柏油","乾燥","良好","正常","無","未繪設快慢車道分隔線","無",73,"未使用",121.419512,23.707189,"花蓮縣","鳳林鎮"
"同向擦撞","2022",8,12,15,"晴","日間自然光線",70,"三岔路","交叉路口內","柏油","乾燥","良好","正常","無","未繪設快慢車道分隔線","無",49,"未使用",121.419512,23.707189,"花蓮縣","鳳林鎮"
"同向擦撞","2022",8,13,4,"晴","夜間(或隧道、地下道、涵洞)有照明",60,"直路","一般車道(未劃分快慢車道)","柏油","乾燥","良好","無號誌","中央分向島","未繪設快慢車道分隔線","有",19,"未使用",121.576535,25.297614,"新北市","石門區"
"同向擦撞","2022",8,13,4,"晴","夜間(或隧道、地下道、涵洞)有照明",60,"直路","一般車道(未劃分快慢車道)","柏油","乾燥","良好","無號誌","中央分向島","未繪設快慢車道分隔線","有",19,"未使用",121.576535,25.297614,"新北市","石門區"
"追撞","2022",8,13,10,"晴","日間自然光線",50,"直路","一般車道(未劃分快慢車道)","柏油","乾燥","良好","無號誌","中央分向島","未繪設快慢車道分隔線","無",21,"未使用",121.540745,24.997859,"臺北市","文山區"
"追撞","2022",8,13,10,"晴","日間自然光線",50,"直路","一般車道(未劃分快慢車道)","柏油","乾燥","良好","無號誌","中央分向島","未繪設快慢車道分隔線","無",31,"未使用",121.540745,24.997859,"臺北市","文山區"
"追撞","2022",8,13,10,"晴","日間自然光線",50,"直路","一般車道(未劃分快慢車道)","柏油","乾燥","良好","無號誌","中央分向島","未繪設快慢車道分隔線","無",49,"不明",121.540745,24.997859,"臺北市","文山區"
"追撞","2022",8,13,10,"晴","日間自然光線",50,"直路","一般車道(未劃分快慢車道)","柏油","乾燥","良好","無號誌","中央分向島","未繪設快慢車道分隔線","無",41,"不明",121.540745,24.997859,"臺北市","文山區"
"追撞","2022",8,13,10,"晴","日間自然光線",50,"直路","一般車道(未劃分快慢車道)","柏油","乾燥","良好","無號誌","中央分向島","未繪設快慢車道分隔線","無",60,"不明",121.540745,24.997859,"臺北市","文山區"
"追撞","2022",8,13,10,"晴","日間自然光線",50,"直路","一般車道(未劃分快慢車道)","柏油","乾燥","良好","無號誌","中央分向島","未繪設快慢車道分隔線","無",73,"非駕駛人",121.540745,24.997859,"臺北市","文山區"
"追撞","2022",8,13,10,"晴","日間自然光線",50,"直路","一般車道(未劃分快慢車道)","柏油","乾燥","良好","無號誌","中央分向島","未繪設快慢車道分隔線","無",41,"不明",121.540745,24.997859,"臺北市","文山區"
"追撞","2022",8,13,10,"晴","日間自然光線",50,"直路","一般車道(未劃分快慢車道)","柏油","乾燥","良好","無號誌","中央分向島","未繪設快慢車道分隔線","無",46,"不明",121.540745,24.997859,"臺北市","文山區"
"追撞","2022",8,13,10,"晴","日間自然光線",50,"直路","一般車道(未劃分快慢車道)","柏油","乾燥","良好","無號誌","中央分向島","未繪設快慢車道分隔線","無",63,"不明",121.540745,24.997859,"臺北市","文山區"
"追撞","2022",8,13,10,"晴","日間自然光線",50,"直路","一般車道(未劃分快慢車道)","柏油","乾燥","良好","無號誌","中央分向島","未繪設快慢車道分隔線","無",31,"不明",121.540745,24.997859,"臺北市","文山區"
"對向擦撞","2022",8,13,11,"晴","日間自然光線",30,"直路","一般車道(未劃分快慢車道)","柏油","乾燥","良好","無號誌","無","未繪設快慢車道分隔線","無",14,"未使用",120.401366,23.584148,"嘉義縣","溪口鄉"
"對向擦撞","2022",8,13,11,"晴","日間自然光線",30,"直路","一般車道(未劃分快慢車道)","柏油","乾燥","良好","無號誌","無","未繪設快慢車道分隔線","無",20,"未使用",120.401366,23.584148,"嘉義縣","溪口鄉"
"追撞","2022",8,13,18,"晴","晨或暮光",40,"四岔路","慢車道","柏油","乾燥","良好","正常","中央分向島","窄式快慢車道分隔島(無柵欄)","無",20,"未使用",120.571388,24.234166,"臺中市","沙鹿區"
"追撞","2022",8,13,18,"晴","晨或暮光",40,"四岔路","慢車道","柏油","乾燥","良好","正常","中央分向島","窄式快慢車道分隔島(無柵欄)","無",39,"未使用",120.571388,24.234166,"臺中市","沙鹿區"
"側撞","2022",8,13,21,"晴","夜間(或隧道、地下道、涵洞)有照明",40,"三岔路","交叉路口內","柏油","乾燥","良好","正常","無","未繪設快慢車道分隔線","無",63,"不明",120.989321,24.783466,"新竹市","東區"
"側撞","2022",8,13,21,"晴","夜間(或隧道、地下道、涵洞)有照明",40,"三岔路","交叉路口內","柏油","乾燥","良好","正常","無","未繪設快慢車道分隔線","無",54,"不明",120.989321,24.783466,"新竹市","東區"
"撞護欄(樁)","2022",8,13,22,"陰","夜間(或隧道、地下道、涵洞)無照明",110,"直路","快車道","柏油","濕潤","良好","無號誌","中央分向島","未繪設快慢車道分隔線","有",69,"未使用",120.503041,22.741586,"屏東縣","九如鄉"
"撞護欄(樁)","2022",8,13,22,"陰","夜間(或隧道、地下道、涵洞)無照明",110,"直路","快車道","柏油","濕潤","良好","無號誌","中央分向島","未繪設快慢車道分隔線","有",40,"未使用",120.503041,22.741586,"屏東縣","九如鄉"
"撞護欄(樁)","2022",8,13,22,"陰","夜間(或隧道、地下道、涵洞)無照明",110,"直路","快車道","柏油","濕潤","良好","無號誌","中央分向島","未繪設快慢車道分隔線","有",31,"未使用",120.503041,22.741586,"屏東縣","九如鄉"
"撞護欄(樁)","2022",8,13,22,"陰","夜間(或隧道、地下道、涵洞)無照明",110,"直路","快車道","柏油","濕潤","良好","無號誌","中央分向島","未繪設快慢車道分隔線","有",76,"非駕駛人",120.503041,22.741586,"屏東縣","九如鄉"
"路口交岔撞","2022",8,14,14,"晴","日間自然光線",30,"四岔路","交叉路口內","柏油","乾燥","良好","無號誌","無","未繪設快慢車道分隔線","無",43,"未使用",120.174899,23.171263,"臺南市","佳里區"
"路口交岔撞","2022",8,14,14,"晴","日間自然光線",30,"四岔路","交叉路口內","柏油","乾燥","良好","無號誌","無","未繪設快慢車道分隔線","無",40,"未使用",120.174899,23.171263,"臺南市","佳里區"
"路口交岔撞","2022",8,14,14,"晴","日間自然光線",30,"四岔路","交叉路口內","柏油","乾燥","良好","無號誌","無","未繪設快慢車道分隔線","無",22,"未使用",120.174899,23.171263,"臺南市","佳里區"
"倒車撞","2022",8,14,18,"晴","晨或暮光",30,"直路","一般車道(未劃分快慢車道)","柏油","乾燥","良好","無號誌","無","未繪設快慢車道分隔線","有",54,"未使用",120.322617,23.855582,"彰化縣","大城鄉"
"倒車撞","2022",8,14,18,"晴","晨或暮光",30,"直路","一般車道(未劃分快慢車道)","柏油","乾燥","良好","無號誌","無","未繪設快慢車道分隔線","有",54,"未使用",120.322617,23.855582,"彰化縣","大城鄉"
"追撞","2022",8,14,18,"晴","夜間(或隧道、地下道、涵洞)有照明",40,"三岔路","交叉路口內","柏油","乾燥","良好","無號誌","無","未繪設快慢車道分隔線","無",37,"不明",120.390079,23.557962,"嘉義縣","民雄鄉"
"追撞","2022",8,14,18,"晴","夜間(或隧道、地下道、涵洞)有照明",40,"三岔路","交叉路口內","柏油","乾燥","良好","無號誌","無","未繪設快慢車道分隔線","無",84,"不明",120.390079,23.557962,"嘉義縣","民雄鄉"
"衝出路外","2022",8,15,2,"晴","夜間(或隧道、地下道、涵洞)有照明",70,"直路","路肩、路緣","柏油","乾燥","良好","無號誌","中央分向島","快慢車道分隔線","有",46,"不明",120.318941,23.681016,"雲林縣","元長鄉"
"撞護欄(樁)","2022",8,15,5,"晴","日間自然光線",70,"直路","一般車道(未劃分快慢車道)","柏油","乾燥","良好","無號誌","雙向禁止超車線","未繪設快慢車道分隔線","有",18,"未使用",119.604622,23.62477,"澎湖縣","白沙鄉"
"側撞","2022",8,15,15,"晴","日間自然光線",50,"三岔路","交叉路口內","柏油","乾燥","良好","正常","雙向禁止超車線","未繪設快慢車道分隔線","無",67,"不明",121.39258,25.136937,"新北市","八里區"
"側撞","2022",8,15,15,"晴","日間自然光線",50,"三岔路","交叉路口內","柏油","乾燥","良好","正常","雙向禁止超車線","未繪設快慢車道分隔線","無",61,"不明",121.39258,25.136937,"新北市","八里區"
"衝出路外","2022",8,15,18,"晴","日間自然光線",30,"彎曲路及附近","一般車道(未劃分快慢車道)","柏油","乾燥","良好","無號誌","雙向禁止超車線","未繪設快慢車道分隔線","無",14,"未使用",120.927601,24.851188,"新竹市","北區"
"衝出路外","2022",8,15,18,"晴","日間自然光線",30,"彎曲路及附近","一般車道(未劃分快慢車道)","柏油","乾燥","良好","無號誌","雙向禁止超車線","未繪設快慢車道分隔線","無",12,"非駕駛人",120.927601,24.851188,"新竹市","北區"
"對撞","2022",8,16,1,"晴","夜間(或隧道、地下道、涵洞)有照明",50,"直路","一般車道(未劃分快慢車道)","柏油","乾燥","良好","無號誌","雙向禁止超車線","未繪設快慢車道分隔線","有",69,"未使用",120.65312,24.147938,"臺中市","西區"
"對撞","2022",8,16,1,"晴","夜間(或隧道、地下道、涵洞)有照明",50,"直路","一般車道(未劃分快慢車道)","柏油","乾燥","良好","無號誌","雙向禁止超車線","未繪設快慢車道分隔線","有",38,"未使用",120.65312,24.147938,"臺中市","西區"
"路上翻車、摔倒","2022",8,16,7,"晴","日間自然光線",50,"三岔路","交叉口附近","柏油","乾燥","良好","無號誌","中央分向島","快慢車道分隔線","有",40,"未使用",120.230267,23.013952,"臺南市","永康區"
"路上翻車、摔倒","2022",8,16,7,"晴","日間自然光線",50,"三岔路","交叉口附近","柏油","乾燥","良好","無號誌","中央分向島","快慢車道分隔線","有",41,"未使用",120.230267,23.013952,"臺南市","永康區"
"追撞","2022",8,16,9,"晴","日間自然光線",50,"橋樑","一般車道(未劃分快慢車道)","柏油","乾燥","良好","無號誌","雙向禁止超車線","未繪設快慢車道分隔線","有",27,"未使用",120.39935,23.608681,"嘉義縣","溪口鄉"
"追撞","2022",8,16,9,"晴","日間自然光線",50,"橋樑","一般車道(未劃分快慢車道)","柏油","乾燥","良好","無號誌","雙向禁止超車線","未繪設快慢車道分隔線","有",86,"未使用",120.39935,23.608681,"嘉義縣","溪口鄉"
"撞交通島","2022",8,16,10,"晴","日間自然光線",60,"彎曲路及附近","一般車道(未劃分快慢車道)","柏油","乾燥","良好","無號誌","中央分向島","未繪設快慢車道分隔線","無",71,"未使用",120.823344,24.260166,"臺中市","東勢區"
"路口交岔撞","2022",8,16,15,"晴","日間自然光線",30,"四岔路","交叉路口內","柏油","乾燥","良好","無號誌","無","未繪設快慢車道分隔線","無",18,"未使用",120.3999,22.6285,"高雄市","大寮區"
"路口交岔撞","2022",8,16,15,"晴","日間自然光線",30,"四岔路","交叉路口內","柏油","乾燥","良好","無號誌","無","未繪設快慢車道分隔線","無",23,"未使用",120.3999,22.6285,"高雄市","大寮區"
"路口交岔撞","2022",8,16,15,"晴","日間自然光線",30,"四岔路","交叉路口內","柏油","乾燥","良好","無號誌","無","未繪設快慢車道分隔線","無",45,"非駕駛人",120.3999,22.6285,"高雄市","大寮區"
"同向擦撞","2022",8,17,8,"晴","日間自然光線",50,"直路","路肩、路緣","柏油","乾燥","良好","無號誌","中央分向島","未繪設快慢車道分隔線","無",67,"未使用",121.212057,25.059169,"桃園市","大園區"
"同向擦撞","2022",8,17,8,"晴","日間自然光線",50,"直路","路肩、路緣","柏油","乾燥","良好","無號誌","中央分向島","未繪設快慢車道分隔線","無",60,"未使用",121.212057,25.059169,"桃園市","大園區"
"同向擦撞","2022",8,17,8,"晴","日間自然光線",50,"直路","路肩、路緣","柏油","乾燥","良好","無號誌","中央分向島","未繪設快慢車道分隔線","無",64,"未使用",121.212057,25.059169,"桃園市","大園區"
"同向通行中","2022",8,17,8,"晴","日間自然光線",50,"直路","機車優先道","柏油","乾燥","良好","無號誌","雙向禁止超車線","快慢車道分隔線","有",30,"未使用",121.010584,24.83604,"新竹縣","竹北市"
"同向通行中","2022",8,17,8,"晴","日間自然光線",50,"直路","機車優先道","柏油","乾燥","良好","無號誌","雙向禁止超車線","快慢車道分隔線","有",63,"未使用",121.010584,24.83604,"新竹縣","竹北市"
"同向通行中","2022",8,17,8,"晴","日間自然光線",50,"直路","機車優先道","柏油","乾燥","良好","無號誌","雙向禁止超車線","快慢車道分隔線","有",48,"未使用",121.010584,24.83604,"新竹縣","竹北市"
"追撞","2022",8,17,19,"雨","夜間(或隧道、地下道、涵洞)有照明",70,"直路","路肩、路緣","柏油","濕潤","良好","無號誌","中央分向島","快慢車道分隔線","有",44,"未使用",120.547622,24.019228,"彰化縣","花壇鄉"
"追撞","2022",8,17,19,"雨","夜間(或隧道、地下道、涵洞)有照明",70,"直路","路肩、路緣","柏油","濕潤","良好","無號誌","中央分向島","快慢車道分隔線","有",50,"不明",120.547622,24.019228,"彰化縣","花壇鄉"
"追撞","2022",8,17,19,"雨","夜間(或隧道、地下道、涵洞)有照明",70,"直路","路肩、路緣","柏油","濕潤","良好","無號誌","中央分向島","快慢車道分隔線","有",51,"不明",120.547622,24.019228,"彰化縣","花壇鄉"
"穿越道路中","2022",8,17,20,"陰","夜間(或隧道、地下道、涵洞)有照明",50,"四岔路","行人穿越道","柏油","乾燥","良好","正常","雙向禁止超車線","未繪設快慢車道分隔線","有",24,"未使用",121.018567,24.83522,"新竹縣","竹北市"
"穿越道路中","2022",8,17,20,"陰","夜間(或隧道、地下道、涵洞)有照明",50,"四岔路","行人穿越道","柏油","乾燥","良好","正常","雙向禁止超車線","未繪設快慢車道分隔線","有",50,"非駕駛人",121.018567,24.83522,"新竹縣","竹北市"
"穿越道路中","2022",8,17,21,"雨","夜間(或隧道、地下道、涵洞)有照明",60,"四岔路","交叉路口內","柏油","濕潤","不良","正常","無","未繪設快慢車道分隔線","無",57,"非駕駛人",120.483616,23.966883,"彰化縣","埔心鄉"
"穿越道路中","2022",8,17,21,"雨","夜間(或隧道、地下道、涵洞)有照明",60,"四岔路","交叉路口內","柏油","濕潤","不良","正常","無","未繪設快慢車道分隔線","無",34,"未使用",120.483616,23.966883,"彰化縣","埔心鄉"
"穿越道路中","2022",8,17,21,"雨","夜間(或隧道、地下道、涵洞)有照明",60,"四岔路","交叉路口內","柏油","濕潤","不良","正常","無","未繪設快慢車道分隔線","無",52,"未使用",120.483616,23.966883,"彰化縣","埔心鄉"
"撞護欄(樁)","2022",8,18,4,"晴","夜間(或隧道、地下道、涵洞)無照明",90,"直路","快車道","柏油","乾燥","良好","無號誌","中央分向島","未繪設快慢車道分隔線","有",56,"未使用",120.286667,23.301615,"臺南市","新營區"
"撞護欄(樁)","2022",8,18,4,"晴","夜間(或隧道、地下道、涵洞)無照明",90,"直路","快車道","柏油","乾燥","良好","無號誌","中央分向島","未繪設快慢車道分隔線","有",33,"未使用",120.286667,23.301615,"臺南市","新營區"
"撞護欄(樁)","2022",8,18,4,"晴","夜間(或隧道、地下道、涵洞)無照明",90,"直路","快車道","柏油","乾燥","良好","無號誌","中央分向島","未繪設快慢車道分隔線","有",51,"未使用",120.286667,23.301615,"臺南市","新營區"
"撞護欄(樁)","2022",8,18,4,"晴","夜間(或隧道、地下道、涵洞)無照明",90,"直路","快車道","柏油","乾燥","良好","無號誌","中央分向島","未繪設快慢車道分隔線","有",36,"未使用",120.286667,23.301615,"臺南市","新營區"
"路口交岔撞","2022",8,18,15,"雨","日間自然光線",50,"四岔路","交叉路口內","柏油","濕潤","良好","正常","中央分向島","未繪設快慢車道分隔線","有",81,"不明",120.307347,23.647821,"雲林縣","元長鄉"
"路口交岔撞","2022",8,18,15,"雨","日間自然光線",50,"四岔路","交叉路口內","柏油","濕潤","良好","正常","中央分向島","未繪設快慢車道分隔線","有",43,"未使用",120.307347,23.647821,"雲林縣","元長鄉"
"路口交岔撞","2022",8,18,15,"雨","日間自然光線",50,"四岔路","交叉路口內","柏油","濕潤","良好","正常","中央分向島","未繪設快慢車道分隔線","有",81,"非駕駛人",120.307347,23.647821,"雲林縣","元長鄉"
"路口交岔撞","2022",8,18,15,"雨","日間自然光線",50,"四岔路","交叉路口內","柏油","濕潤","良好","正常","中央分向島","未繪設快慢車道分隔線","有",89,"非駕駛人",120.307347,23.647821,"雲林縣","元長鄉"
"路口交岔撞","2022",8,18,15,"雨","日間自然光線",50,"四岔路","交叉路口內","柏油","濕潤","良好","正常","中央分向島","未繪設快慢車道分隔線","有",90,"非駕駛人",120.307347,23.647821,"雲林縣","元長鄉"
"撞橋樑、建築物","2022",8,18,16,"晴","日間自然光線",50,"彎曲路及附近","路肩、路緣","柏油","乾燥","不良","無號誌","雙向禁止超車線","未繪設快慢車道分隔線","有",38,"未使用",121.153562,22.983719,"臺東縣","鹿野鄉"
"撞橋樑、建築物","2022",8,18,16,"晴","日間自然光線",50,"彎曲路及附近","路肩、路緣","柏油","乾燥","不良","無號誌","雙向禁止超車線","未繪設快慢車道分隔線","有",13,"非駕駛人",121.153562,22.983719,"臺東縣","鹿野鄉"
"撞路樹、電桿","2022",8,19,1,"晴","夜間(或隧道、地下道、涵洞)有照明",50,"直路","一般車道(未劃分快慢車道)","柏油","乾燥","良好","正常","無","未繪設快慢車道分隔線","無",49,"未使用",120.598111,24.251541,"臺中市","沙鹿區"
"穿越道路中","2022",8,19,22,"雨","夜間(或隧道、地下道、涵洞)有照明",60,"四岔路","穿越道附近","柏油","濕潤","良好","正常","中央分向島","未繪設快慢車道分隔線","有",59,"非駕駛人",121.376304,25.054967,"桃園市","龜山區"
"穿越道路中","2022",8,19,22,"雨","夜間(或隧道、地下道、涵洞)有照明",60,"四岔路","穿越道附近","柏油","濕潤","良好","正常","中央分向島","未繪設快慢車道分隔線","有",20,"未使用",121.376304,25.054967,"桃園市","龜山區"
"衝出路外","2022",8,20,0,"晴","夜間(或隧道、地下道、涵洞)有照明",50,"直路","路肩、路緣","柏油","乾燥","良好","無號誌","中央分向島","未繪設快慢車道分隔線","有",39,"不明",120.246526,23.781474,"雲林縣","麥寮鄉"
"衝出路外","2022",8,20,0,"晴","夜間(或隧道、地下道、涵洞)有照明",50,"直路","路肩、路緣","柏油","乾燥","良好","無號誌","中央分向島","未繪設快慢車道分隔線","有",39,"不明",120.246526,23.781474,"雲林縣","麥寮鄉"
"追撞","2022",8,20,8,"晴","日間自然光線",40,"多岔路","交叉口附近","柏油","乾燥","良好","無號誌","行車分向線","未繪設快慢車道分隔線","有",53,"未使用",120.184004,23.418537,"嘉義縣","布袋鎮"
"追撞","2022",8,20,8,"晴","日間自然光線",40,"多岔路","交叉口附近","柏油","乾燥","良好","無號誌","行車分向線","未繪設快慢車道分隔線","有",78,"未使用",120.184004,23.418537,"嘉義縣","布袋鎮"
"路口交岔撞","2022",8,20,9,"晴","日間自然光線",40,"四岔路","交叉路口內","柏油","乾燥","良好","正常","無","未繪設快慢車道分隔線","無",91,"不明",120.960108,24.815787,"新竹市","北區"
"路口交岔撞","2022",8,20,9,"晴","日間自然光線",40,"四岔路","交叉路口內","柏油","乾燥","良好","正常","無","未繪設快慢車道分隔線","無",58,"不明",120.960108,24.815787,"新竹市","北區"