"事故類型及型態子類別名稱","發生年度","發生月份","發生日期","發生時間","天候名稱","光線名稱","速限.第1當事者","道路型態子類別名稱","事故位置子類別名稱","路面狀況.路面鋪裝名稱","路面狀況.路面狀態名稱","道路障礙.視距品質名稱","號誌.號誌動作名稱","車道劃分設施.分向設施大類別名稱","車道劃分設施.分道設施.快慢車道間名稱","車道劃分設施.分道設施.路面邊線名稱","當事者事故發生時年齡","行動電話或電腦或其他相類功能裝置名稱","經度","緯度","縣市","鄉鎮"
"對向擦撞","2022",8,20,18,"陰","夜間(或隧道、地下道、涵洞)有照明",50,"直路","一般車道(未劃分快慢車道)","柏油","乾燥","良好","無號誌","行車分向線","快慢車道分隔線","有",37,"不明",120.578197,22.804429,"屏東縣","高樹鄉"
"對向擦撞","2022",8,20,18,"陰","夜間(或隧道、地下道、涵洞)有照明",50,"直路","一般車道(未劃分快慢車道)","柏油","乾燥","良好","無號誌","行車分向線","快慢車道分隔線","有",41,"未使用",120.578197,22.804429,"屏東縣","高樹鄉"
"對向擦撞","2022",8,20,18,"陰","夜間(或隧道、地下道、涵洞)有照明",50,"直路","一般車道(未劃分快慢車道)","柏油","乾燥","良好","無號誌","行車分向線","快慢車道分隔線","有",6,"非駕駛人",120.578197,22.804429,"屏東縣","高樹鄉"
"對向擦撞","2022",8,20,18,"陰","夜間(或隧道、地下道、涵洞)有照明",50,"直路","一般車道(未劃分快慢車道)","柏油","乾燥","良好","無號誌","行車分向線","快慢車道分隔線","有",11,"非駕駛人",120.578197,22.804429,"屏東縣","高樹鄉"
"穿越道路中","2022",8,20,19,"晴","夜間(或隧道、地下道、涵洞)有照明",50,"三岔路","行人穿越道","柏油","乾燥","良好","無號誌","無","未繪設快慢車道分隔線","無",18,"未使用",120.6792,24.193,"臺中市","北屯區"
"穿越道路中","2022",8,20,19,"晴","夜間(或隧道、地下道、涵洞)有照明",50,"三岔路","行人穿越道","柏油","乾燥","良好","無號誌","無","未繪設快慢車道分隔線","無",71,"未使用",120.6792,24.193,"臺中市","北屯區"
"衝出路外","2022",8,20,20,"雨","夜間(或隧道、地下道、涵洞)無照明",30,"彎曲路及附近","一般車道(未劃分快慢車道)","柏油","濕潤","良好","無號誌","無","未繪設快慢車道分隔線","無",46,"不明",120.709971,23.82499,"南投縣","名間鄉"
"穿越道路中","2022",8,20,21,"晴","夜間(或隧道、地下道、涵洞)有照明",50,"四岔路","交叉路口內","柏油","乾燥","良好","無號誌","行車分向線","未繪設快慢車道分隔線","無",44,"未使用",120.676047,24.127113,"臺中市","南區"
"穿越道路中","2022",8,20,21,"晴","夜間(或隧道、地下道、涵洞)有照明",50,"四岔路","交叉路口內","柏油","乾燥","良好","無號誌","行車分向線","未繪設快慢車道分隔線","無",70,"非駕駛人",120.676047,24.127113,"臺中市","南區"
"追撞","2022",8,21,7,"晴","日間自然光線",70,"三岔路","一般車道(未劃分快慢車道)","柏油","乾燥","良好","無號誌","中央分向島","未繪設快慢車道分隔線","有",20,"未使用",120.653006,24.005062,"南投縣","草屯鎮"
"追撞","2022",8,21,7,"晴","日間自然光線",70,"三岔路","一般車道(未劃分快慢車道)","柏油","乾燥","良好","無號誌","中央分向島","未繪設快慢車道分隔線","有",83,"未使用",120.653006,24.005062,"南投縣","草屯鎮"
"其他","2022",8,21,7,"晴","日間自然光線",30,"彎曲路及附近","一般車道(未劃分快慢車道)","柏油","乾燥","良好","無號誌","無","未繪設快慢車道分隔線","無",26,"未使用",120.630758,24.218148,"臺中市","大雅區"
"其他","2022",8,21,7,"晴","日間自然光線",30,"彎曲路及附近","一般車道(未劃分快慢車道)","柏油","乾燥","良好","無號誌","無","未繪設快慢車道分隔線","無",78,"非駕駛人",120.630758,24.218148,"臺中市","大雅區"
"其他","2022",8,21,18,"晴","夜間(或隧道、地下道、涵洞)有照明",50,"彎曲路及附近","路肩、路緣","柏油","乾燥","良好","無號誌","雙向禁止超車線","未繪設快慢車道分隔線","有",21,"不明",121.708204,25.173888,"基隆市","安樂區"
"其他","2022",8,21,18,"晴","夜間(或隧道、地下道、涵洞)有照明",50,"彎曲路及附近","路肩、路緣","柏油","乾燥","良好","無號誌","雙向禁止超車線","未繪設快慢車道分隔線","有",44,"不明",121.708204,25.173888,"基隆市","安樂區"
"對撞","2022",8,21,19,"晴","夜間(或隧道、地下道、涵洞)有照明",110,"直路","快車道","柏油","乾燥","良好","無號誌","中央分向島","未繪設快慢車道分隔線","有",68,"未使用",121.366181,24.944537,"新北市","三峽區"
"對撞","2022",8,21,19,"晴","夜間(或隧道、地下道、涵洞)有照明",110,"直路","快車道","柏油","乾燥","良好","無號誌","中央分向島","未繪設快慢車道分隔線","有",41,"未使用",121.366181,24.944537,"新北市","三峽區"
"對撞","2022",8,21,19,"晴","夜間(或隧道、地下道、涵洞)有照明",110,"直路","快車道","柏油","乾燥","良好","無號誌","中央分向島","未繪設快慢車道分隔線","有",33,"未使用",121.366181,24.944537,"新北市","三峽區"
"對撞","2022",8,21,19,"晴","夜間(或隧道、地下道、涵洞)有照明",110,"直路","快車道","柏油","乾燥","良好","無號誌","中央分向島","未繪設快慢車道分隔線","有",42,"未使用",121.366181,24.944537,"新北市","三峽區"
"對撞","2022",8,21,19,"晴","夜間(或隧道、地下道、涵洞)有照明",110,"直路","快車道","柏油","乾燥","良好","無號誌","中央分向島","未繪設快慢車道分隔線","有",64,"未使用",121.366181,24.944537,"新北市","三峽區"
"撞路樹、電桿","2022",8,22,13,"晴","日間自然光線",60,"直路","路肩、路緣","柏油","乾燥","良好","無號誌","雙向禁止超車線","未繪設快慢車道分隔線","有",69,"不明",121.017455,24.687456,"新竹縣","峨眉鄉"
"撞路樹、電桿","2022",8,22,13,"晴","日間自然光線",60,"直路","路肩、路緣","柏油","乾燥","良好","無號誌","雙向禁止超車線","未繪設快慢車道分隔線","有",37,"不明",121.017455,24.687456,"新竹縣","峨眉鄉"
"其他","2022",8,22,14,"晴","日間自然光線",50,"直路","一般車道(未劃分快慢車道)","柏油","乾燥","良好","正常","中央分向島","快慢車道分隔線","無",28,"未使用",121.483292,24.995732,"新北市","中和區"
"其他","2022",8,22,14,"晴","日間自然光線",50,"直路","一般車道(未劃分快慢車道)","柏油","乾燥","良好","正常","中央分向島","快慢車道分隔線","無",76,"非駕駛人",121.483292,24.995732,"新北市","中和區"
"側撞","2022",8,22,20,"晴","夜間(或隧道、地下道、涵洞)有照明",50,"三岔路","交叉路口內","柏油","乾燥","良好","正常","無","未繪設快慢車道分隔線","無",42,"不明",120.597491,24.19141,"臺中市","西屯區"
"側撞","2022",8,22,20,"晴","夜間(或隧道、地下道、涵洞)有照明",50,"三岔路","交叉路口內","柏油","乾燥","良好","正常","無","未繪設快慢車道分隔線","無",18,"不明",120.597491,24.19141,"臺中市","西屯區"
"側撞","2022",8,22,20,"晴","夜間(或隧道、地下道、涵洞)有照明",50,"三岔路","交叉路口內","柏油","乾燥","良好","正常","無","未繪設快慢車道分隔線","無",25,"不明",120.597491,24.19141,"臺中市","西屯區"
"側撞","2022",8,22,20,"晴","夜間(或隧道、地下道、涵洞)有照明",50,"三岔路","交叉路口內","柏油","乾燥","良好","正常","無","未繪設快慢車道分隔線","無",17,"不明",120.597491,24.19141,"臺中市","西屯區"
"側撞","2022",8,22,20,"晴","夜間(或隧道、地下道、涵洞)有照明",50,"四岔路","交叉路口內","柏油","乾燥","良好","無號誌","雙向禁止超車線","快慢車道分隔線","無",18,"未使用",120.708008,24.207136,"臺中市","潭子區"
"側撞","2022",8,22,20,"晴","夜間(或隧道、地下道、涵洞)有照明",50,"四岔路","交叉路口內","柏油","乾燥","良好","無號誌","雙向禁止超車線","快慢車道分隔線","無",71,"未使用",120.708008,24.207136,"臺中市","潭子區"
"側撞","2022",8,22,20,"晴","夜間(或隧道、地下道、涵洞)有照明",50,"四岔路","交叉路口內","柏油","乾燥","良好","無號誌","雙向禁止超車線","快慢車道分隔線","無",16,"未使用",120.708008,24.207136,"臺中市","潭子區"
"其他","2022",8,23,10,"晴","日間自然光線",50,"多岔路","交叉路口內","柏油","乾燥","良好","正常","中央分向島","未繪設快慢車道分隔線","有",71,"未使用",121.47405,25.015086,"新北市","板橋區"
"其他","2022",8,23,10,"晴","日間自然光線",50,"多岔路","交叉路口內","柏油","乾燥","良好","正常","中央分向島","未繪設快慢車道分隔線","有",47,"未使用",121.47405,25.015086,"新北市","板橋區"
"追撞","2022",8,23,12,"晴","日間自然光線",50,"四岔路","交叉路口內","柏油","乾燥","良好","無號誌","無","未繪設快慢車道分隔線","無",69,"未使用",120.72057,24.122874,"臺中市","太平區"
"追撞","2022",8,23,12,"晴","日間自然光線",50,"四岔路","交叉路口內","柏油","乾燥","良好","無號誌","無","未繪設快慢車道分隔線","無",61,"未使用",120.72057,24.122874,"臺中市","太平區"
"追撞","2022",8,23,12,"晴","日間自然光線",50,"四岔路","交叉路口內","柏油","乾燥","良好","無號誌","無","未繪設快慢車道分隔線","無",45,"未使用",120.72057,24.122874,"臺中市","太平區"
"其他","2022",8,23,21,"陰","夜間(或隧道、地下道、涵洞)有照明",40,"直路","一般車道(未劃分快慢車道)","柏油","乾燥","良好","無號誌","行車分向線","未繪設快慢車道分隔線","有",18,"不明",120.758247,24.263763,"臺中市","豐原區"
"其他","2022",8,23,21,"陰","夜間(或隧道、地下道、涵洞)有照明",40,"直路","一般車道(未劃分快慢車道)","柏油","乾燥","良好","無號誌","行車分向線","未繪設快慢車道分隔線","有",17,"不明",120.758247,24.263763,"臺中市","豐原區"
"路口交岔撞","2022",8,24,7,"晴","日間自然光線",50,"四岔路","交叉路口內","柏油","乾燥","良好","正常","雙向禁止超車線","未繪設快慢車道分隔線","有",55,"不明",120.5171,24.03972,"彰化縣","秀水鄉"
"路口交岔撞","2022",8,24,7,"晴","日間自然光線",50,"四岔路","交叉路口內","柏油","乾燥","良好","正常","雙向禁止超車線","未繪設快慢車道分隔線","有",63,"不明",120.5171,24.03972,"彰化縣","秀水鄉"
"其他","2022",8,24,9,"晴","日間自然光線",60,"三岔路","交叉路口內","柏油","乾燥","良好","無號誌","中央分向島","快慢車道分隔線","有",69,"未使用",120.695531,24.058213,"臺中市","霧峰區"
"其他","2022",8,24,9,"晴","日間自然光線",60,"三岔路","交叉路口內","柏油","乾燥","良好","無號誌","中央分向島","快慢車道分隔線","有",51,"未使用",120.695531,24.058213,"臺中市","霧峰區"
"其他","2022",8,24,11,"晴","日間自然光線",100,"高架道路","快車道","柏油","乾燥","良好","無號誌","無","未繪設快慢車道分隔線","有",50,"不明",121.58923,25.065516,"臺北市","內湖區"
"其他","2022",8,24,11,"晴","日間自然光線",100,"高架道路","快車道","柏油","乾燥","良好","無號誌","無","未繪設快慢車道分隔線","有",27,"未使用",121.58923,25.065516,"臺北市","內湖區"
"其他","2022",8,24,11,"晴","日間自然光線",100,"高架道路","快車道","柏油","乾燥","良好","無號誌","無","未繪設快慢車道分隔線","有",54,"不明",121.58923,25.065516,"臺北市","內湖區"
"側撞","2022",8,24,12,"晴","日間自然光線",60,"直路","一般車道(未劃分快慢車道)","柏油","乾燥","良好","無號誌","中央分向島","未繪設快慢車道分隔線","有",47,"未使用",120.596814,23.734796,"雲林縣","林內鄉"
"側撞","2022",8,24,12,"晴","日間自然光線",60,"直路","一般車道(未劃分快慢車道)","柏油","乾燥","良好","無號誌","中央分向島","未繪設快慢車道分隔線","有",44,"未使用",120.596814,23.734796,"雲林縣","林內鄉"
"撞交通島","2022",8,24,16,"晴","日間自然光線",40,"坡路","一般車道(未劃分快慢車道)","柏油","乾燥","良好","無號誌","中央分向島","未繪設快慢車道分隔線","有",70,"不明",121.621152,25.008428,"新北市","深坑區"
"衝出路外","2022",8,24,17,"雨","日間自然光線",30,"彎曲路及附近","一般車道(未劃分快慢車道)","柏油","濕潤","不良","無號誌","雙向禁止超車線","未繪設快慢車道分隔線","有",50,"未使用",120.807574,24.097857,"臺中市","太平區"
"衝出路外","2022",8,24,23,"陰","夜間(或隧道、地下道、涵洞)有照明",40,"直路","一般車道(未劃分快慢車道)","柏油","乾燥","良好","無號誌","無","未繪設快慢車道分隔線","有",36,"未使用",120.482572,23.987224,"彰化縣","埔鹽鄉"
"對向擦撞","2022",8,25,1,"晴","夜間(或隧道、地下道、涵洞)有照明",50,"四岔路","路肩、路緣","柏油","乾燥","良好","正常","行車分向線","快慢車道分隔線","有",40,"未使用",120.909517,24.696232,"苗栗縣","頭份市"
"對向擦撞","2022",8,25,1,"晴","夜間(或隧道、地下道、涵洞)有照明",50,"四岔路","路肩、路緣","柏油","乾燥","良好","正常","行車分向線","快慢車道分隔線","有",27,"未使用",120.909517,24.696232,"苗栗縣","頭份市"
"同向擦撞","2022",8,25,8,"晴","日間自然光線",60,"高架道路","一般車道(未劃分快慢車道)","柏油","乾燥","良好","無號誌","中央分向島","未繪設快慢車道分隔線","有",41,"未使用",121.531905,25.009389,"臺北市","中正區"
"同向擦撞","2022",8,25,8,"晴","日間自然光線",60,"高架道路","一般車道(未劃分快慢車道)","柏油","乾燥","良好","無號誌","中央分向島","未繪設快慢車道分隔線","有",56,"未使用",121.531905,25.009389,"臺北市","中正區"
"同向擦撞","2022",8,25,8,"晴","日間自然光線",60,"高架道路","一般車道(未劃分快慢車道)","柏油","乾燥","良好","無號誌","中央分向島","未繪設快慢車道分隔線","有",46,"非駕駛人",121.531905,25.009389,"臺北市","中正區"
"同向擦撞","2022",8,25,8,"晴","日間自然光線",60,"高架道路","一般車道(未劃分快慢車道)","柏油","乾燥","良好","無號誌","中央分向島","未繪設快慢車道分隔線","有",7,"非駕駛人",121.531905,25.009389,"臺北市","中正區"
"路口交岔撞","2022",8,25,15,"晴","日間自然光線",50,"四岔路","交叉路口內","柏油","乾燥","良好","正常","無","未繪設快慢車道分隔線","無",34,"不明",121.154658,24.95433,"桃園市","楊梅區"
"路口交岔撞","2022",8,25,15,"晴","日間自然光線",50,"四岔路","交叉路口內","柏油","乾燥","良好","正常","無","未繪設快慢車道分隔線","無",53,"不明",121.154658,24.95433,"桃園市","楊梅區"
"穿越道路中","2022",8,25,17,"晴","日間自然光線",50,"四岔路","交叉路口內","柏油","乾燥","良好","正常","雙向禁止超車線","未繪設快慢車道分隔線","有",25,"未使用",121.769379,24.680989,"宜蘭縣","羅東鎮"
"穿越道路中","2022",8,25,17,"晴","日間自然光線",50,"四岔路","交叉路口內","柏油","乾燥","良好","正常","雙向禁止超車線","未繪設快慢車道分隔線","有",74,"未使用",121.769379,24.680989,"宜蘭縣","羅東鎮"
"側撞","2022",8,25,18,"晴","日間自然光線",30,"三岔路","交叉路口內","柏油","乾燥","良好","無號誌","無","未繪設快慢車道分隔線","無",78,"未使用",120.171686,23.418163,"嘉義縣","東石鄉"
"側撞","2022",8,25,18,"晴","日間自然光線",30,"三岔路","交叉路口內","柏油","乾燥","良好","無號誌","無","未繪設快慢車道分隔線","無",46,"未使用",120.171686,23.418163,"嘉義縣","東石鄉"
"路上翻車、摔倒","2022",8,26,9,"晴","日間自然光線",50,"三岔路","交叉路口內","柏油","乾燥","良好","正常","無","未繪設快慢車道分隔線","無",42,"未使用",120.30145,22.62725,"高雄市","仁武區"
"路上翻車、摔倒","2022",8,26,9,"晴","日間自然光線",50,"三岔路","交叉路口內","柏油","乾燥","良好","正常","無","未繪設快慢車道分隔線","無",111,"",120.30145,22.62725,"高雄市","仁武區"
"其他","2022",8,26,10,"晴","日間自然光線",40,"彎曲路及附近","一般車道(未劃分快慢車道)","柏油","乾燥","良好","無號誌","無","未繪設快慢車道分隔線","無",59,"不明",121.381719,25.134383,"新北市","八里區"
"其他","2022",8,26,10,"晴","日間自然光線",40,"彎曲路及附近","一般車道(未劃分快慢車道)","柏油","乾燥","良好","無號誌","無","未繪設快慢車道分隔線","無",26,"未使用",121.381719,25.134383,"新北市","八里區"
"其他","2022",8,26,15,"晴","日間自然光線",30,"橋樑","一般車道(未劃分快慢車道)","柏油","乾燥","良好","無號誌","行車分向線","未繪設快慢車道分隔線","有",66,"未使用",121.329723,24.934775,"新北市","鶯歌區"
"其他","2022",8,26,15,"晴","日間自然光線",30,"橋樑","一般車道(未劃分快慢車道)","柏油","乾燥","良好","無號誌","行車分向線","未繪設快慢車道分隔線","有",61,"未使用",121.329723,24.934775,"新北市","鶯歌區"
"撞護欄(樁)","2022",8,27,6,"晴","日間自然光線",50,"彎曲路及附近","一般車道(未劃分快慢車道)","柏油","乾燥","良好","無號誌","無","未繪設快慢車道分隔線","無",14,"未使用",121.72773,25.112727,"基隆市","七堵區"
"撞護欄(樁)","2022",8,27,6,"晴","日間自然光線",50,"彎曲路及附近","一般車道(未劃分快慢車道)","柏油","乾燥","良好","無號誌","無","未繪設快慢車道分隔線","無",14,"",121.72773,25.112727,"基隆市","七堵區"
"撞護欄(樁)","2022",8,27,6,"晴","日間自然光線",50,"彎曲路及附近","一般車道(未劃分快慢車道)","柏油","乾燥","良好","無號誌","無","未繪設快慢車道分隔線","無",15,"非駕駛人",121.72773,25.112727,"基隆市","七堵區"
"衝出路外","2022",8,27,7,"晴","日間自然光線",40,"彎曲路及附近","一般車道(未劃分快慢車道)","柏油","乾燥","良好","無號誌","雙向禁止超車線","未繪設快慢車道分隔線","有",37,"未使用",120.60513,23.369263,"嘉義縣","番路鄉"
"側撞","2022",8,27,12,"晴","日間自然光線",50,"直路","快車道","柏油","乾燥","良好","無號誌","雙向禁止超車線","未繪設快慢車道分隔線","有",31,"未使用",120.468032,22.482119,"屏東縣","東港鎮"
"側撞","2022",8,27,12,"晴","日間自然光線",50,"直路","快車道","柏油","乾燥","良好","無號誌","雙向禁止超車線","未繪設快慢車道分隔線","有",24,"未使用",120.468032,22.482119,"屏東縣","東港鎮"
"其他","2022",8,27,15,"晴","日間自然光線",50,"四岔路","一般車道(未劃分快慢車道)","柏油","乾燥","良好","正常","雙向禁止超車線","未繪設快慢車道分隔線","無",53,"未使用",120.621434,24.186553,"臺中市","西屯區"
"其他","2022",8,27,15,"晴","日間自然光線",50,"四岔路","一般車道(未劃分快慢車道)","柏油","乾燥","良好","正常","雙向禁止超車線","未繪設快慢車道分隔線","無",27,"未使用",120.621434,24.186553,"臺中市","西屯區"
"其他","2022",8,27,15,"晴","日間自然光線",50,"四岔路","一般車道(未劃分快慢車道)","柏油","乾燥","良好","正常","雙向禁止超車線","未繪設快慢車道分隔線","無",49,"未使用",120.621434,24.186553,"臺中市","西屯區"
"其他","2022",8,27,17,"雨","日間自然光線",50,"直路","路肩、路緣","柏油","濕潤","良好","無號誌","雙向禁止超車線","快慢車道分隔線","有",53,"未使用",120.534667,22.720008,"屏東縣","長治鄉"
"其他","2022",8,27,17,"雨","日間自然光線",50,"直路","路肩、路緣","柏油","濕潤","良好","無號誌","雙向禁止超車線","快慢車道分隔線","有",44,"未使用",120.534667,22.720008,"屏東縣","長治鄉"
"其他","2022",8,28,10,"晴","日間自然光線",50,"直路","機車優先道","柏油","乾燥","良好","無號誌","雙向禁止超車線","快慢車道分隔線","有",24,"未使用",120.146377,23.146558,"臺南市","七股區"
"其他","2022",8,28,10,"晴","日間自然光線",50,"直路","機車優先道","柏油","乾燥","良好","無號誌","雙向禁止超車線","快慢車道分隔線","有",65,"未使用",120.146377,23.146558,"臺南市","七股區"
"撞路樹、電桿","2022",8,29,9,"晴","日間自然光線",30,"直路","一般車道(未劃分快慢車道)","柏油","乾燥","良好","無號誌","無","未繪設快慢車道分隔線","有",59,"未使用",121.520776,23.885377,"花蓮縣","壽豐鄉"
"其他","2022",8,29,18,"晴","夜間(或隧道、地下道、涵洞)有照明",50,"四岔路","交叉路口內","柏油","乾燥","良好","正常","雙向禁止超車線","未繪設快慢車道分隔線","有",68,"非駕駛人",121.462737,24.998984,"新北市","板橋區"
"其他","2022",8,29,18,"晴","夜間(或隧道、地下道、涵洞)有照明",50,"四岔路","交叉路口內","柏油","乾燥","良好","正常","雙向禁止超車線","未繪設快慢車道分隔線","有",24,"未使用",121.462737,24.998984,"新北市","板橋區"
"其他","2022",8,29,18,"晴","夜間(或隧道、地下道、涵洞)有照明",50,"四岔路","交叉路口內","柏油","乾燥","良好","正常","雙向禁止超車線","未繪設快慢車道分隔線","有",32,"未使用",121.462737,24.998984,"新北市","板橋區"
"同向擦撞","2022",8,29,20,"晴","夜間(或隧道、地下道、涵洞)有照明",50,"三岔路","交叉路口內","柏油","乾燥","良好","無號誌","雙向禁止超車線","未繪設快慢車道分隔線","有",40,"未使用",121.837588,24.657996,"宜蘭縣","五結鄉"
"同向擦撞","2022",8,29,20,"晴","夜間(或隧道、地下道、涵洞)有照明",50,"三岔路","交叉路口內","柏油","乾燥","良好","無號誌","雙向禁止超車線","未繪設快慢車道分隔線","有",48,"未使用",121.837588,24.657996,"宜蘭縣","五結鄉"
"衝出路外","2022",8,30,9,"晴","日間自然光線",40,"四岔路","交叉口附近","柏油","乾燥","良好","正常","無","未繪設快慢車道分隔線","無",66,"不明",120.31703,23.46643,"嘉義縣","太保市"
"在路上作業中","2022",8,30,13,"晴","日間自然光線",30,"直路","一般車道(未劃分快慢車道)","柏油","乾燥","良好","無號誌","無","未繪設快慢車道分隔線","無",34,"未使用",120.653726,24.06021,"臺中市","烏日區"
"在路上作業中","2022",8,30,13,"晴","日間自然光線",30,"直路","一般車道(未劃分快慢車道)","柏油","乾燥","良好","無號誌","無","未繪設快慢車道分隔線","無",77,"非駕駛人",120.653726,24.06021,"臺中市","烏日區"
"側撞","2022",8,30,23,"晴","夜間(或隧道、地下道、涵洞)有照明",50,"四岔路","交叉路口內","柏油","乾燥","良好","正常","雙向禁止超車線","未繪設快慢車道分隔線","無",60,"未使用",120.721073,24.253948,"臺中市","豐原區"
"側撞","2022",8,30,23,"晴","夜間(或隧道、地下道、涵洞)有照明",50,"四岔路","交叉路口內","柏油","乾燥","良好","正常","雙向禁止超車線","未繪設快慢車道分隔線","無",49,"未使用",120.721073,24.253948,"臺中市","豐原區"
"側撞","2022",8,31,8,"晴","日間自然光線",50,"四岔路","交叉路口內","柏油","乾燥","良好","正常","無","未繪設快慢車道分隔線","有",42,"未使用",121.44111,25.060823,"新北市","泰山區"
"側撞","2022",8,31,8,"晴","日間自然光線",50,"四岔路","交叉路口內","柏油","乾燥","良好","正常","無","未繪設快慢車道分隔線","有",34,"不明",121.44111,25.060823,"新北市","泰山區"
"側撞","2022",8,31,10,"晴","日間自然光線",50,"四岔路","交叉路口內","柏油","乾燥","良好","正常","無","未繪設快慢車道分隔線","無",80,"未使用",121.459489,24.981615,"新北市","土城區"
"側撞","2022",8,31,10,"晴","日間自然光線",50,"四岔路","交叉路口內","柏油","乾燥","良好","正常","無","未繪設快慢車道分隔線","無",51,"未使用",121.459489,24.981615,"新北市","土城區"
"撞路樹、電桿","2022",8,31,10,"晴","日間自然光線",50,"多岔路","交叉路口內","柏油","乾燥","良好","正常","雙向禁止超車線","快慢車道分隔線","有",50,"未使用",120.555774,23.700533,"雲林縣","斗六市"
"路口交岔撞","2022",8,31,12,"晴","日間自然光線",50,"四岔路","交叉口附近","柏油","乾燥","良好","正常","中央分向島","未繪設快慢車道分隔線","有",71,"未使用",120.5445,24.0775,"彰化縣","員林市"
"路口交岔撞","2022",8,31,12,"晴","日間自然光線",50,"四岔路","交叉口附近","柏油","乾燥","良好","正常","中央分向島","未繪設快慢車道分隔線","有",45,"未使用",120.5445,24.0775,"彰化縣","員林市"
"側撞","2022",8,31,13,"晴","日間自然光線",50,"四岔路","交叉路口內","柏油","乾燥","良好","正常","行車分向線","未繪設快慢車道分隔線","有",89,"不明",120.908338,24.696644,"苗栗縣","頭份市"
"側撞","2022",8,31,13,"晴","日間自然光線",50,"四岔路","交叉路口內","柏油","乾燥","良好","正常","行車分向線","未繪設快慢車道分隔線","有",33,"不明",120.908338,24.696644,"苗栗縣","頭份市"
"其他","2022",8,31,14,"晴","日間自然光線",50,"三岔路","交叉路口內","柏油","乾燥","良好","無號誌","雙向禁止超車線","未繪設快慢車道分隔線","有",61,"未使用",121.341464,24.956983,"新北市","鶯歌區"
"其他","2022",8,31,14,"晴","日間自然光線",50,"三岔路","交叉路口內","柏油","乾燥","良好","無號誌","雙向禁止超車線","未繪設快慢車道分隔線","有",30,"未使用",121.341464,24.956983,"新北市","鶯歌區"
"穿越道路中","2022",8,31,19,"晴","夜間(或隧道、地下道、涵洞)有照明",50,"直路","快車道","柏油","乾燥","良好","無號誌","雙向禁止超車線","快慢車道分隔線","有",51,"未使用",120.331556,22.961882,"臺南市","關廟區"
"穿越道路中","2022",8,31,19,"晴","夜間(或隧道、地下道、涵洞)有照明",50,"直路","快車道","柏油","乾燥","良好","無號誌","雙向禁止超車線","快慢車道分隔線","有",79,"未使用",120.331556,22.961882,"臺南市","關廟區"
"側撞","2022",9,1,7,"晴","日間自然光線",60,"直路","慢車道","柏油","乾燥","不良","無號誌","中央分向島","寛式快慢車道分隔島(50公分以上)","有",22,"未使用",120.553859,24.301159,"臺中市","清水區"
"側撞","2022",9,1,7,"晴","日間自然光線",60,"直路","慢車道","柏油","乾燥","不良","無號誌","中央分向島","寛式快慢車道分隔島(50公分以上)","有",25,"未使用",120.553859,24.301159,"臺中市","清水區"
"路口交岔撞","2022",9,1,8,"晴","日間自然光線",30,"四岔路","交叉路口內","柏油","乾燥","良好","正常","無","未繪設快慢車道分隔線","有",45,"未使用",120.520924,22.446418,"屏東縣","林邊鄉"
"路口交岔撞","2022",9,1,8,"晴","日間自然光線",30,"四岔路","交叉路口內","柏油","乾燥","良好","正常","無","未繪設快慢車道分隔線","有",48,"未使用",120.520924,22.446418,"屏東縣","林邊鄉"
"其他","2022",9,1,10,"晴","日間自然光線",60,"直路","一般車道(未劃分快慢車道)","柏油","乾燥","良好","無號誌","雙向禁止超車線","未繪設快慢車道分隔線","有",48,"未使用",120.331344,23.916972,"彰化縣","芳苑鄉"
"其他","2022",9,1,10,"晴","日間自然光線",60,"直路","一般車道(未劃分快慢車道)","柏油","乾燥","良好","無號誌","雙向禁止超車線","未繪設快慢車道分隔線","有",73,"未使用",120.331344,23.916972,"彰化縣","芳苑鄉"
"側撞","2022",9,1,10,"晴","日間自然光線",50,"四岔路","交叉路口內","柏油","乾燥","良好","正常","無","未繪設快慢車道分隔線","有",46,"未使用",120.366046,22.589906,"高雄市","鳳山區"
"側撞","2022",9,1,10,"晴","日間自然光線",50,"四岔路","交叉路口內","柏油","乾燥","良好","正常","無","未繪設快慢車道分隔線","有",60,"未使用",120.366046,22.589906,"高雄市","鳳山區"
"路上翻車、摔倒","2022",9,1,11,"晴","日間自然光線",50,"直路","一般車道(未劃分快慢車道)","柏油","乾燥","良好","無號誌","無","未繪設快慢車道分隔線","有",72,"未使用",121.008171,24.859625,"新竹縣","湖口鄉"
"撞路樹、電桿","2022",9,1,13,"晴","日間自然光線",40,"彎曲路及附近","一般車道(未劃分快慢車道)","柏油","乾燥","良好","無號誌","行車分向線","未繪設快慢車道分隔線","無",37,"未使用",120.395968,23.66947,"雲林縣","土庫鎮"
"側撞","2022",9,1,14,"晴","日間自然光線",60,"三岔路","交叉路口內","柏油","乾燥","良好","無號誌","中央分向島","未繪設快慢車道分隔線","有",67,"未使用",120.511651,24.05584,"彰化縣","彰化市"
"側撞","2022",9,1,14,"晴","日間自然光線",60,"三岔路","交叉路口內","柏油","乾燥","良好","無號誌","中央分向島","未繪設快慢車道分隔線","有",21,"未使用",120.511651,24.05584,"彰化縣","彰化市"