"事故類型及型態子類別名稱","發生年度","發生月份","發生日期","發生時間","天候名稱","光線名稱","速限.第1當事者","道路型態子類別名稱","事故位置子類別名稱","路面狀況.路面鋪裝名稱","路面狀況.路面狀態名稱","道路障礙.視距品質名稱","號誌.號誌動作名稱","車道劃分設施.分向設施大類別名稱","車道劃分設施.分道設施.快慢車道間名稱","車道劃分設施.分道設施.路面邊線名稱","當事者事故發生時年齡","行動電話或電腦或其他相類功能裝置名稱","經度","緯度","縣市","鄉鎮"
"側撞","2022",9,1,17,"晴","日間自然光線",70,"直路","快車道","柏油","乾燥","良好","無號誌","中央分向島","快慢車道分隔線","有",70,"未使用",120.176977,22.915749,"臺南市","南區"
"側撞","2022",9,1,17,"晴","日間自然光線",70,"直路","快車道","柏油","乾燥","良好","無號誌","中央分向島","快慢車道分隔線","有",24,"未使用",120.176977,22.915749,"臺南市","南區"
"撞護欄(樁)","2022",9,1,23,"晴","夜間(或隧道、地下道、涵洞)有照明",40,"彎曲路及附近","慢車道","柏油","乾燥","良好","無號誌","行車分向線","寛式快慢車道分隔島(50公分以上)","無",68,"未使用",120.639015,24.117665,"臺中市","南屯區"
"其他","2022",9,2,3,"雨","夜間(或隧道、地下道、涵洞)有照明",70,"高架道路","一般車道(未劃分快慢車道)","柏油","濕潤","良好","無號誌","中央分向島","未繪設快慢車道分隔線","無",26,"未使用",121.53704,25.059572,"臺北市","中山區"
"其他","2022",9,2,3,"雨","夜間(或隧道、地下道、涵洞)有照明",70,"高架道路","一般車道(未劃分快慢車道)","柏油","濕潤","良好","無號誌","中央分向島","未繪設快慢車道分隔線","無",27,"非駕駛人",121.53704,25.059572,"臺北市","中山區"
"其他","2022",9,2,5,"陰","日間自然光線",40,"彎曲路及附近","一般車道(未劃分快慢車道)","柏油","濕潤","良好","無號誌","雙向禁止超車線","未繪設快慢車道分隔線","有",39,"未使用",121.829482,24.515578,"宜蘭縣","蘇澳鎮"
"其他","2022",9,2,5,"陰","日間自然光線",40,"彎曲路及附近","一般車道(未劃分快慢車道)","柏油","濕潤","良好","無號誌","雙向禁止超車線","未繪設快慢車道分隔線","有",37,"未使用",121.829482,24.515578,"宜蘭縣","蘇澳鎮"
"其他","2022",9,2,5,"陰","日間自然光線",40,"彎曲路及附近","一般車道(未劃分快慢車道)","柏油","濕潤","良好","無號誌","雙向禁止超車線","未繪設快慢車道分隔線","有",35,"非駕駛人",121.829482,24.515578,"宜蘭縣","蘇澳鎮"
"路上翻車、摔倒","2022",9,2,12,"雨","日間自然光線",40,"橋樑","機車專用道","柏油","濕潤","良好","無號誌","中央分向島","窄式快慢車道分隔島(無柵欄)","有",47,"不明",121.515477,25.017918,"新北市","永和區"
"其他","2022",9,2,19,"雨","夜間(或隧道、地下道、涵洞)有照明",50,"三岔路","交叉路口內","柏油","濕潤","良好","正常","行車分向線","未繪設快慢車道分隔線","有",56,"未使用",121.503478,24.960707,"新北市","新店區"
"其他","2022",9,2,19,"雨","夜間(或隧道、地下道、涵洞)有照明",50,"三岔路","交叉路口內","柏油","濕潤","良好","正常","行車分向線","未繪設快慢車道分隔線","有",60,"未使用",121.503478,24.960707,"新北市","新店區"
"其他","2022",9,2,19,"雨","夜間(或隧道、地下道、涵洞)有照明",50,"三岔路","交叉路口內","柏油","濕潤","良好","正常","行車分向線","未繪設快慢車道分隔線","有",51,"未使用",121.503478,24.960707,"新北市","新店區"
"穿越道路中","2022",9,3,4,"暴雨","晨或暮光",50,"三岔路","交叉路口內","柏油","濕潤","良好","無號誌","行車分向線","未繪設快慢車道分隔線","有",26,"未使用",120.678404,24.489713,"苗栗縣","通霄鎮"
"穿越道路中","2022",9,3,4,"暴雨","晨或暮光",50,"三岔路","交叉路口內","柏油","濕潤","良好","無號誌","行車分向線","未繪設快慢車道分隔線","有",78,"非駕駛人",120.678404,24.489713,"苗栗縣","通霄鎮"
"路口交岔撞","2022",9,3,11,"雨","日間自然光線",30,"四岔路","交叉路口內","柏油","濕潤","良好","正常","無","未繪設快慢車道分隔線","無",71,"未使用",120.381463,23.502317,"嘉義縣","太保市"
"路口交岔撞","2022",9,3,11,"雨","日間自然光線",30,"四岔路","交叉路口內","柏油","濕潤","良好","正常","無","未繪設快慢車道分隔線","無",35,"未使用",120.381463,23.502317,"嘉義縣","太保市"
"路上翻車、摔倒","2022",9,3,17,"雨","日間自然光線",30,"直路","一般車道(未劃分快慢車道)","柏油","濕潤","良好","無號誌","無","未繪設快慢車道分隔線","有",63,"未使用",121.450711,25.208638,"新北市","淡水區"
"路口交岔撞","2022",9,3,23,"陰","夜間(或隧道、地下道、涵洞)有照明",50,"四岔路","交叉路口內","柏油","濕潤","良好","正常","中央分向島","快慢車道分隔線","有",41,"未使用",120.562608,22.684851,"屏東縣","長治鄉"
"路口交岔撞","2022",9,3,23,"陰","夜間(或隧道、地下道、涵洞)有照明",50,"四岔路","交叉路口內","柏油","濕潤","良好","正常","中央分向島","快慢車道分隔線","有",17,"未使用",120.562608,22.684851,"屏東縣","長治鄉"
"其他","2022",9,3,23,"雨","夜間(或隧道、地下道、涵洞)有照明",25,"橋樑","其他","柏油","濕潤","良好","無號誌","無","未繪設快慢車道分隔線","無",48,"不明",120.696741,23.915719,"南投縣","南投市"
"追撞","2022",9,4,4,"陰","夜間(或隧道、地下道、涵洞)無照明",110,"直路","快車道","柏油","濕潤","良好","無號誌","中央分向島","未繪設快慢車道分隔線","有",36,"未使用",120.432739,23.591355,"嘉義縣","大林鎮"
"追撞","2022",9,4,4,"陰","夜間(或隧道、地下道、涵洞)無照明",110,"直路","快車道","柏油","濕潤","良好","無號誌","中央分向島","未繪設快慢車道分隔線","有",34,"未使用",120.432739,23.591355,"嘉義縣","大林鎮"
"追撞","2022",9,4,4,"陰","夜間(或隧道、地下道、涵洞)無照明",110,"直路","快車道","柏油","濕潤","良好","無號誌","中央分向島","未繪設快慢車道分隔線","有",42,"未使用",120.432739,23.591355,"嘉義縣","大林鎮"
"追撞","2022",9,4,4,"陰","夜間(或隧道、地下道、涵洞)無照明",110,"直路","快車道","柏油","濕潤","良好","無號誌","中央分向島","未繪設快慢車道分隔線","有",39,"未使用",120.432739,23.591355,"嘉義縣","大林鎮"
"撞護欄(樁)","2022",9,4,12,"晴","日間自然光線",40,"直路","一般車道(未劃分快慢車道)","柏油","乾燥","良好","無號誌","無","未繪設快慢車道分隔線","有",31,"未使用",120.265805,23.076236,"臺南市","新市區"
"撞護欄(樁)","2022",9,5,0,"晴","日間自然光線",50,"直路","路肩、路緣","柏油","乾燥","良好","無號誌","中央分向島","快慢車道分隔線","有",49,"不明",120.230006,23.453179,"嘉義縣","朴子市"
"同向通行中","2022",9,5,5,"晴","晨或暮光",50,"直路","慢車道","柏油","乾燥","良好","無號誌","雙向禁止超車線","快慢車道分隔線","有",40,"未使用",120.581103,23.716431,"雲林縣","斗六市"
"同向通行中","2022",9,5,5,"晴","晨或暮光",50,"直路","慢車道","柏油","乾燥","良好","無號誌","雙向禁止超車線","快慢車道分隔線","有",93,"未使用",120.581103,23.716431,"雲林縣","斗六市"
"同向擦撞","2022",9,5,10,"晴","日間自然光線",50,"直路","一般車道(未劃分快慢車道)","柏油","乾燥","良好","無號誌","行車分向線","未繪設快慢車道分隔線","有",48,"未使用",121.366162,24.914432,"新北市","三峽區"
"同向擦撞","2022",9,5,10,"晴","日間自然光線",50,"直路","一般車道(未劃分快慢車道)","柏油","乾燥","良好","無號誌","行車分向線","未繪設快慢車道分隔線","有",66,"未使用",121.366162,24.914432,"新北市","三峽區"
"側撞","2022",9,5,11,"晴","日間自然光線",50,"三岔路","交叉口附近","柏油","乾燥","良好","正常","雙向禁止超車線","快慢車道分隔線","有",71,"非駕駛人",120.48129,22.676133,"屏東縣","屏東市"
"側撞","2022",9,5,11,"晴","日間自然光線",50,"三岔路","交叉口附近","柏油","乾燥","良好","正常","雙向禁止超車線","快慢車道分隔線","有",61,"未使用",120.48129,22.676133,"屏東縣","屏東市"
"同向擦撞","2022",9,6,12,"晴","日間自然光線",50,"直路","一般車道(未劃分快慢車道)","柏油","乾燥","良好","無號誌","雙向禁止超車線","未繪設快慢車道分隔線","有",77,"未使用",121.246827,25.107435,"桃園市","大園區"
"同向擦撞","2022",9,6,12,"晴","日間自然光線",50,"直路","一般車道(未劃分快慢車道)","柏油","乾燥","良好","無號誌","雙向禁止超車線","未繪設快慢車道分隔線","有",53,"未使用",121.246827,25.107435,"桃園市","大園區"
"同向擦撞","2022",9,6,12,"晴","日間自然光線",50,"直路","一般車道(未劃分快慢車道)","柏油","乾燥","良好","無號誌","雙向禁止超車線","未繪設快慢車道分隔線","有",62,"未使用",121.246827,25.107435,"桃園市","大園區"
"路上翻車、摔倒","2022",9,6,12,"晴","日間自然光線",50,"彎曲路及附近","一般車道(未劃分快慢車道)","柏油","乾燥","良好","無號誌","中央分向島","快慢車道分隔線","有",18,"不明",121.335325,24.952165,"新北市","鶯歌區"
"路上翻車、摔倒","2022",9,6,12,"晴","日間自然光線",50,"彎曲路及附近","一般車道(未劃分快慢車道)","柏油","乾燥","良好","無號誌","中央分向島","快慢車道分隔線","有",18,"不明",121.335325,24.952165,"新北市","鶯歌區"
"路口交岔撞","2022",9,7,11,"晴","日間自然光線",30,"四岔路","交叉路口內","柏油","乾燥","良好","正常","無","未繪設快慢車道分隔線","無",27,"未使用",120.434738,23.995785,"彰化縣","埔鹽鄉"
"路口交岔撞","2022",9,7,11,"晴","日間自然光線",30,"四岔路","交叉路口內","柏油","乾燥","良好","正常","無","未繪設快慢車道分隔線","無",37,"未使用",120.434738,23.995785,"彰化縣","埔鹽鄉"
"路口交岔撞","2022",9,7,11,"晴","日間自然光線",30,"四岔路","交叉路口內","柏油","乾燥","良好","正常","無","未繪設快慢車道分隔線","無",39,"非駕駛人",120.434738,23.995785,"彰化縣","埔鹽鄉"
"路口交岔撞","2022",9,7,12,"晴","日間自然光線",70,"三岔路","交叉路口內","柏油","乾燥","良好","無號誌","無","未繪設快慢車道分隔線","無",70,"未使用",121.647771,24.123157,"花蓮縣","新城鄉"
"路口交岔撞","2022",9,7,12,"晴","日間自然光線",70,"三岔路","交叉路口內","柏油","乾燥","良好","無號誌","無","未繪設快慢車道分隔線","無",26,"未使用",121.647771,24.123157,"花蓮縣","新城鄉"
"路口交岔撞","2022",9,7,12,"晴","日間自然光線",70,"三岔路","交叉路口內","柏油","乾燥","良好","無號誌","無","未繪設快慢車道分隔線","無",47,"非駕駛人",121.647771,24.123157,"花蓮縣","新城鄉"
"側撞","2022",9,7,14,"晴","日間自然光線",50,"三岔路","交叉口附近","柏油","乾燥","良好","正常","雙向禁止超車線","快慢車道分隔線","無",81,"未使用",120.30152,22.62716,"高雄市","楠梓區"
"側撞","2022",9,7,14,"晴","日間自然光線",50,"三岔路","交叉口附近","柏油","乾燥","良好","正常","雙向禁止超車線","快慢車道分隔線","無",29,"未使用",120.30152,22.62716,"高雄市","楠梓區"
"撞路樹、電桿","2022",9,7,15,"晴","日間自然光線",50,"直路","一般車道(未劃分快慢車道)","柏油","乾燥","良好","無號誌","行車分向線","未繪設快慢車道分隔線","有",84,"不明",120.489584,23.639239,"雲林縣","斗南鎮"
"撞路樹、電桿","2022",9,7,15,"晴","日間自然光線",50,"直路","一般車道(未劃分快慢車道)","柏油","乾燥","良好","無號誌","行車分向線","未繪設快慢車道分隔線","有",86,"不明",120.489584,23.639239,"雲林縣","斗南鎮"
"側撞","2022",9,8,5,"晴","日間自然光線",40,"直路","快車道","柏油","乾燥","良好","無號誌","行車分向線","快慢車道分隔線","有",82,"未使用",120.489076,22.588354,"屏東縣","萬丹鄉"
"側撞","2022",9,8,5,"晴","日間自然光線",40,"直路","快車道","柏油","乾燥","良好","無號誌","行車分向線","快慢車道分隔線","有",29,"未使用",120.489076,22.588354,"屏東縣","萬丹鄉"
"側撞","2022",9,8,6,"晴","日間自然光線",50,"三岔路","交叉路口內","柏油","乾燥","良好","正常","無","未繪設快慢車道分隔線","無",38,"未使用",121.29113,24.917879,"桃園市","大溪區"
"側撞","2022",9,8,6,"晴","日間自然光線",50,"三岔路","交叉路口內","柏油","乾燥","良好","正常","無","未繪設快慢車道分隔線","無",74,"未使用",121.29113,24.917879,"桃園市","大溪區"
"其他","2022",9,8,10,"晴","日間自然光線",40,"三岔路","交叉路口內","柏油","乾燥","良好","無號誌","雙向禁止超車線","未繪設快慢車道分隔線","有",81,"不明",120.602865,23.931172,"彰化縣","社頭鄉"
"其他","2022",9,8,10,"晴","日間自然光線",40,"三岔路","交叉路口內","柏油","乾燥","良好","無號誌","雙向禁止超車線","未繪設快慢車道分隔線","有",37,"不明",120.602865,23.931172,"彰化縣","社頭鄉"
"追撞","2022",9,8,11,"晴","日間自然光線",50,"彎曲路及附近","一般車道(未劃分快慢車道)","柏油","乾燥","良好","無號誌","中央分向島","未繪設快慢車道分隔線","有",20,"未使用",121.282824,24.895214,"桃園市","大溪區"
"追撞","2022",9,8,11,"晴","日間自然光線",50,"彎曲路及附近","一般車道(未劃分快慢車道)","柏油","乾燥","良好","無號誌","中央分向島","未繪設快慢車道分隔線","有",51,"未使用",121.282824,24.895214,"桃園市","大溪區"
"追撞","2022",9,8,11,"晴","日間自然光線",50,"彎曲路及附近","一般車道(未劃分快慢車道)","柏油","乾燥","良好","無號誌","中央分向島","未繪設快慢車道分隔線","有",43,"未使用",121.282824,24.895214,"桃園市","大溪區"
"倒車撞","2022",9,8,12,"晴","日間自然光線",50,"直路","迴轉道","柏油","乾燥","良好","無號誌","中央分向島","未繪設快慢車道分隔線","有",49,"未使用",121.179071,25.082923,"桃園市","大園區"
"倒車撞","2022",9,8,12,"晴","日間自然光線",50,"直路","迴轉道","柏油","乾燥","良好","無號誌","中央分向島","未繪設快慢車道分隔線","有",77,"未使用",121.179071,25.082923,"桃園市","大園區"
"同向擦撞","2022",9,8,14,"晴","日間自然光線",50,"直路","慢車道","柏油","乾燥","良好","無號誌","中央分向島","快慢車道分隔線","無",63,"未使用",121.536556,24.98702,"新北市","新店區"
"同向擦撞","2022",9,8,14,"晴","日間自然光線",50,"直路","慢車道","柏油","乾燥","良好","無號誌","中央分向島","快慢車道分隔線","無",74,"未使用",121.536556,24.98702,"新北市","新店區"
"撞護欄(樁)","2022",9,8,16,"晴","日間自然光線",50,"彎曲路及附近","一般車道(未劃分快慢車道)","柏油","乾燥","良好","無號誌","中央分向島","未繪設快慢車道分隔線","有",17,"不明",121.357136,24.904742,"新北市","三峽區"
"對撞","2022",9,8,18,"晴","日間自然光線",50,"直路","一般車道(未劃分快慢車道)","柏油","乾燥","良好","無號誌","行車分向線","未繪設快慢車道分隔線","有",54,"未使用",120.494246,22.467479,"屏東縣","東港鎮"
"對撞","2022",9,8,18,"晴","日間自然光線",50,"直路","一般車道(未劃分快慢車道)","柏油","乾燥","良好","無號誌","行車分向線","未繪設快慢車道分隔線","有",19,"未使用",120.494246,22.467479,"屏東縣","東港鎮"
"路口交岔撞","2022",9,8,19,"晴","夜間(或隧道、地下道、涵洞)有照明",50,"四岔路","交叉路口內","柏油","乾燥","良好","正常","無","未繪設快慢車道分隔線","無",28,"不明",120.495084,23.744952,"雲林縣","虎尾鎮"
"路口交岔撞","2022",9,8,19,"晴","夜間(或隧道、地下道、涵洞)有照明",50,"四岔路","交叉路口內","柏油","乾燥","良好","正常","無","未繪設快慢車道分隔線","無",77,"不明",120.495084,23.744952,"雲林縣","虎尾鎮"
"同向擦撞","2022",9,8,22,"晴","夜間(或隧道、地下道、涵洞)有照明",40,"四岔路","交叉路口內","柏油","乾燥","良好","正常","中央分向島","未繪設快慢車道分隔線","有",51,"未使用",121.83985,24.622034,"宜蘭縣","蘇澳鎮"
"同向擦撞","2022",9,8,22,"晴","夜間(或隧道、地下道、涵洞)有照明",40,"四岔路","交叉路口內","柏油","乾燥","良好","正常","中央分向島","未繪設快慢車道分隔線","有",18,"未使用",121.83985,24.622034,"宜蘭縣","蘇澳鎮"
"對撞","2022",9,9,8,"晴","日間自然光線",60,"彎曲路及附近","快車道","柏油","乾燥","良好","無號誌","雙向禁止超車線","快慢車道分隔線","有",18,"未使用",120.556825,23.567269,"嘉義縣","梅山鄉"
"對撞","2022",9,9,8,"晴","日間自然光線",60,"彎曲路及附近","快車道","柏油","乾燥","良好","無號誌","雙向禁止超車線","快慢車道分隔線","有",69,"未使用",120.556825,23.567269,"嘉義縣","梅山鄉"
"對撞","2022",9,9,8,"晴","日間自然光線",60,"彎曲路及附近","快車道","柏油","乾燥","良好","無號誌","雙向禁止超車線","快慢車道分隔線","有",68,"未使用",120.556825,23.567269,"嘉義縣","梅山鄉"
"路口交岔撞","2022",9,9,12,"晴","日間自然光線",60,"四岔路","交叉路口內","柏油","乾燥","良好","正常","無","未繪設快慢車道分隔線","無",52,"未使用",120.663025,24.05949,"臺中市","霧峰區"
"路口交岔撞","2022",9,9,12,"晴","日間自然光線",60,"四岔路","交叉路口內","柏油","乾燥","良好","正常","無","未繪設快慢車道分隔線","無",17,"未使用",120.663025,24.05949,"臺中市","霧峰區"
"撞護欄(樁)","2022",9,9,13,"晴","日間自然光線",30,"坡路","一般車道(未劃分快慢車道)","柏油","乾燥","良好","無號誌","無","未繪設快慢車道分隔線","有",74,"未使用",120.866947,24.482929,"苗栗縣","公館鄉"
"撞護欄(樁)","2022",9,9,13,"晴","日間自然光線",30,"坡路","一般車道(未劃分快慢車道)","柏油","乾燥","良好","無號誌","無","未繪設快慢車道分隔線","有",61,"未使用",120.866947,24.482929,"苗栗縣","公館鄉"
"撞護欄(樁)","2022",9,9,13,"晴","日間自然光線",30,"坡路","一般車道(未劃分快慢車道)","柏油","乾燥","良好","無號誌","無","未繪設快慢車道分隔線","有",69,"未使用",120.866947,24.482929,"苗栗縣","公館鄉"
"側撞","2022",9,9,13,"晴","日間自然光線",50,"四岔路","交叉路口內","柏油","乾燥","良好","正常","無","未繪設快慢車道分隔線","無",21,"未使用",120.707784,24.18234,"臺中市","北屯區"
"側撞","2022",9,9,13,"晴","日間自然光線",50,"四岔路","交叉路口內","柏油","乾燥","良好","正常","無","未繪設快慢車道分隔線","無",29,"未使用",120.707784,24.18234,"臺中市","北屯區"
"側撞","2022",9,9,13,"晴","日間自然光線",50,"四岔路","交叉路口內","柏油","乾燥","良好","正常","無","未繪設快慢車道分隔線","無",30,"非駕駛人",120.707784,24.18234,"臺中市","北屯區"
"撞護欄(樁)","2022",9,9,19,"晴","夜間(或隧道、地下道、涵洞)無照明",70,"直路","路肩、路緣","柏油","乾燥","良好","無號誌","行車分向線","未繪設快慢車道分隔線","有",51,"未使用",120.252609,23.357752,"嘉義縣","義竹鄉"
"同向通行中","2022",9,9,22,"晴","夜間(或隧道、地下道、涵洞)無照明",40,"直路","一般車道(未劃分快慢車道)","柏油","乾燥","良好","無號誌","無","未繪設快慢車道分隔線","有",27,"未使用",121.119605,24.733617,"新竹縣","芎林鄉"
"同向通行中","2022",9,9,22,"晴","夜間(或隧道、地下道、涵洞)無照明",40,"直路","一般車道(未劃分快慢車道)","柏油","乾燥","良好","無號誌","無","未繪設快慢車道分隔線","有",73,"非駕駛人",121.119605,24.733617,"新竹縣","芎林鄉"
"其他","2022",9,10,15,"晴","日間自然光線",50,"三岔路","交叉路口內","柏油","乾燥","良好","正常","無","未繪設快慢車道分隔線","無",68,"未使用",121.308515,24.938379,"桃園市","八德區"
"其他","2022",9,10,15,"晴","日間自然光線",50,"三岔路","交叉路口內","柏油","乾燥","良好","正常","無","未繪設快慢車道分隔線","無",65,"未使用",121.308515,24.938379,"桃園市","八德區"
"側撞","2022",9,10,21,"陰","夜間(或隧道、地下道、涵洞)有照明",50,"直路","一般車道(未劃分快慢車道)","柏油","乾燥","良好","無號誌","雙向禁止超車線","未繪設快慢車道分隔線","有",72,"未使用",121.280005,24.911309,"桃園市","大溪區"
"側撞","2022",9,10,21,"陰","夜間(或隧道、地下道、涵洞)有照明",50,"直路","一般車道(未劃分快慢車道)","柏油","乾燥","良好","無號誌","雙向禁止超車線","未繪設快慢車道分隔線","有",20,"未使用",121.280005,24.911309,"桃園市","大溪區"
"同向擦撞","2022",9,11,0,"晴","夜間(或隧道、地下道、涵洞)有照明",50,"直路","一般車道(未劃分快慢車道)","柏油","乾燥","良好","無號誌","中央分向島","未繪設快慢車道分隔線","無",51,"未使用",120.647127,24.112912,"臺中市","南區"
"同向擦撞","2022",9,11,0,"晴","夜間(或隧道、地下道、涵洞)有照明",50,"直路","一般車道(未劃分快慢車道)","柏油","乾燥","良好","無號誌","中央分向島","未繪設快慢車道分隔線","無",31,"未使用",120.647127,24.112912,"臺中市","南區"
"同向擦撞","2022",9,11,0,"晴","夜間(或隧道、地下道、涵洞)有照明",50,"直路","一般車道(未劃分快慢車道)","柏油","乾燥","良好","無號誌","中央分向島","未繪設快慢車道分隔線","無",45,"未使用",120.647127,24.112912,"臺中市","南區"
"撞護欄(樁)","2022",9,11,10,"晴","日間自然光線",15,"三岔路","交叉路口內","柏油","乾燥","良好","無號誌","無","未繪設快慢車道分隔線","無",61,"未使用",120.320649,23.240589,"臺南市","六甲區"
"追撞","2022",9,11,13,"晴","日間自然光線",25,"直路","快車道","柏油","乾燥","良好","無號誌","雙向禁止超車線","快慢車道分隔線","有",53,"未使用",121.09589,22.886275,"臺東縣","卑南鄉"
"追撞","2022",9,11,13,"晴","日間自然光線",25,"直路","快車道","柏油","乾燥","良好","無號誌","雙向禁止超車線","快慢車道分隔線","有",65,"未使用",121.09589,22.886275,"臺東縣","卑南鄉"
"其他","2022",9,11,21,"雨","夜間(或隧道、地下道、涵洞)有照明",60,"直路","機車優先道","柏油","濕潤","良好","無號誌","中央分向島","快慢車道分隔線","有",29,"非駕駛人",121.082175,24.886469,"新竹縣","湖口鄉"
"其他","2022",9,11,21,"雨","夜間(或隧道、地下道、涵洞)有照明",60,"直路","機車優先道","柏油","濕潤","良好","無號誌","中央分向島","快慢車道分隔線","有",25,"未使用",121.082175,24.886469,"新竹縣","湖口鄉"
"其他","2022",9,11,21,"雨","夜間(或隧道、地下道、涵洞)有照明",60,"直路","機車優先道","柏油","濕潤","良好","無號誌","中央分向島","快慢車道分隔線","有",22,"未使用",121.082175,24.886469,"新竹縣","湖口鄉"
"撞路樹、電桿","2022",9,11,22,"晴","夜間(或隧道、地下道、涵洞)有照明",30,"直路","一般車道(未劃分快慢車道)","柏油","乾燥","良好","無號誌","無","未繪設快慢車道分隔線","無",28,"不明",120.306355,23.000122,"臺南市","關廟區"
"穿越道路中","2022",9,11,23,"晴","夜間(或隧道、地下道、涵洞)有照明",50,"四岔路","交叉口附近","柏油","乾燥","良好","無號誌","雙向禁止超車線","未繪設快慢車道分隔線","無",64,"未使用",120.680485,24.141794,"臺中市","中區"
"穿越道路中","2022",9,11,23,"晴","夜間(或隧道、地下道、涵洞)有照明",50,"四岔路","交叉口附近","柏油","乾燥","良好","無號誌","雙向禁止超車線","未繪設快慢車道分隔線","無",71,"未使用",120.680485,24.141794,"臺中市","中區"
"撞路樹、電桿","2022",9,12,3,"晴","夜間(或隧道、地下道、涵洞)有照明",50,"直路","一般車道(未劃分快慢車道)","柏油","乾燥","良好","無號誌","雙向禁止超車線","未繪設快慢車道分隔線","有",17,"不明",120.430834,23.681303,"雲林縣","斗南鎮"
"其他","2022",9,12,6,"雨","日間自然光線",50,"四岔路","交叉路口內","柏油","濕潤","良好","無號誌","無","未繪設快慢車道分隔線","無",48,"不明",120.51986,24.218235,"臺中市","龍井區"
"其他","2022",9,12,6,"雨","日間自然光線",50,"四岔路","交叉路口內","柏油","濕潤","良好","無號誌","無","未繪設快慢車道分隔線","無",23,"未使用",120.51986,24.218235,"臺中市","龍井區"
"撞路樹、電桿","2022",9,12,10,"雨","日間自然光線",30,"直路","一般車道(未劃分快慢車道)","柏油","濕潤","良好","無號誌","無","未繪設快慢車道分隔線","無",48,"不明",120.577884,24.300211,"臺中市","清水區"
"追撞","2022",9,12,12,"雨","日間自然光線",50,"直路","一般車道(未劃分快慢車道)","柏油","濕潤","良好","無號誌","中央分向島","未繪設快慢車道分隔線","有",25,"未使用",121.354023,25.008453,"桃園市","龜山區"
"追撞","2022",9,12,12,"雨","日間自然光線",50,"直路","一般車道(未劃分快慢車道)","柏油","濕潤","良好","無號誌","中央分向島","未繪設快慢車道分隔線","有",44,"未使用",121.354023,25.008453,"桃園市","龜山區"
"側撞","2022",9,12,14,"晴","日間自然光線",50,"四岔路","交叉路口內","柏油","乾燥","良好","無號誌","無","未繪設快慢車道分隔線","無",33,"未使用",120.516854,24.221087,"臺中市","龍井區"
"側撞","2022",9,12,14,"晴","日間自然光線",50,"四岔路","交叉路口內","柏油","乾燥","良好","無號誌","無","未繪設快慢車道分隔線","無",27,"不明",120.516854,24.221087,"臺中市","龍井區"
"同向擦撞","2022",9,12,15,"晴","日間自然光線",50,"直路","快車道","柏油","乾燥","良好","無號誌","雙向禁止超車線","快慢車道分隔線","有",49,"未使用",120.178811,23.157381,"臺南市","佳里區"
"同向擦撞","2022",9,12,15,"晴","日間自然光線",50,"直路","快車道","柏油","乾燥","良好","無號誌","雙向禁止超車線","快慢車道分隔線","有",76,"未使用",120.178811,23.157381,"臺南市","佳里區"
"撞路樹、電桿","2022",9,12,20,"雨","夜間(或隧道、地下道、涵洞)有照明",50,"直路","路肩、路緣","柏油","濕潤","良好","無號誌","行車分向線","快慢車道分隔線","有",30,"未使用",121.306807,24.969918,"桃園市","八德區"
"撞路樹、電桿","2022",9,12,20,"雨","夜間(或隧道、地下道、涵洞)有照明",50,"直路","路肩、路緣","柏油","濕潤","良好","無號誌","行車分向線","快慢車道分隔線","有",28,"未使用",121.306807,24.969918,"桃園市","八德區"
"撞路樹、電桿","2022",9,12,20,"雨","夜間(或隧道、地下道、涵洞)有照明",50,"直路","路肩、路緣","柏油","濕潤","良好","無號誌","行車分向線","快慢車道分隔線","有",27,"未使用",121.306807,24.969918,"桃園市","八德區"
"同向擦撞","2022",9,12,23,"晴","夜間(或隧道、地下道、涵洞)有照明",40,"三岔路","交叉路口內","柏油","乾燥","良好","無號誌","中央分向島","寛式快慢車道分隔島(50公分以上)","有",42,"未使用",120.566984,24.238864,"臺中市","沙鹿區"
"同向擦撞","2022",9,12,23,"晴","夜間(或隧道、地下道、涵洞)有照明",40,"三岔路","交叉路口內","柏油","乾燥","良好","無號誌","中央分向島","寛式快慢車道分隔島(50公分以上)","有",19,"未使用",120.566984,24.238864,"臺中市","沙鹿區"
"追撞","2022",9,13,7,"晴","日間自然光線",50,"直路","快車道","柏油","乾燥","良好","無號誌","雙向禁止超車線","快慢車道分隔線","有",56,"未使用",121.092223,22.856393,"臺東縣","卑南鄉"
"追撞","2022",9,13,7,"晴","日間自然光線",50,"直路","快車道","柏油","乾燥","良好","無號誌","雙向禁止超車線","快慢車道分隔線","有",33,"未使用",121.092223,22.856393,"臺東縣","卑南鄉"
"追撞","2022",9,13,7,"晴","日間自然光線",50,"直路","快車道","柏油","乾燥","良好","無號誌","雙向禁止超車線","快慢車道分隔線","有",15,"非駕駛人",121.092223,22.856393,"臺東縣","卑南鄉"
"追撞","2022",9,13,7,"晴","日間自然光線",50,"直路","快車道","柏油","乾燥","良好","無號誌","雙向禁止超車線","快慢車道分隔線","有",13,"非駕駛人",121.092223,22.856393,"臺東縣","卑南鄉"
"追撞","2022",9,13,7,"晴","日間自然光線",50,"直路","快車道","柏油","乾燥","良好","無號誌","雙向禁止超車線","快慢車道分隔線","有",15,"非駕駛人",121.092223,22.856393,"臺東縣","卑南鄉"
"追撞","2022",9,13,7,"晴","日間自然光線",50,"直路","快車道","柏油","乾燥","良好","無號誌","雙向禁止超車線","快慢車道分隔線","有",65,"非駕駛人",121.092223,22.856393,"臺東縣","卑南鄉"