"事故類型及型態子類別名稱","發生年度","發生月份","發生日期","發生時間","天候名稱","光線名稱","速限.第1當事者","道路型態子類別名稱","事故位置子類別名稱","路面狀況.路面鋪裝名稱","路面狀況.路面狀態名稱","道路障礙.視距品質名稱","號誌.號誌動作名稱","車道劃分設施.分向設施大類別名稱","車道劃分設施.分道設施.快慢車道間名稱","車道劃分設施.分道設施.路面邊線名稱","當事者事故發生時年齡","行動電話或電腦或其他相類功能裝置名稱","經度","緯度","縣市","鄉鎮"
"追撞","2022",9,13,7,"晴","日間自然光線",50,"直路","快車道","柏油","乾燥","良好","無號誌","雙向禁止超車線","快慢車道分隔線","有",15,"非駕駛人",121.092223,22.856393,"臺東縣","卑南鄉"
"側撞","2022",9,13,8,"雨","日間自然光線",50,"四岔路","交叉路口內","柏油","濕潤","良好","無號誌","行車分向線","未繪設快慢車道分隔線","無",37,"未使用",121.554051,25.029686,"臺北市","大安區"
"側撞","2022",9,13,8,"雨","日間自然光線",50,"四岔路","交叉路口內","柏油","濕潤","良好","無號誌","行車分向線","未繪設快慢車道分隔線","無",36,"未使用",121.554051,25.029686,"臺北市","大安區"
"撞路樹、電桿","2022",9,13,12,"強風","日間自然光線",40,"直路","慢車道","柏油","乾燥","良好","無號誌","中央分向島","快慢車道分隔線","有",69,"未使用",120.551852,22.626191,"屏東縣","內埔鄉"
"撞路樹、電桿","2022",9,13,17,"晴","日間自然光線",50,"直路","慢車道","柏油","乾燥","良好","無號誌","中央分向島","寛式快慢車道分隔島(50公分以上)","有",27,"未使用",120.272771,22.975593,"臺南市","歸仁區"
"側撞","2022",9,13,18,"晴","夜間(或隧道、地下道、涵洞)有照明",60,"三岔路","交叉路口內","柏油","乾燥","良好","正常","無","未繪設快慢車道分隔線","無",39,"未使用",120.895322,24.708205,"苗栗縣","竹南鎮"
"側撞","2022",9,13,18,"晴","夜間(或隧道、地下道、涵洞)有照明",60,"三岔路","交叉路口內","柏油","乾燥","良好","正常","無","未繪設快慢車道分隔線","無",29,"未使用",120.895322,24.708205,"苗栗縣","竹南鎮"
"其他","2022",9,13,18,"晴","夜間(或隧道、地下道、涵洞)無照明",110,"直路","快車道","柏油","乾燥","良好","無號誌","中央分向島","未繪設快慢車道分隔線","有",38,"不明",120.534836,23.607978,"雲林縣","古坑鄉"
"其他","2022",9,13,18,"晴","夜間(或隧道、地下道、涵洞)無照明",110,"直路","快車道","柏油","乾燥","良好","無號誌","中央分向島","未繪設快慢車道分隔線","有",61,"未使用",120.534836,23.607978,"雲林縣","古坑鄉"
"其他","2022",9,13,18,"晴","夜間(或隧道、地下道、涵洞)無照明",110,"直路","快車道","柏油","乾燥","良好","無號誌","中央分向島","未繪設快慢車道分隔線","有",38,"不明",120.534836,23.607978,"雲林縣","古坑鄉"
"其他","2022",9,13,18,"晴","夜間(或隧道、地下道、涵洞)無照明",110,"直路","快車道","柏油","乾燥","良好","無號誌","中央分向島","未繪設快慢車道分隔線","有",26,"未使用",120.534836,23.607978,"雲林縣","古坑鄉"
"其他","2022",9,13,18,"晴","夜間(或隧道、地下道、涵洞)無照明",110,"直路","快車道","柏油","乾燥","良好","無號誌","中央分向島","未繪設快慢車道分隔線","有",63,"未使用",120.534836,23.607978,"雲林縣","古坑鄉"
"其他","2022",9,13,18,"晴","夜間(或隧道、地下道、涵洞)無照明",110,"直路","快車道","柏油","乾燥","良好","無號誌","中央分向島","未繪設快慢車道分隔線","有",32,"未使用",120.534836,23.607978,"雲林縣","古坑鄉"
"其他","2022",9,13,18,"晴","夜間(或隧道、地下道、涵洞)無照明",110,"直路","快車道","柏油","乾燥","良好","無號誌","中央分向島","未繪設快慢車道分隔線","有",56,"未使用",120.534836,23.607978,"雲林縣","古坑鄉"
"其他","2022",9,14,0,"晴","夜間(或隧道、地下道、涵洞)有照明",30,"直路","一般車道(未劃分快慢車道)","柏油","乾燥","良好","無號誌","無","未繪設快慢車道分隔線","有",32,"非駕駛人",120.979767,24.84802,"新竹縣","竹北市"
"其他","2022",9,14,0,"晴","夜間(或隧道、地下道、涵洞)有照明",30,"直路","一般車道(未劃分快慢車道)","柏油","乾燥","良好","無號誌","無","未繪設快慢車道分隔線","有",44,"未使用",120.979767,24.84802,"新竹縣","竹北市"
"撞路樹、電桿","2022",9,14,1,"雨","夜間(或隧道、地下道、涵洞)有照明",60,"彎曲路及附近","一般車道(未劃分快慢車道)","柏油","濕潤","良好","無號誌","中央分向島","未繪設快慢車道分隔線","有",32,"不明",121.691234,25.203859,"新北市","萬里區"
"撞路樹、電桿","2022",9,14,1,"雨","夜間(或隧道、地下道、涵洞)有照明",60,"彎曲路及附近","一般車道(未劃分快慢車道)","柏油","濕潤","良好","無號誌","中央分向島","未繪設快慢車道分隔線","有",34,"非駕駛人",121.691234,25.203859,"新北市","萬里區"
"側撞","2022",9,14,4,"陰","夜間(或隧道、地下道、涵洞)有照明",50,"直路","機車優先道","柏油","濕潤","良好","無號誌","行車分向線","快慢車道分隔線","有",52,"不明",121.6895,25.072719,"基隆市","七堵區"
"側撞","2022",9,14,4,"陰","夜間(或隧道、地下道、涵洞)有照明",50,"直路","機車優先道","柏油","濕潤","良好","無號誌","行車分向線","快慢車道分隔線","有",35,"不明",121.6895,25.072719,"基隆市","七堵區"
"側撞","2022",9,14,6,"晴","日間自然光線",40,"三岔路","交叉路口內","柏油","乾燥","良好","正常","無","未繪設快慢車道分隔線","無",62,"不明",121.198354,24.84582,"桃園市","龍潭區"
"側撞","2022",9,14,6,"晴","日間自然光線",40,"三岔路","交叉路口內","柏油","乾燥","良好","正常","無","未繪設快慢車道分隔線","無",17,"未使用",121.198354,24.84582,"桃園市","龍潭區"
"追撞","2022",9,14,7,"晴","日間自然光線",40,"高架道路","加速車道","柏油","濕潤","良好","無號誌","中央分向島","未繪設快慢車道分隔線","有",35,"未使用",121.527854,25.051816,"臺北市","中山區"
"追撞","2022",9,14,7,"晴","日間自然光線",40,"高架道路","加速車道","柏油","濕潤","良好","無號誌","中央分向島","未繪設快慢車道分隔線","有",22,"未使用",121.527854,25.051816,"臺北市","中山區"
"追撞","2022",9,14,7,"晴","日間自然光線",40,"高架道路","加速車道","柏油","濕潤","良好","無號誌","中央分向島","未繪設快慢車道分隔線","有",54,"未使用",121.527854,25.051816,"臺北市","中山區"
"追撞","2022",9,14,7,"晴","日間自然光線",40,"高架道路","加速車道","柏油","濕潤","良好","無號誌","中央分向島","未繪設快慢車道分隔線","有",40,"未使用",121.527854,25.051816,"臺北市","中山區"
"追撞","2022",9,14,7,"晴","日間自然光線",40,"高架道路","加速車道","柏油","濕潤","良好","無號誌","中央分向島","未繪設快慢車道分隔線","有",50,"未使用",121.527854,25.051816,"臺北市","中山區"
"路口交岔撞","2022",9,14,7,"晴","日間自然光線",50,"三岔路","交叉路口內","柏油","乾燥","良好","正常","中央分向島","快慢車道分隔線","有",24,"未使用",120.488454,22.596841,"屏東縣","萬丹鄉"
"路口交岔撞","2022",9,14,7,"晴","日間自然光線",50,"三岔路","交叉路口內","柏油","乾燥","良好","正常","中央分向島","快慢車道分隔線","有",52,"未使用",120.488454,22.596841,"屏東縣","萬丹鄉"
"路口交岔撞","2022",9,14,7,"晴","日間自然光線",50,"三岔路","交叉路口內","柏油","乾燥","良好","正常","中央分向島","快慢車道分隔線","有",56,"未使用",120.488454,22.596841,"屏東縣","萬丹鄉"
"路口交岔撞","2022",9,14,7,"晴","日間自然光線",50,"三岔路","交叉路口內","柏油","乾燥","良好","正常","中央分向島","快慢車道分隔線","有",14,"未使用",120.488454,22.596841,"屏東縣","萬丹鄉"
"側撞","2022",9,14,7,"晴","日間自然光線",70,"三岔路","交叉路口內","柏油","乾燥","良好","正常","中央分向島","快慢車道分隔線","有",30,"未使用",120.619837,24.054549,"彰化縣","彰化市"
"側撞","2022",9,14,7,"晴","日間自然光線",70,"三岔路","交叉路口內","柏油","乾燥","良好","正常","中央分向島","快慢車道分隔線","有",26,"不明",120.619837,24.054549,"彰化縣","彰化市"
"同向擦撞","2022",9,14,8,"晴","日間自然光線",50,"直路","一般車道(未劃分快慢車道)","柏油","濕潤","良好","無號誌","行車分向線","窄式快慢車道分隔島(附柵欄)","無",58,"未使用",121.526557,25.087304,"臺北市","士林區"
"同向擦撞","2022",9,14,8,"晴","日間自然光線",50,"直路","一般車道(未劃分快慢車道)","柏油","濕潤","良好","無號誌","行車分向線","窄式快慢車道分隔島(附柵欄)","無",28,"未使用",121.526557,25.087304,"臺北市","士林區"
"穿越道路中","2022",9,14,15,"晴","日間自然光線",30,"直路","一般車道(未劃分快慢車道)","水泥","乾燥","良好","無號誌","無","未繪設快慢車道分隔線","無",33,"未使用",119.621932,23.581929,"澎湖縣","湖西鄉"
"穿越道路中","2022",9,14,15,"晴","日間自然光線",30,"直路","一般車道(未劃分快慢車道)","水泥","乾燥","良好","無號誌","無","未繪設快慢車道分隔線","無",86,"非駕駛人",119.621932,23.581929,"澎湖縣","湖西鄉"
"追撞","2022",9,14,19,"晴","日間自然光線",50,"橋樑","一般車道(未劃分快慢車道)","柏油","乾燥","良好","無號誌","雙向禁止超車線","未繪設快慢車道分隔線","有",25,"未使用",120.287164,23.487738,"嘉義縣","六腳鄉"
"追撞","2022",9,14,19,"晴","日間自然光線",50,"橋樑","一般車道(未劃分快慢車道)","柏油","乾燥","良好","無號誌","雙向禁止超車線","未繪設快慢車道分隔線","有",66,"未使用",120.287164,23.487738,"嘉義縣","六腳鄉"
"撞路樹、電桿","2022",9,15,10,"晴","日間自然光線",50,"四岔路","交叉路口內","柏油","乾燥","良好","無號誌","無","未繪設快慢車道分隔線","無",77,"不明",120.173079,23.237567,"臺南市","學甲區"
"其他","2022",9,15,13,"晴","日間自然光線",40,"直路","一般車道(未劃分快慢車道)","柏油","乾燥","良好","無號誌","無","未繪設快慢車道分隔線","有",21,"不明",120.617543,23.818622,"彰化縣","二水鄉"
"其他","2022",9,15,13,"晴","日間自然光線",40,"直路","一般車道(未劃分快慢車道)","柏油","乾燥","良好","無號誌","無","未繪設快慢車道分隔線","有",31,"不明",120.617543,23.818622,"彰化縣","二水鄉"
"路上翻車、摔倒","2022",9,15,16,"晴","日間自然光線",50,"四岔路","交叉口附近","柏油","乾燥","不良","無號誌","雙向禁止超車線","未繪設快慢車道分隔線","無",78,"非駕駛人",120.226155,23.572741,"雲林縣","水林鄉"
"穿越道路中","2022",9,15,18,"晴","夜間(或隧道、地下道、涵洞)有照明",50,"直路","一般車道(未劃分快慢車道)","柏油","乾燥","良好","正常","中央分向島","未繪設快慢車道分隔線","無",71,"未使用",121.530518,25.018595,"臺北市","大安區"
"穿越道路中","2022",9,15,18,"晴","夜間(或隧道、地下道、涵洞)有照明",50,"直路","一般車道(未劃分快慢車道)","柏油","乾燥","良好","正常","中央分向島","未繪設快慢車道分隔線","無",29,"未使用",121.530518,25.018595,"臺北市","大安區"
"穿越道路中","2022",9,15,18,"晴","夜間(或隧道、地下道、涵洞)有照明",50,"直路","一般車道(未劃分快慢車道)","柏油","乾燥","良好","正常","中央分向島","未繪設快慢車道分隔線","無",44,"不明",121.530518,25.018595,"臺北市","大安區"
"路口交岔撞","2022",9,15,19,"晴","夜間(或隧道、地下道、涵洞)有照明",50,"四岔路","交叉路口內","柏油","乾燥","良好","正常","無","未繪設快慢車道分隔線","無",21,"未使用",121.297303,24.931379,"桃園市","八德區"
"路口交岔撞","2022",9,15,19,"晴","夜間(或隧道、地下道、涵洞)有照明",50,"四岔路","交叉路口內","柏油","乾燥","良好","正常","無","未繪設快慢車道分隔線","無",34,"未使用",121.297303,24.931379,"桃園市","八德區"
"路口交岔撞","2022",9,15,19,"晴","夜間(或隧道、地下道、涵洞)有照明",50,"四岔路","交叉路口內","柏油","乾燥","良好","正常","無","未繪設快慢車道分隔線","無",30,"未使用",121.297303,24.931379,"桃園市","八德區"
"路口交岔撞","2022",9,15,19,"晴","夜間(或隧道、地下道、涵洞)有照明",50,"四岔路","交叉路口內","柏油","乾燥","良好","正常","無","未繪設快慢車道分隔線","無",20,"非駕駛人",121.297303,24.931379,"桃園市","八德區"
"衝出路外","2022",9,15,23,"晴","夜間(或隧道、地下道、涵洞)有照明",60,"直路","路肩、路緣","柏油","乾燥","良好","無號誌","雙向禁止超車線","未繪設快慢車道分隔線","有",39,"不明",120.283325,23.371306,"嘉義縣","鹿草鄉"
"追撞","2022",9,16,4,"晴","夜間(或隧道、地下道、涵洞)有照明",110,"直路","快車道","柏油","乾燥","良好","無號誌","中央分向島","未繪設快慢車道分隔線","有",23,"未使用",120.461239,23.675866,"雲林縣","斗南鎮"
"追撞","2022",9,16,4,"晴","夜間(或隧道、地下道、涵洞)有照明",110,"直路","快車道","柏油","乾燥","良好","無號誌","中央分向島","未繪設快慢車道分隔線","有",28,"未使用",120.461239,23.675866,"雲林縣","斗南鎮"
"追撞","2022",9,16,4,"晴","夜間(或隧道、地下道、涵洞)有照明",110,"直路","快車道","柏油","乾燥","良好","無號誌","中央分向島","未繪設快慢車道分隔線","有",52,"非駕駛人",120.461239,23.675866,"雲林縣","斗南鎮"
"對撞","2022",9,16,8,"晴","日間自然光線",40,"三岔路","交叉路口內","柏油","乾燥","良好","無號誌","無","未繪設快慢車道分隔線","無",28,"未使用",120.359641,23.532913,"嘉義縣","新港鄉"
"對撞","2022",9,16,8,"晴","日間自然光線",40,"三岔路","交叉路口內","柏油","乾燥","良好","無號誌","無","未繪設快慢車道分隔線","無",57,"未使用",120.359641,23.532913,"嘉義縣","新港鄉"
"衝出路外","2022",9,16,9,"晴","日間自然光線",30,"直路","一般車道(未劃分快慢車道)","柏油","乾燥","良好","無號誌","無","未繪設快慢車道分隔線","無",63,"未使用",120.365126,23.546033,"嘉義縣","新港鄉"
"側撞","2022",9,16,11,"晴","日間自然光線",70,"四岔路","交叉路口內","柏油","乾燥","良好","正常","中央分向島","快慢車道分隔線","有",57,"未使用",120.604008,24.109443,"臺中市","烏日區"
"側撞","2022",9,16,11,"晴","日間自然光線",70,"四岔路","交叉路口內","柏油","乾燥","良好","正常","中央分向島","快慢車道分隔線","有",76,"未使用",120.604008,24.109443,"臺中市","烏日區"
"撞路樹、電桿","2022",9,16,14,"晴","日間自然光線",30,"彎曲路及附近","一般車道(未劃分快慢車道)","柏油","乾燥","良好","無號誌","無","未繪設快慢車道分隔線","有",51,"未使用",121.297467,24.98078,"桃園市","桃園區"
"穿越道路中","2022",9,16,14,"晴","日間自然光線",50,"直路","行人穿越道","柏油","乾燥","良好","無號誌","無","未繪設快慢車道分隔線","有",25,"未使用",121.431738,25.001544,"新北市","新莊區"
"穿越道路中","2022",9,16,14,"晴","日間自然光線",50,"直路","行人穿越道","柏油","乾燥","良好","無號誌","無","未繪設快慢車道分隔線","有",74,"非駕駛人",121.431738,25.001544,"新北市","新莊區"
"其他","2022",9,17,0,"晴","夜間(或隧道、地下道、涵洞)有照明",110,"直路","快車道","柏油","乾燥","良好","無號誌","中央分向島","未繪設快慢車道分隔線","有",26,"非駕駛人",120.25217,23.046056,"臺南市","永康區"
"其他","2022",9,17,0,"晴","夜間(或隧道、地下道、涵洞)有照明",110,"直路","快車道","柏油","乾燥","良好","無號誌","中央分向島","未繪設快慢車道分隔線","有",42,"未使用",120.25217,23.046056,"臺南市","永康區"
"其他","2022",9,17,0,"晴","夜間(或隧道、地下道、涵洞)有照明",110,"直路","快車道","柏油","乾燥","良好","無號誌","中央分向島","未繪設快慢車道分隔線","有",26,"不明",120.25217,23.046056,"臺南市","永康區"
"其他","2022",9,17,0,"晴","夜間(或隧道、地下道、涵洞)有照明",110,"直路","快車道","柏油","乾燥","良好","無號誌","中央分向島","未繪設快慢車道分隔線","有",24,"非駕駛人",120.25217,23.046056,"臺南市","永康區"
"其他","2022",9,17,0,"晴","夜間(或隧道、地下道、涵洞)有照明",110,"直路","快車道","柏油","乾燥","良好","無號誌","中央分向島","未繪設快慢車道分隔線","有",24,"未使用",120.25217,23.046056,"臺南市","永康區"
"其他","2022",9,17,0,"晴","夜間(或隧道、地下道、涵洞)有照明",110,"直路","快車道","柏油","乾燥","良好","無號誌","中央分向島","未繪設快慢車道分隔線","有",45,"未使用",120.25217,23.046056,"臺南市","永康區"
"其他","2022",9,17,0,"晴","夜間(或隧道、地下道、涵洞)有照明",110,"直路","快車道","柏油","乾燥","良好","無號誌","中央分向島","未繪設快慢車道分隔線","有",10,"非駕駛人",120.25217,23.046056,"臺南市","永康區"
"其他","2022",9,17,0,"晴","夜間(或隧道、地下道、涵洞)有照明",110,"直路","快車道","柏油","乾燥","良好","無號誌","中央分向島","未繪設快慢車道分隔線","有",8,"非駕駛人",120.25217,23.046056,"臺南市","永康區"
"撞護欄(樁)","2022",9,17,5,"晴","日間自然光線",40,"直路","一般車道(未劃分快慢車道)","柏油","乾燥","良好","無號誌","雙向禁止超車線","未繪設快慢車道分隔線","有",27,"不明",120.693083,24.05094,"臺中市","霧峰區"
"路上翻車、摔倒","2022",9,17,6,"晴","日間自然光線",60,"彎曲路及附近","一般車道(未劃分快慢車道)","柏油","乾燥","良好","無號誌","雙向禁止超車線","未繪設快慢車道分隔線","有",49,"未使用",121.004996,24.698881,"新竹縣","峨眉鄉"
"同向通行中","2022",9,17,7,"晴","日間自然光線",30,"直路","一般車道(未劃分快慢車道)","柏油","乾燥","良好","無號誌","無","未繪設快慢車道分隔線","有",44,"未使用",121.254898,24.92999,"桃園市","中壢區"
"同向通行中","2022",9,17,7,"晴","日間自然光線",30,"直路","一般車道(未劃分快慢車道)","柏油","乾燥","良好","無號誌","無","未繪設快慢車道分隔線","有",91,"未使用",121.254898,24.92999,"桃園市","中壢區"
"其他","2022",9,17,11,"晴","日間自然光線",50,"直路","一般車道(未劃分快慢車道)","柏油","乾燥","良好","無號誌","雙向禁止超車線","未繪設快慢車道分隔線","有",83,"未使用",120.389708,23.978681,"彰化縣","芳苑鄉"
"其他","2022",9,17,11,"晴","日間自然光線",50,"直路","一般車道(未劃分快慢車道)","柏油","乾燥","良好","無號誌","雙向禁止超車線","未繪設快慢車道分隔線","有",33,"未使用",120.389708,23.978681,"彰化縣","芳苑鄉"
"其他","2022",9,17,12,"晴","日間自然光線",40,"彎曲路及附近","一般車道(未劃分快慢車道)","柏油","乾燥","良好","無號誌","中央分向島","未繪設快慢車道分隔線","無",46,"不明",121.593973,24.99828,"臺北市","文山區"
"其他","2022",9,17,12,"晴","日間自然光線",40,"彎曲路及附近","一般車道(未劃分快慢車道)","柏油","乾燥","良好","無號誌","中央分向島","未繪設快慢車道分隔線","無",57,"未使用",121.593973,24.99828,"臺北市","文山區"
"路上翻車、摔倒","2022",9,17,15,"陰","日間自然光線",30,"彎曲路及附近","一般車道(未劃分快慢車道)","柏油","乾燥","良好","無號誌","無","未繪設快慢車道分隔線","有",45,"不明",121.225225,24.112355,"南投縣","仁愛鄉"
"其他","2022",9,18,1,"晴","夜間(或隧道、地下道、涵洞)有照明",100,"直路","快車道","柏油","乾燥","良好","無號誌","中央分向島","未繪設快慢車道分隔線","有",42,"未使用",121.417193,25.062638,"新北市","泰山區"
"其他","2022",9,18,1,"晴","夜間(或隧道、地下道、涵洞)有照明",100,"直路","快車道","柏油","乾燥","良好","無號誌","中央分向島","未繪設快慢車道分隔線","有",46,"不明",121.417193,25.062638,"新北市","泰山區"
"其他","2022",9,18,1,"晴","夜間(或隧道、地下道、涵洞)有照明",100,"直路","快車道","柏油","乾燥","良好","無號誌","中央分向島","未繪設快慢車道分隔線","有",42,"非駕駛人",121.417193,25.062638,"新北市","泰山區"
"其他","2022",9,18,6,"晴","晨或暮光",50,"直路","路肩、路緣","柏油","乾燥","良好","無號誌","雙向禁止超車線","未繪設快慢車道分隔線","有",21,"未使用",120.57454,23.955005,"彰化縣","員林市"
"其他","2022",9,18,6,"晴","晨或暮光",50,"直路","路肩、路緣","柏油","乾燥","良好","無號誌","雙向禁止超車線","未繪設快慢車道分隔線","有",39,"未使用",120.57454,23.955005,"彰化縣","員林市"
"撞路樹、電桿","2022",9,18,15,"晴","日間自然光線",50,"直路","路肩、路緣","柏油","乾燥","良好","無號誌","行車分向線","未繪設快慢車道分隔線","有",49,"未使用",120.271796,23.330281,"臺南市","鹽水區"
"穿越道路中","2022",9,18,18,"晴","晨或暮光",50,"直路","一般車道(未劃分快慢車道)","柏油","乾燥","良好","無號誌","行車分向線","未繪設快慢車道分隔線","有",66,"未使用",120.577843,24.166965,"臺中市","大肚區"
"穿越道路中","2022",9,18,18,"晴","晨或暮光",50,"直路","一般車道(未劃分快慢車道)","柏油","乾燥","良好","無號誌","行車分向線","未繪設快慢車道分隔線","有",70,"非駕駛人",120.577843,24.166965,"臺中市","大肚區"
"其他","2022",9,19,0,"晴","夜間(或隧道、地下道、涵洞)有照明",50,"彎曲路及附近","路肩、路緣","柏油","乾燥","良好","無號誌","雙向禁止超車線","未繪設快慢車道分隔線","有",24,"未使用",120.374885,23.703056,"雲林縣","土庫鎮"
"穿越道路中","2022",9,19,13,"晴","日間自然光線",50,"四岔路","交叉路口內","柏油","乾燥","良好","正常","無","未繪設快慢車道分隔線","無",39,"不明",120.645498,24.17232,"臺中市","西屯區"
"穿越道路中","2022",9,19,13,"晴","日間自然光線",50,"四岔路","交叉路口內","柏油","乾燥","良好","正常","無","未繪設快慢車道分隔線","無",88,"非駕駛人",120.645498,24.17232,"臺中市","西屯區"
"側撞","2022",9,19,17,"晴","日間自然光線",30,"三岔路","交叉路口內","柏油","乾燥","不良","無號誌","無","未繪設快慢車道分隔線","無",22,"未使用",120.813292,24.571932,"苗栗縣","苗栗市"
"側撞","2022",9,19,17,"晴","日間自然光線",30,"三岔路","交叉路口內","柏油","乾燥","不良","無號誌","無","未繪設快慢車道分隔線","無",32,"未使用",120.813292,24.571932,"苗栗縣","苗栗市"
"側撞","2022",9,19,17,"晴","日間自然光線",30,"三岔路","交叉路口內","柏油","乾燥","不良","無號誌","無","未繪設快慢車道分隔線","無",32,"不明",120.813292,24.571932,"苗栗縣","苗栗市"
"側撞","2022",9,19,17,"晴","日間自然光線",30,"三岔路","交叉路口內","柏油","乾燥","不良","無號誌","無","未繪設快慢車道分隔線","無",60,"不明",120.813292,24.571932,"苗栗縣","苗栗市"
"撞護欄(樁)","2022",9,20,15,"晴","日間自然光線",60,"彎曲路及附近","路肩、路緣","柏油","乾燥","良好","無號誌","雙向禁止超車線","快慢車道分隔線","有",41,"未使用",121.137783,22.902966,"臺東縣","鹿野鄉"
"側撞","2022",9,20,16,"晴","日間自然光線",70,"其他","其他","柏油","乾燥","良好","無號誌","無","未繪設快慢車道分隔線","無",62,"未使用",120.828227,24.637146,"苗栗縣","造橋鄉"
"側撞","2022",9,20,16,"晴","日間自然光線",70,"其他","其他","柏油","乾燥","良好","無號誌","無","未繪設快慢車道分隔線","無",24,"未使用",120.828227,24.637146,"苗栗縣","造橋鄉"
"側撞","2022",9,20,16,"晴","日間自然光線",70,"其他","其他","柏油","乾燥","良好","無號誌","無","未繪設快慢車道分隔線","無",24,"未使用",120.828227,24.637146,"苗栗縣","造橋鄉"
"穿越道路中","2022",9,20,17,"晴","日間自然光線",40,"直路","一般車道(未劃分快慢車道)","柏油","乾燥","良好","正常","無","未繪設快慢車道分隔線","有",21,"不明",121.496326,25.085652,"新北市","三重區"
"穿越道路中","2022",9,20,17,"晴","日間自然光線",40,"直路","一般車道(未劃分快慢車道)","柏油","乾燥","良好","正常","無","未繪設快慢車道分隔線","有",83,"非駕駛人",121.496326,25.085652,"新北市","三重區"
"撞路樹、電桿","2022",9,20,18,"晴","日間自然光線",60,"直路","路肩、路緣","柏油","乾燥","良好","無號誌","中央分向島","快慢車道分隔線","有",64,"未使用",120.995991,24.931489,"新竹縣","新豐鄉"
"穿越道路中","2022",9,20,19,"晴","夜間(或隧道、地下道、涵洞)有照明",50,"直路","一般車道(未劃分快慢車道)","柏油","乾燥","良好","無號誌","雙向禁止超車線","未繪設快慢車道分隔線","有",44,"非駕駛人",120.986982,24.89553,"新竹縣","新豐鄉"
"穿越道路中","2022",9,20,19,"晴","夜間(或隧道、地下道、涵洞)有照明",50,"直路","一般車道(未劃分快慢車道)","柏油","乾燥","良好","無號誌","雙向禁止超車線","未繪設快慢車道分隔線","有",25,"未使用",120.986982,24.89553,"新竹縣","新豐鄉"
"撞護欄(樁)","2022",9,21,7,"晴","日間自然光線",50,"彎曲路及附近","路肩、路緣","柏油","乾燥","良好","無號誌","雙向禁止超車線","快慢車道分隔線","有",17,"不明",121.814733,25.128975,"新北市","瑞芳區"
"側撞","2022",9,21,7,"晴","日間自然光線",50,"三岔路","交叉口附近","柏油","乾燥","良好","無號誌","行車分向線","未繪設快慢車道分隔線","有",83,"未使用",120.1851,22.91258,"高雄市","茄萣區"
"側撞","2022",9,21,7,"晴","日間自然光線",50,"三岔路","交叉口附近","柏油","乾燥","良好","無號誌","行車分向線","未繪設快慢車道分隔線","有",28,"未使用",120.1851,22.91258,"高雄市","茄萣區"
"其他","2022",9,21,9,"晴","日間自然光線",40,"三岔路","快車道","柏油","乾燥","良好","無號誌","中央分向島","快慢車道分隔線","有",70,"未使用",121.762454,24.791996,"宜蘭縣","礁溪鄉"
"其他","2022",9,21,9,"晴","日間自然光線",40,"三岔路","快車道","柏油","乾燥","良好","無號誌","中央分向島","快慢車道分隔線","有",51,"未使用",121.762454,24.791996,"宜蘭縣","礁溪鄉"
"路上翻車、摔倒","2022",9,21,10,"晴","日間自然光線",50,"直路","一般車道(未劃分快慢車道)","柏油","乾燥","良好","無號誌","雙向禁止超車線","未繪設快慢車道分隔線","有",37,"不明",121.405149,24.969333,"新北市","樹林區"
"路上翻車、摔倒","2022",9,21,10,"晴","日間自然光線",50,"直路","一般車道(未劃分快慢車道)","柏油","乾燥","良好","無號誌","雙向禁止超車線","未繪設快慢車道分隔線","有",36,"不明",121.405149,24.969333,"新北市","樹林區"
"撞動物","2022",9,21,19,"晴","夜間(或隧道、地下道、涵洞)有照明",50,"直路","一般車道(未劃分快慢車道)","柏油","乾燥","良好","無號誌","行車分向線","未繪設快慢車道分隔線","有",63,"未使用",120.378549,22.348298,"屏東縣","琉球鄉"
"穿越道路中","2022",9,22,0,"晴","夜間(或隧道、地下道、涵洞)有照明",50,"三岔路","交叉路口內","柏油","乾燥","良好","正常","中央分向島","快慢車道分隔線","無",19,"未使用",120.314856,22.640777,"高雄市","三民區"
"穿越道路中","2022",9,22,0,"晴","夜間(或隧道、地下道、涵洞)有照明",50,"三岔路","交叉路口內","柏油","乾燥","良好","正常","中央分向島","快慢車道分隔線","無",81,"非駕駛人",120.314856,22.640777,"高雄市","三民區"
"路口交岔撞","2022",9,22,7,"晴","日間自然光線",40,"四岔路","交叉路口內","柏油","乾燥","良好","正常","無","未繪設快慢車道分隔線","無",67,"不明",121.302342,24.974504,"桃園市","八德區"
"路口交岔撞","2022",9,22,7,"晴","日間自然光線",40,"四岔路","交叉路口內","柏油","乾燥","良好","正常","無","未繪設快慢車道分隔線","無",18,"不明",121.302342,24.974504,"桃園市","八德區"
"路口交岔撞","2022",9,22,7,"晴","日間自然光線",40,"四岔路","交叉路口內","柏油","乾燥","良好","正常","無","未繪設快慢車道分隔線","無",43,"不明",121.302342,24.974504,"桃園市","八德區"
"路口交岔撞","2022",9,22,9,"晴","日間自然光線",50,"四岔路","交叉路口內","柏油","乾燥","良好","無動作","無","未繪設快慢車道分隔線","無",47,"不明",121.314758,24.974088,"桃園市","桃園區"
"路口交岔撞","2022",9,22,9,"晴","日間自然光線",50,"四岔路","交叉路口內","柏油","乾燥","良好","無動作","無","未繪設快慢車道分隔線","無",33,"不明",121.314758,24.974088,"桃園市","桃園區"