"事故類型及型態子類別名稱","發生年度","發生月份","發生日期","發生時間","天候名稱","光線名稱","速限.第1當事者","道路型態子類別名稱","事故位置子類別名稱","路面狀況.路面鋪裝名稱","路面狀況.路面狀態名稱","道路障礙.視距品質名稱","號誌.號誌動作名稱","車道劃分設施.分向設施大類別名稱","車道劃分設施.分道設施.快慢車道間名稱","車道劃分設施.分道設施.路面邊線名稱","當事者事故發生時年齡","行動電話或電腦或其他相類功能裝置名稱","經度","緯度","縣市","鄉鎮"
"穿越道路中","2022",9,22,9,"晴","日間自然光線",50,"四岔路","交叉路口內","柏油","乾燥","良好","正常","無","未繪設快慢車道分隔線","有",51,"未使用",121.218821,24.955058,"桃園市","中壢區"
"穿越道路中","2022",9,22,9,"晴","日間自然光線",50,"四岔路","交叉路口內","柏油","乾燥","良好","正常","無","未繪設快慢車道分隔線","有",84,"非駕駛人",121.218821,24.955058,"桃園市","中壢區"
"穿越道路中","2022",9,22,13,"晴","日間自然光線",50,"直路","一般車道(未劃分快慢車道)","柏油","乾燥","良好","無號誌","雙向禁止超車線","未繪設快慢車道分隔線","無",77,"非駕駛人",120.994244,24.802589,"新竹市","東區"
"穿越道路中","2022",9,22,13,"晴","日間自然光線",50,"直路","一般車道(未劃分快慢車道)","柏油","乾燥","良好","無號誌","雙向禁止超車線","未繪設快慢車道分隔線","無",36,"不明",120.994244,24.802589,"新竹市","東區"
"同向擦撞","2022",9,22,14,"陰","日間自然光線",70,"三岔路","交叉路口內","柏油","乾燥","良好","正常","行車分向線","未繪設快慢車道分隔線","無",79,"未使用",121.605754,24.033629,"花蓮縣","新城鄉"
"同向擦撞","2022",9,22,14,"陰","日間自然光線",70,"三岔路","交叉路口內","柏油","乾燥","良好","正常","行車分向線","未繪設快慢車道分隔線","無",64,"未使用",121.605754,24.033629,"花蓮縣","新城鄉"
"追撞","2022",9,22,17,"晴","夜間(或隧道、地下道、涵洞)有照明",50,"直路","一般車道(未劃分快慢車道)","柏油","乾燥","良好","正常","中央分向島","快慢車道分隔線","有",57,"不明",120.54184,24.023695,"彰化縣","花壇鄉"
"追撞","2022",9,22,17,"晴","夜間(或隧道、地下道、涵洞)有照明",50,"直路","一般車道(未劃分快慢車道)","柏油","乾燥","良好","正常","中央分向島","快慢車道分隔線","有",55,"不明",120.54184,24.023695,"彰化縣","花壇鄉"
"穿越道路中","2022",9,22,18,"晴","夜間(或隧道、地下道、涵洞)有照明",40,"三岔路","交叉口附近","柏油","乾燥","良好","無號誌","行車分向線","未繪設快慢車道分隔線","有",85,"非駕駛人",121.330195,24.832084,"桃園市","大溪區"
"穿越道路中","2022",9,22,18,"晴","夜間(或隧道、地下道、涵洞)有照明",40,"三岔路","交叉口附近","柏油","乾燥","良好","無號誌","行車分向線","未繪設快慢車道分隔線","有",34,"未使用",121.330195,24.832084,"桃園市","大溪區"
"側撞","2022",9,22,20,"晴","夜間(或隧道、地下道、涵洞)有照明",50,"四岔路","交叉路口內","柏油","乾燥","良好","正常","單向禁止超車線","未繪設快慢車道分隔線","無",23,"未使用",120.643826,24.146854,"臺中市","南屯區"
"側撞","2022",9,22,20,"晴","夜間(或隧道、地下道、涵洞)有照明",50,"四岔路","交叉路口內","柏油","乾燥","良好","正常","單向禁止超車線","未繪設快慢車道分隔線","無",46,"未使用",120.643826,24.146854,"臺中市","南屯區"
"其他","2022",9,23,2,"晴","夜間(或隧道、地下道、涵洞)有照明",50,"四岔路","交叉路口內","柏油","乾燥","良好","正常","無","未繪設快慢車道分隔線","無",43,"未使用",121.49529,25.086831,"新北市","三重區"
"其他","2022",9,23,2,"晴","夜間(或隧道、地下道、涵洞)有照明",50,"四岔路","交叉路口內","柏油","乾燥","良好","正常","無","未繪設快慢車道分隔線","無",55,"非駕駛人",121.49529,25.086831,"新北市","三重區"
"其他","2022",9,23,2,"晴","夜間(或隧道、地下道、涵洞)有照明",50,"四岔路","交叉路口內","柏油","乾燥","良好","正常","無","未繪設快慢車道分隔線","無",59,"未使用",121.49529,25.086831,"新北市","三重區"
"側撞","2022",9,23,9,"晴","日間自然光線",50,"四岔路","交叉路口內","柏油","乾燥","良好","正常","無","未繪設快慢車道分隔線","無",27,"未使用",120.231575,23.012064,"臺南市","永康區"
"側撞","2022",9,23,9,"晴","日間自然光線",50,"四岔路","交叉路口內","柏油","乾燥","良好","正常","無","未繪設快慢車道分隔線","無",66,"未使用",120.231575,23.012064,"臺南市","永康區"
"側撞","2022",9,23,9,"晴","日間自然光線",50,"四岔路","交叉路口內","柏油","乾燥","良好","正常","無","未繪設快慢車道分隔線","無",28,"未使用",120.231575,23.012064,"臺南市","永康區"
"側撞","2022",9,23,13,"晴","日間自然光線",50,"四岔路","交叉路口內","柏油","乾燥","良好","正常","無","未繪設快慢車道分隔線","無",48,"未使用",121.211727,24.907677,"桃園市","平鎮區"
"側撞","2022",9,23,13,"晴","日間自然光線",50,"四岔路","交叉路口內","柏油","乾燥","良好","正常","無","未繪設快慢車道分隔線","無",67,"未使用",121.211727,24.907677,"桃園市","平鎮區"
"側撞","2022",9,23,13,"晴","日間自然光線",50,"多岔路","交叉路口內","柏油","乾燥","良好","正常","無","未繪設快慢車道分隔線","無",34,"未使用",121.311024,25.009147,"桃園市","桃園區"
"側撞","2022",9,23,13,"晴","日間自然光線",50,"多岔路","交叉路口內","柏油","乾燥","良好","正常","無","未繪設快慢車道分隔線","無",72,"未使用",121.311024,25.009147,"桃園市","桃園區"
"路口交岔撞","2022",9,23,17,"晴","晨或暮光",70,"三岔路","交叉路口內","柏油","乾燥","良好","正常","中央分向島","寛式快慢車道分隔島(50公分以上)","有",26,"未使用",120.294946,23.865207,"彰化縣","大城鄉"
"路口交岔撞","2022",9,23,17,"晴","晨或暮光",70,"三岔路","交叉路口內","柏油","乾燥","良好","正常","中央分向島","寛式快慢車道分隔島(50公分以上)","有",44,"未使用",120.294946,23.865207,"彰化縣","大城鄉"
"路口交岔撞","2022",9,23,17,"晴","晨或暮光",70,"三岔路","交叉路口內","柏油","乾燥","良好","正常","中央分向島","寛式快慢車道分隔島(50公分以上)","有",53,"未使用",120.294946,23.865207,"彰化縣","大城鄉"
"撞橋樑、建築物","2022",9,23,23,"晴","夜間(或隧道、地下道、涵洞)有照明",50,"彎曲路及附近","一般車道(未劃分快慢車道)","柏油","乾燥","良好","無號誌","無","未繪設快慢車道分隔線","有",50,"不明",120.89633,23.83108,"南投縣","魚池鄉"
"撞號誌、標誌桿","2022",9,24,3,"晴","夜間(或隧道、地下道、涵洞)有照明",50,"多岔路","交叉路口內","柏油","乾燥","良好","正常","雙向禁止超車線","未繪設快慢車道分隔線","有",26,"未使用",120.855993,24.577008,"苗栗縣","頭屋鄉"
"撞號誌、標誌桿","2022",9,24,3,"晴","夜間(或隧道、地下道、涵洞)有照明",50,"多岔路","交叉路口內","柏油","乾燥","良好","正常","雙向禁止超車線","未繪設快慢車道分隔線","有",53,"非駕駛人",120.855993,24.577008,"苗栗縣","頭屋鄉"
"撞交通島","2022",9,24,9,"晴","日間自然光線",40,"地下道","慢車道","柏油","乾燥","良好","無號誌","中央分向島","未繪設快慢車道分隔線","無",73,"未使用",120.67321,24.119093,"臺中市","南區"
"其他","2022",9,24,11,"晴","日間自然光線",50,"四岔路","交叉路口內","柏油","乾燥","良好","正常","無","未繪設快慢車道分隔線","無",61,"未使用",120.309496,23.620126,"雲林縣","元長鄉"
"其他","2022",9,24,11,"晴","日間自然光線",50,"四岔路","交叉路口內","柏油","乾燥","良好","正常","無","未繪設快慢車道分隔線","無",82,"非駕駛人",120.309496,23.620126,"雲林縣","元長鄉"
"路口交岔撞","2022",9,24,14,"晴","日間自然光線",60,"四岔路","交叉路口內","柏油","乾燥","良好","無動作","中央分向島","未繪設快慢車道分隔線","有",41,"未使用",120.347782,23.906731,"彰化縣","芳苑鄉"
"路口交岔撞","2022",9,24,14,"晴","日間自然光線",60,"四岔路","交叉路口內","柏油","乾燥","良好","無動作","中央分向島","未繪設快慢車道分隔線","有",52,"未使用",120.347782,23.906731,"彰化縣","芳苑鄉"
"追撞","2022",9,24,16,"晴","日間自然光線",30,"直路","一般車道(未劃分快慢車道)","柏油","乾燥","良好","無號誌","行車分向線","未繪設快慢車道分隔線","有",21,"未使用",121.384599,24.939801,"新北市","三峽區"
"追撞","2022",9,24,16,"晴","日間自然光線",30,"直路","一般車道(未劃分快慢車道)","柏油","乾燥","良好","無號誌","行車分向線","未繪設快慢車道分隔線","有",57,"未使用",121.384599,24.939801,"新北市","三峽區"
"追撞","2022",9,24,16,"晴","日間自然光線",30,"直路","一般車道(未劃分快慢車道)","柏油","乾燥","良好","無號誌","行車分向線","未繪設快慢車道分隔線","有",54,"未使用",121.384599,24.939801,"新北市","三峽區"
"側撞","2022",9,24,17,"晴","日間自然光線",50,"直路","一般車道(未劃分快慢車道)","柏油","乾燥","良好","無號誌","行車分向線","未繪設快慢車道分隔線","有",54,"未使用",120.2972,22.57466,"高雄市","旗津區"
"側撞","2022",9,24,17,"晴","日間自然光線",50,"直路","一般車道(未劃分快慢車道)","柏油","乾燥","良好","無號誌","行車分向線","未繪設快慢車道分隔線","有",18,"未使用",120.2972,22.57466,"高雄市","旗津區"
"側撞","2022",9,24,17,"晴","日間自然光線",50,"直路","一般車道(未劃分快慢車道)","柏油","乾燥","良好","無號誌","行車分向線","未繪設快慢車道分隔線","有",64,"未使用",120.2972,22.57466,"高雄市","旗津區"
"側撞","2022",9,24,17,"晴","日間自然光線",50,"直路","一般車道(未劃分快慢車道)","柏油","乾燥","良好","無號誌","行車分向線","未繪設快慢車道分隔線","有",53,"非駕駛人",120.2972,22.57466,"高雄市","旗津區"
"對撞","2022",9,24,20,"晴","夜間(或隧道、地下道、涵洞)有照明",50,"彎曲路及附近","一般車道(未劃分快慢車道)","柏油","乾燥","良好","無號誌","雙向禁止超車線","未繪設快慢車道分隔線","有",19,"不明",120.613543,23.854096,"彰化縣","田中鎮"
"對撞","2022",9,24,20,"晴","夜間(或隧道、地下道、涵洞)有照明",50,"彎曲路及附近","一般車道(未劃分快慢車道)","柏油","乾燥","良好","無號誌","雙向禁止超車線","未繪設快慢車道分隔線","有",57,"不明",120.613543,23.854096,"彰化縣","田中鎮"
"對撞","2022",9,24,20,"晴","夜間(或隧道、地下道、涵洞)有照明",50,"彎曲路及附近","一般車道(未劃分快慢車道)","柏油","乾燥","良好","無號誌","雙向禁止超車線","未繪設快慢車道分隔線","有",18,"不明",120.613543,23.854096,"彰化縣","田中鎮"
"撞交通島","2022",9,25,6,"雨","日間自然光線",60,"四岔路","交叉路口內","柏油","濕潤","良好","正常","無","未繪設快慢車道分隔線","無",18,"未使用",121.446047,25.193459,"新北市","淡水區"
"衝出路外","2022",9,25,10,"晴","日間自然光線",50,"直路","一般車道(未劃分快慢車道)","柏油","乾燥","良好","無號誌","單向禁止超車線","未繪設快慢車道分隔線","有",18,"未使用",121.015441,23.983899,"南投縣","埔里鎮"
"撞路樹、電桿","2022",9,25,12,"晴","日間自然光線",60,"彎曲路及附近","慢車道","柏油","乾燥","良好","無號誌","雙向禁止超車線","快慢車道分隔線","有",22,"未使用",120.896054,24.482569,"苗栗縣","獅潭鄉"
"撞護欄(樁)","2022",9,25,14,"晴","日間自然光線",60,"彎曲路及附近","機車專用道","柏油","乾燥","良好","無號誌","中央分向島","窄式快慢車道分隔島(附柵欄)","有",16,"未使用",121.00546,24.841965,"新竹縣","竹北市"
"追撞","2022",9,25,14,"陰","日間自然光線",70,"直路","快車道","柏油","乾燥","良好","正常","中央分向島","未繪設快慢車道分隔線","有",41,"未使用",121.60989,24.081092,"花蓮縣","新城鄉"
"追撞","2022",9,25,14,"陰","日間自然光線",70,"直路","快車道","柏油","乾燥","良好","正常","中央分向島","未繪設快慢車道分隔線","有",51,"未使用",121.60989,24.081092,"花蓮縣","新城鄉"
"追撞","2022",9,25,14,"陰","日間自然光線",70,"直路","快車道","柏油","乾燥","良好","正常","中央分向島","未繪設快慢車道分隔線","有",29,"非駕駛人",121.60989,24.081092,"花蓮縣","新城鄉"
"追撞","2022",9,25,16,"晴","晨或暮光",50,"直路","慢車道","柏油","乾燥","良好","無號誌","雙向禁止超車線","快慢車道分隔線","有",55,"未使用",120.507179,23.45675,"嘉義縣","番路鄉"
"追撞","2022",9,25,16,"晴","晨或暮光",50,"直路","慢車道","柏油","乾燥","良好","無號誌","雙向禁止超車線","快慢車道分隔線","有",65,"未使用",120.507179,23.45675,"嘉義縣","番路鄉"
"追撞","2022",9,25,16,"晴","晨或暮光",50,"直路","慢車道","柏油","乾燥","良好","無號誌","雙向禁止超車線","快慢車道分隔線","有",62,"未使用",120.507179,23.45675,"嘉義縣","番路鄉"
"追撞","2022",9,25,16,"晴","晨或暮光",50,"直路","慢車道","柏油","乾燥","良好","無號誌","雙向禁止超車線","快慢車道分隔線","有",6,"未使用",120.507179,23.45675,"嘉義縣","番路鄉"
"穿越道路中","2022",9,25,18,"晴","夜間(或隧道、地下道、涵洞)有照明",60,"三岔路","穿越道附近","柏油","乾燥","良好","正常","無","未繪設快慢車道分隔線","無",63,"未使用",121.280183,24.885637,"桃園市","大溪區"
"穿越道路中","2022",9,25,18,"晴","夜間(或隧道、地下道、涵洞)有照明",60,"三岔路","穿越道附近","柏油","乾燥","良好","正常","無","未繪設快慢車道分隔線","無",25,"未使用",121.280183,24.885637,"桃園市","大溪區"
"穿越道路中","2022",9,25,18,"晴","夜間(或隧道、地下道、涵洞)有照明",60,"三岔路","穿越道附近","柏油","乾燥","良好","正常","無","未繪設快慢車道分隔線","無",25,"未使用",121.280183,24.885637,"桃園市","大溪區"
"側撞","2022",9,25,18,"晴","夜間(或隧道、地下道、涵洞)有照明",50,"三岔路","交叉路口內","柏油","乾燥","良好","正常","中央分向島","快慢車道分隔線","有",76,"不明",120.944474,23.966372,"南投縣","埔里鎮"
"側撞","2022",9,25,18,"晴","夜間(或隧道、地下道、涵洞)有照明",50,"三岔路","交叉路口內","柏油","乾燥","良好","正常","中央分向島","快慢車道分隔線","有",44,"未使用",120.944474,23.966372,"南投縣","埔里鎮"
"衝出路外","2022",9,25,19,"晴","日間自然光線",40,"直路","一般車道(未劃分快慢車道)","柏油","乾燥","良好","無號誌","無","未繪設快慢車道分隔線","有",80,"未使用",120.565499,23.837532,"彰化縣","溪州鄉"
"其他","2022",9,26,4,"雨","夜間(或隧道、地下道、涵洞)有照明",50,"四岔路","交叉路口內","柏油","濕潤","良好","正常","無","未繪設快慢車道分隔線","有",30,"未使用",121.426236,25.030229,"新北市","新莊區"
"其他","2022",9,26,4,"雨","夜間(或隧道、地下道、涵洞)有照明",50,"四岔路","交叉路口內","柏油","濕潤","良好","正常","無","未繪設快慢車道分隔線","有",51,"未使用",121.426236,25.030229,"新北市","新莊區"
"穿越道路中","2022",9,26,8,"晴","日間自然光線",60,"直路","快車道","柏油","乾燥","良好","無號誌","中央分向島","未繪設快慢車道分隔線","有",77,"非駕駛人",121.540403,24.998956,"新北市","泰山區"
"穿越道路中","2022",9,26,8,"晴","日間自然光線",60,"直路","快車道","柏油","乾燥","良好","無號誌","中央分向島","未繪設快慢車道分隔線","有",29,"不明",121.540403,24.998956,"新北市","泰山區"
"穿越道路中","2022",9,26,9,"陰","日間自然光線",50,"四岔路","交叉口附近","柏油","濕潤","良好","正常","中央分向島","未繪設快慢車道分隔線","無",24,"未使用",121.533,25.042103,"臺北市","大安區"
"穿越道路中","2022",9,26,9,"陰","日間自然光線",50,"四岔路","交叉口附近","柏油","濕潤","良好","正常","中央分向島","未繪設快慢車道分隔線","無",85,"非駕駛人",121.533,25.042103,"臺北市","大安區"
"在路上作業中","2022",9,26,9,"晴","日間自然光線",60,"直路","慢車道","柏油","乾燥","良好","無號誌","雙向禁止超車線","快慢車道分隔線","有",55,"非駕駛人",120.269985,22.880089,"高雄市","路竹區"
"在路上作業中","2022",9,26,9,"晴","日間自然光線",60,"直路","慢車道","柏油","乾燥","良好","無號誌","雙向禁止超車線","快慢車道分隔線","有",48,"未使用",120.269985,22.880089,"高雄市","路竹區"
"在路上作業中","2022",9,26,9,"晴","日間自然光線",60,"直路","慢車道","柏油","乾燥","良好","無號誌","雙向禁止超車線","快慢車道分隔線","有",35,"未使用",120.269985,22.880089,"高雄市","路竹區"
"追撞","2022",9,26,10,"晴","日間自然光線",50,"直路","一般車道(未劃分快慢車道)","柏油","乾燥","良好","無號誌","雙向禁止超車線","未繪設快慢車道分隔線","有",58,"未使用",121.363438,25.040718,"桃園市","龜山區"
"追撞","2022",9,26,10,"晴","日間自然光線",50,"直路","一般車道(未劃分快慢車道)","柏油","乾燥","良好","無號誌","雙向禁止超車線","未繪設快慢車道分隔線","有",40,"未使用",121.363438,25.040718,"桃園市","龜山區"
"追撞","2022",9,26,10,"晴","日間自然光線",50,"直路","一般車道(未劃分快慢車道)","柏油","乾燥","良好","無號誌","雙向禁止超車線","未繪設快慢車道分隔線","有",57,"未使用",121.363438,25.040718,"桃園市","龜山區"
"追撞","2022",9,26,10,"晴","日間自然光線",50,"直路","一般車道(未劃分快慢車道)","柏油","乾燥","良好","無號誌","雙向禁止超車線","未繪設快慢車道分隔線","有",88,"非駕駛人",121.363438,25.040718,"桃園市","龜山區"
"追撞","2022",9,26,10,"晴","日間自然光線",50,"直路","一般車道(未劃分快慢車道)","柏油","乾燥","良好","無號誌","雙向禁止超車線","未繪設快慢車道分隔線","有",56,"非駕駛人",121.363438,25.040718,"桃園市","龜山區"
"穿越道路中","2022",9,26,10,"晴","日間自然光線",50,"直路","一般車道(未劃分快慢車道)","柏油","乾燥","良好","無號誌","雙向禁止超車線","未繪設快慢車道分隔線","有",82,"非駕駛人",120.513493,23.599454,"嘉義縣","大林鎮"
"穿越道路中","2022",9,26,10,"晴","日間自然光線",50,"直路","一般車道(未劃分快慢車道)","柏油","乾燥","良好","無號誌","雙向禁止超車線","未繪設快慢車道分隔線","有",33,"未使用",120.513493,23.599454,"嘉義縣","大林鎮"
"衝出路外","2022",9,26,10,"晴","日間自然光線",60,"直路","路肩、路緣","柏油","乾燥","良好","無號誌","雙向禁止超車線","快慢車道分隔線","有",57,"未使用",121.274147,23.208676,"花蓮縣","富里鄉"
"其他","2022",9,26,14,"晴","日間自然光線",50,"三岔路","交叉路口內","柏油","乾燥","良好","正常","雙向禁止超車線","快慢車道分隔線","有",40,"未使用",121.045144,24.907573,"新竹縣","湖口鄉"
"其他","2022",9,26,14,"晴","日間自然光線",50,"三岔路","交叉路口內","柏油","乾燥","良好","正常","雙向禁止超車線","快慢車道分隔線","有",86,"未使用",121.045144,24.907573,"新竹縣","湖口鄉"
"撞護欄(樁)","2022",9,26,22,"雨","夜間(或隧道、地下道、涵洞)無照明",40,"彎曲路及附近","路肩、路緣","柏油","濕潤","不良","無號誌","雙向禁止超車線","未繪設快慢車道分隔線","有",49,"未使用",121.620129,24.156263,"花蓮縣","秀林鄉"
"追撞","2022",9,27,10,"晴","日間自然光線",50,"直路","一般車道(未劃分快慢車道)","柏油","乾燥","良好","無號誌","雙向禁止超車線","未繪設快慢車道分隔線","有",73,"未使用",120.559178,23.817499,"彰化縣","溪州鄉"
"追撞","2022",9,27,10,"晴","日間自然光線",50,"直路","一般車道(未劃分快慢車道)","柏油","乾燥","良好","無號誌","雙向禁止超車線","未繪設快慢車道分隔線","有",59,"未使用",120.559178,23.817499,"彰化縣","溪州鄉"
"其他","2022",9,27,17,"晴","日間自然光線",30,"彎曲路及附近","路肩、路緣","柏油","乾燥","良好","無號誌","無","未繪設快慢車道分隔線","有",52,"不明",120.999068,22.636395,"臺東縣","金峰鄉"
"其他","2022",9,27,17,"晴","日間自然光線",30,"彎曲路及附近","路肩、路緣","柏油","乾燥","良好","無號誌","無","未繪設快慢車道分隔線","有",73,"不明",120.999068,22.636395,"臺東縣","金峰鄉"
"其他","2022",9,27,17,"晴","日間自然光線",30,"彎曲路及附近","路肩、路緣","柏油","乾燥","良好","無號誌","無","未繪設快慢車道分隔線","有",63,"不明",120.999068,22.636395,"臺東縣","金峰鄉"
"穿越道路中","2022",9,27,18,"陰","夜間(或隧道、地下道、涵洞)無照明",50,"三岔路","交叉路口內","柏油","乾燥","良好","正常","無","未繪設快慢車道分隔線","有",50,"未使用",121.323792,23.358753,"花蓮縣","玉里鎮"
"穿越道路中","2022",9,27,18,"陰","夜間(或隧道、地下道、涵洞)無照明",50,"三岔路","交叉路口內","柏油","乾燥","良好","正常","無","未繪設快慢車道分隔線","有",82,"未使用",121.323792,23.358753,"花蓮縣","玉里鎮"
"穿越道路中","2022",9,27,20,"晴","夜間(或隧道、地下道、涵洞)有照明",30,"三岔路","交叉路口內","柏油","乾燥","良好","正常","行車分向線","未繪設快慢車道分隔線","有",38,"未使用",121.443684,25.180083,"新北市","淡水區"
"穿越道路中","2022",9,27,20,"晴","夜間(或隧道、地下道、涵洞)有照明",30,"三岔路","交叉路口內","柏油","乾燥","良好","正常","行車分向線","未繪設快慢車道分隔線","有",11,"非駕駛人",121.443684,25.180083,"新北市","淡水區"
"側撞","2022",9,27,22,"晴","夜間(或隧道、地下道、涵洞)有照明",50,"多岔路","交叉路口內","柏油","乾燥","良好","正常","中央分向島","快慢車道分隔線","無",26,"未使用",120.30152,22.62716,"高雄市","三民區"
"側撞","2022",9,27,22,"晴","夜間(或隧道、地下道、涵洞)有照明",50,"多岔路","交叉路口內","柏油","乾燥","良好","正常","中央分向島","快慢車道分隔線","無",21,"未使用",120.30152,22.62716,"高雄市","三民區"
"側撞","2022",9,27,22,"晴","夜間(或隧道、地下道、涵洞)有照明",50,"多岔路","交叉路口內","柏油","乾燥","良好","正常","中央分向島","快慢車道分隔線","無",21,"未使用",120.30152,22.62716,"高雄市","三民區"
"撞交通島","2022",9,28,2,"晴","夜間(或隧道、地下道、涵洞)有照明",40,"直路","一般車道(未劃分快慢車道)","柏油","乾燥","良好","正常","中央分向島","未繪設快慢車道分隔線","無",27,"未使用",120.308134,22.630856,"高雄市","新興區"
"撞交通島","2022",9,28,2,"晴","夜間(或隧道、地下道、涵洞)有照明",40,"直路","一般車道(未劃分快慢車道)","柏油","乾燥","良好","正常","中央分向島","未繪設快慢車道分隔線","無",111,"",120.308134,22.630856,"高雄市","新興區"
"路口交岔撞","2022",9,28,8,"晴","日間自然光線",30,"四岔路","交叉路口內","柏油","乾燥","良好","無號誌","無","未繪設快慢車道分隔線","無",82,"不明",120.298354,23.656186,"雲林縣","元長鄉"
"路口交岔撞","2022",9,28,8,"晴","日間自然光線",30,"四岔路","交叉路口內","柏油","乾燥","良好","無號誌","無","未繪設快慢車道分隔線","無",70,"未使用",120.298354,23.656186,"雲林縣","元長鄉"
"側撞","2022",9,28,15,"晴","日間自然光線",50,"直路","一般車道(未劃分快慢車道)","柏油","乾燥","良好","無號誌","雙向禁止超車線","未繪設快慢車道分隔線","有",69,"未使用",120.568557,24.281061,"臺中市","清水區"
"側撞","2022",9,28,15,"晴","日間自然光線",50,"直路","一般車道(未劃分快慢車道)","柏油","乾燥","良好","無號誌","雙向禁止超車線","未繪設快慢車道分隔線","有",84,"未使用",120.568557,24.281061,"臺中市","清水區"
"路口交岔撞","2022",9,28,17,"晴","晨或暮光",30,"四岔路","交叉路口內","柏油","乾燥","不良","正常","雙向禁止超車線","未繪設快慢車道分隔線","有",53,"未使用",120.999973,24.898008,"新竹縣","新豐鄉"
"路口交岔撞","2022",9,28,17,"晴","晨或暮光",30,"四岔路","交叉路口內","柏油","乾燥","不良","正常","雙向禁止超車線","未繪設快慢車道分隔線","有",59,"未使用",120.999973,24.898008,"新竹縣","新豐鄉"
"撞護欄(樁)","2022",9,29,2,"晴","夜間(或隧道、地下道、涵洞)無照明",90,"高架道路","減速車道","柏油","乾燥","良好","無號誌","中央分向島","快慢車道分隔線","有",27,"未使用",121.051528,25.027469,"桃園市","觀音區"
"撞護欄(樁)","2022",9,29,2,"晴","夜間(或隧道、地下道、涵洞)無照明",90,"高架道路","減速車道","柏油","乾燥","良好","無號誌","中央分向島","快慢車道分隔線","有",27,"非駕駛人",121.051528,25.027469,"桃園市","觀音區"
"路口交岔撞","2022",9,29,8,"晴","日間自然光線",50,"四岔路","交叉路口內","柏油","乾燥","良好","正常","無","未繪設快慢車道分隔線","無",70,"未使用",120.54128,24.242671,"臺中市","梧棲區"
"路口交岔撞","2022",9,29,8,"晴","日間自然光線",50,"四岔路","交叉路口內","柏油","乾燥","良好","正常","無","未繪設快慢車道分隔線","無",33,"未使用",120.54128,24.242671,"臺中市","梧棲區"
"路口交岔撞","2022",9,29,8,"晴","日間自然光線",50,"四岔路","交叉路口內","柏油","乾燥","良好","正常","無","未繪設快慢車道分隔線","無",7,"非駕駛人",120.54128,24.242671,"臺中市","梧棲區"
"路上翻車、摔倒","2022",9,29,10,"晴","日間自然光線",50,"直路","一般車道(未劃分快慢車道)","柏油","乾燥","良好","無號誌","中央分向島","未繪設快慢車道分隔線","有",39,"不明",121.267097,24.975804,"桃園市","八德區"
"路上翻車、摔倒","2022",9,29,10,"晴","日間自然光線",50,"直路","一般車道(未劃分快慢車道)","柏油","乾燥","良好","無號誌","中央分向島","未繪設快慢車道分隔線","有",65,"不明",121.267097,24.975804,"桃園市","八德區"
"同向擦撞","2022",9,29,11,"晴","日間自然光線",50,"直路","路肩、路緣","柏油","乾燥","不良","無號誌","雙向禁止超車線","快慢車道分隔線","有",29,"未使用",121.397538,23.127541,"臺東縣","成功鎮"
"同向擦撞","2022",9,29,11,"晴","日間自然光線",50,"直路","路肩、路緣","柏油","乾燥","不良","無號誌","雙向禁止超車線","快慢車道分隔線","有",86,"未使用",121.397538,23.127541,"臺東縣","成功鎮"
"側撞","2022",9,29,11,"晴","日間自然光線",50,"多岔路","交叉路口內","柏油","乾燥","良好","正常","無","未繪設快慢車道分隔線","無",40,"不明",121.469971,25.026891,"新北市","板橋區"
"側撞","2022",9,29,11,"晴","日間自然光線",50,"多岔路","交叉路口內","柏油","乾燥","良好","正常","無","未繪設快慢車道分隔線","無",33,"不明",121.469971,25.026891,"新北市","板橋區"
"側撞","2022",9,29,17,"晴","日間自然光線",50,"四岔路","交叉路口內","柏油","乾燥","良好","正常","無","未繪設快慢車道分隔線","無",38,"未使用",120.347695,23.906654,"彰化縣","二林鎮"
"側撞","2022",9,29,17,"晴","日間自然光線",50,"四岔路","交叉路口內","柏油","乾燥","良好","正常","無","未繪設快慢車道分隔線","無",22,"未使用",120.347695,23.906654,"彰化縣","二林鎮"
"側撞","2022",9,29,17,"晴","日間自然光線",50,"四岔路","交叉路口內","柏油","乾燥","良好","正常","無","未繪設快慢車道分隔線","無",20,"未使用",120.347695,23.906654,"彰化縣","二林鎮"
"側撞","2022",9,29,18,"晴","夜間(或隧道、地下道、涵洞)有照明",50,"四岔路","交叉路口內","柏油","乾燥","良好","正常","無","未繪設快慢車道分隔線","無",71,"未使用",120.665645,24.137953,"臺中市","西區"
"側撞","2022",9,29,18,"晴","夜間(或隧道、地下道、涵洞)有照明",50,"四岔路","交叉路口內","柏油","乾燥","良好","正常","無","未繪設快慢車道分隔線","無",32,"未使用",120.665645,24.137953,"臺中市","西區"
"追撞","2022",9,29,21,"晴","夜間(或隧道、地下道、涵洞)有照明",70,"直路","快車道","柏油","乾燥","良好","無號誌","中央分向島","快慢車道分隔線","有",45,"未使用",120.539705,22.636397,"屏東縣","內埔鄉"
"追撞","2022",9,29,21,"晴","夜間(或隧道、地下道、涵洞)有照明",70,"直路","快車道","柏油","乾燥","良好","無號誌","中央分向島","快慢車道分隔線","有",51,"未使用",120.539705,22.636397,"屏東縣","內埔鄉"