"事故類型及型態子類別名稱","發生年度","發生月份","發生日期","發生時間","天候名稱","光線名稱","速限.第1當事者","道路型態子類別名稱","事故位置子類別名稱","路面狀況.路面鋪裝名稱","路面狀況.路面狀態名稱","道路障礙.視距品質名稱","號誌.號誌動作名稱","車道劃分設施.分向設施大類別名稱","車道劃分設施.分道設施.快慢車道間名稱","車道劃分設施.分道設施.路面邊線名稱","當事者事故發生時年齡","行動電話或電腦或其他相類功能裝置名稱","經度","緯度","縣市","鄉鎮"
"追撞","2022",9,29,21,"晴","夜間(或隧道、地下道、涵洞)有照明",70,"直路","快車道","柏油","乾燥","良好","無號誌","中央分向島","快慢車道分隔線","有",53,"未使用",120.539705,22.636397,"屏東縣","內埔鄉"
"追撞","2022",9,29,21,"晴","夜間(或隧道、地下道、涵洞)有照明",70,"直路","快車道","柏油","乾燥","良好","無號誌","中央分向島","快慢車道分隔線","有",37,"未使用",120.539705,22.636397,"屏東縣","內埔鄉"
"追撞","2022",9,29,21,"晴","夜間(或隧道、地下道、涵洞)有照明",70,"直路","快車道","柏油","乾燥","良好","無號誌","中央分向島","快慢車道分隔線","有",36,"未使用",120.539705,22.636397,"屏東縣","內埔鄉"
"路上翻車、摔倒","2022",9,29,21,"晴","夜間(或隧道、地下道、涵洞)有照明",40,"直路","慢車道","柏油","乾燥","良好","無號誌","雙向禁止超車線","快慢車道分隔線","有",53,"不明",120.5456,23.526195,"嘉義縣","竹崎鄉"
"撞路樹、電桿","2022",9,30,1,"晴","夜間(或隧道、地下道、涵洞)有照明",60,"直路","機車優先道","柏油","乾燥","良好","無號誌","雙向禁止超車線","快慢車道分隔線","有",46,"未使用",120.844152,24.612697,"苗栗縣","造橋鄉"
"其他","2022",9,30,2,"晴","夜間(或隧道、地下道、涵洞)有照明",50,"直路","一般車道(未劃分快慢車道)","柏油","乾燥","良好","無號誌","行車分向線","未繪設快慢車道分隔線","有",38,"未使用",120.473308,23.959207,"彰化縣","溪湖鎮"
"其他","2022",9,30,2,"晴","夜間(或隧道、地下道、涵洞)有照明",50,"直路","一般車道(未劃分快慢車道)","柏油","乾燥","良好","無號誌","行車分向線","未繪設快慢車道分隔線","有",84,"非駕駛人",120.473308,23.959207,"彰化縣","溪湖鎮"
"撞護欄(樁)","2022",9,30,2,"晴","夜間(或隧道、地下道、涵洞)有照明",50,"彎曲路及附近","環道匝道","柏油","乾燥","良好","無號誌","無","未繪設快慢車道分隔線","有",36,"不明",120.586108,24.118783,"臺中市","大肚區"
"側撞","2022",9,30,6,"晴","日間自然光線",60,"四岔路","交叉路口內","柏油","乾燥","良好","正常","無","未繪設快慢車道分隔線","無",67,"未使用",120.506219,23.754296,"雲林縣","莿桐鄉"
"側撞","2022",9,30,6,"晴","日間自然光線",60,"四岔路","交叉路口內","柏油","乾燥","良好","正常","無","未繪設快慢車道分隔線","無",27,"未使用",120.506219,23.754296,"雲林縣","莿桐鄉"
"其他","2022",9,30,9,"晴","日間自然光線",40,"彎曲路及附近","一般車道(未劃分快慢車道)","柏油","乾燥","良好","無號誌","雙向禁止超車線","未繪設快慢車道分隔線","有",16,"未使用",121.720231,24.901738,"新北市","坪林區"
"其他","2022",9,30,9,"晴","日間自然光線",40,"彎曲路及附近","一般車道(未劃分快慢車道)","柏油","乾燥","良好","無號誌","雙向禁止超車線","未繪設快慢車道分隔線","有",49,"未使用",121.720231,24.901738,"新北市","坪林區"
"側撞","2022",9,30,11,"晴","日間自然光線",50,"多岔路","交叉路口內","柏油","乾燥","良好","正常","中央分向島","未繪設快慢車道分隔線","無",65,"未使用",120.686252,24.15482,"臺中市","北區"
"側撞","2022",9,30,11,"晴","日間自然光線",50,"多岔路","交叉路口內","柏油","乾燥","良好","正常","中央分向島","未繪設快慢車道分隔線","無",80,"未使用",120.686252,24.15482,"臺中市","北區"
"衝出路外","2022",9,30,12,"晴","日間自然光線",30,"彎曲路及附近","其他","柏油","乾燥","良好","無號誌","無","未繪設快慢車道分隔線","無",81,"不明",120.696853,23.878735,"南投縣","名間鄉"
"路口交岔撞","2022",9,30,14,"晴","日間自然光線",50,"四岔路","交叉路口內","柏油","乾燥","良好","無號誌","無","未繪設快慢車道分隔線","無",79,"未使用",120.668192,24.149007,"臺中市","西區"
"路口交岔撞","2022",9,30,14,"晴","日間自然光線",50,"四岔路","交叉路口內","柏油","乾燥","良好","無號誌","無","未繪設快慢車道分隔線","無",26,"未使用",120.668192,24.149007,"臺中市","西區"
"路口交岔撞","2022",9,30,14,"晴","日間自然光線",50,"四岔路","交叉路口內","柏油","乾燥","良好","無號誌","無","未繪設快慢車道分隔線","無",61,"非駕駛人",120.668192,24.149007,"臺中市","西區"
"路口交岔撞","2022",9,30,14,"晴","日間自然光線",50,"四岔路","交叉路口內","柏油","乾燥","良好","無號誌","無","未繪設快慢車道分隔線","無",87,"非駕駛人",120.668192,24.149007,"臺中市","西區"
"側撞","2022",9,30,15,"晴","日間自然光線",30,"直路","一般車道(未劃分快慢車道)","柏油","乾燥","良好","無號誌","無","未繪設快慢車道分隔線","無",28,"未使用",120.371439,23.52934,"嘉義縣","新港鄉"
"側撞","2022",9,30,15,"晴","日間自然光線",30,"直路","一般車道(未劃分快慢車道)","柏油","乾燥","良好","無號誌","無","未繪設快慢車道分隔線","無",48,"未使用",120.371439,23.52934,"嘉義縣","新港鄉"
"側撞","2022",9,30,15,"晴","日間自然光線",30,"直路","一般車道(未劃分快慢車道)","柏油","乾燥","良好","無號誌","無","未繪設快慢車道分隔線","無",28,"不明",120.371439,23.52934,"嘉義縣","新港鄉"
"穿越道路中","2022",9,30,18,"陰","日間自然光線",50,"三岔路","交叉口附近","柏油","乾燥","良好","無號誌","中央分向島","未繪設快慢車道分隔線","無",89,"非駕駛人",121.536632,25.055477,"臺北市","中山區"
"穿越道路中","2022",9,30,18,"陰","日間自然光線",50,"三岔路","交叉口附近","柏油","乾燥","良好","無號誌","中央分向島","未繪設快慢車道分隔線","無",50,"不明",121.536632,25.055477,"臺北市","中山區"
"其他","2022",9,30,19,"晴","夜間(或隧道、地下道、涵洞)有照明",50,"多岔路","交叉口附近","柏油","乾燥","良好","正常","雙向禁止超車線","快慢車道分隔線","有",63,"不明",120.361965,23.77348,"雲林縣","二崙鄉"
"其他","2022",9,30,19,"晴","夜間(或隧道、地下道、涵洞)有照明",50,"多岔路","交叉口附近","柏油","乾燥","良好","正常","雙向禁止超車線","快慢車道分隔線","有",75,"不明",120.361965,23.77348,"雲林縣","二崙鄉"
"對向通行中","2022",10,1,1,"晴","夜間(或隧道、地下道、涵洞)有照明",50,"直路","一般車道(未劃分快慢車道)","柏油","乾燥","良好","無號誌","雙向禁止超車線","未繪設快慢車道分隔線","無",60,"未使用",120.197885,23.051428,"臺南市","南區"
"對向通行中","2022",10,1,1,"晴","夜間(或隧道、地下道、涵洞)有照明",50,"直路","一般車道(未劃分快慢車道)","柏油","乾燥","良好","無號誌","雙向禁止超車線","未繪設快慢車道分隔線","無",67,"未使用",120.197885,23.051428,"臺南市","南區"
"對向通行中","2022",10,1,1,"晴","夜間(或隧道、地下道、涵洞)有照明",50,"直路","一般車道(未劃分快慢車道)","柏油","乾燥","良好","無號誌","雙向禁止超車線","未繪設快慢車道分隔線","無",69,"未使用",120.197885,23.051428,"臺南市","南區"
"對向通行中","2022",10,1,1,"晴","夜間(或隧道、地下道、涵洞)有照明",50,"直路","一般車道(未劃分快慢車道)","柏油","乾燥","良好","無號誌","雙向禁止超車線","未繪設快慢車道分隔線","無",69,"未使用",120.197885,23.051428,"臺南市","南區"
"對向通行中","2022",10,1,1,"晴","夜間(或隧道、地下道、涵洞)有照明",50,"直路","一般車道(未劃分快慢車道)","柏油","乾燥","良好","無號誌","雙向禁止超車線","未繪設快慢車道分隔線","無",59,"未使用",120.197885,23.051428,"臺南市","南區"
"其他","2022",10,1,4,"晴","夜間(或隧道、地下道、涵洞)有照明",50,"四岔路","交叉口附近","柏油","乾燥","良好","無號誌","雙向禁止超車線","未繪設快慢車道分隔線","有",16,"不明",120.491191,24.146925,"彰化縣","伸港鄉"
"其他","2022",10,1,4,"晴","夜間(或隧道、地下道、涵洞)有照明",50,"四岔路","交叉口附近","柏油","乾燥","良好","無號誌","雙向禁止超車線","未繪設快慢車道分隔線","有",48,"不明",120.491191,24.146925,"彰化縣","伸港鄉"
"對撞","2022",10,1,8,"晴","日間自然光線",30,"彎曲路及附近","一般車道(未劃分快慢車道)","柏油","乾燥","良好","無號誌","無","未繪設快慢車道分隔線","有",46,"未使用",121.73237,24.752629,"宜蘭縣","宜蘭市"
"對撞","2022",10,1,8,"晴","日間自然光線",30,"彎曲路及附近","一般車道(未劃分快慢車道)","柏油","乾燥","良好","無號誌","無","未繪設快慢車道分隔線","有",54,"未使用",121.73237,24.752629,"宜蘭縣","宜蘭市"
"衝出路外","2022",10,1,10,"晴","日間自然光線",60,"直路","路肩、路緣","柏油","乾燥","良好","無號誌","中央分向島","快慢車道分隔線","有",18,"未使用",120.72336,24.289188,"臺中市","后里區"
"側撞","2022",10,1,13,"晴","日間自然光線",50,"四岔路","交叉路口內","柏油","乾燥","良好","正常","中央分向島","未繪設快慢車道分隔線","無",60,"未使用",121.492088,25.032897,"臺北市","萬華區"
"側撞","2022",10,1,13,"晴","日間自然光線",50,"四岔路","交叉路口內","柏油","乾燥","良好","正常","中央分向島","未繪設快慢車道分隔線","無",76,"未使用",121.492088,25.032897,"臺北市","萬華區"
"同向擦撞","2022",10,1,14,"晴","日間自然光線",50,"四岔路","交叉口附近","柏油","乾燥","良好","無號誌","雙向禁止超車線","未繪設快慢車道分隔線","無",16,"未使用",120.703152,24.14814,"臺中市","太平區"
"同向擦撞","2022",10,1,14,"晴","日間自然光線",50,"四岔路","交叉口附近","柏油","乾燥","良好","無號誌","雙向禁止超車線","未繪設快慢車道分隔線","無",39,"未使用",120.703152,24.14814,"臺中市","太平區"
"同向擦撞","2022",10,1,14,"晴","日間自然光線",50,"四岔路","交叉口附近","柏油","乾燥","良好","無號誌","雙向禁止超車線","未繪設快慢車道分隔線","無",43,"未使用",120.703152,24.14814,"臺中市","太平區"
"同向擦撞","2022",10,1,14,"晴","日間自然光線",50,"四岔路","交叉口附近","柏油","乾燥","良好","無號誌","雙向禁止超車線","未繪設快慢車道分隔線","無",54,"未使用",120.703152,24.14814,"臺中市","太平區"
"同向擦撞","2022",10,1,14,"晴","日間自然光線",50,"四岔路","交叉口附近","柏油","乾燥","良好","無號誌","雙向禁止超車線","未繪設快慢車道分隔線","無",24,"未使用",120.703152,24.14814,"臺中市","太平區"
"倒車撞","2022",10,1,17,"晴","日間自然光線",50,"四岔路","交叉口附近","柏油","乾燥","良好","正常","無","未繪設快慢車道分隔線","無",91,"未使用",121.365408,25.055846,"桃園市","龜山區"
"倒車撞","2022",10,1,17,"晴","日間自然光線",50,"四岔路","交叉口附近","柏油","乾燥","良好","正常","無","未繪設快慢車道分隔線","無",22,"未使用",121.365408,25.055846,"桃園市","龜山區"
"倒車撞","2022",10,1,17,"晴","日間自然光線",50,"四岔路","交叉口附近","柏油","乾燥","良好","正常","無","未繪設快慢車道分隔線","無",21,"未使用",121.365408,25.055846,"桃園市","龜山區"
"倒車撞","2022",10,1,17,"晴","日間自然光線",50,"四岔路","交叉口附近","柏油","乾燥","良好","正常","無","未繪設快慢車道分隔線","無",49,"非駕駛人",121.365408,25.055846,"桃園市","龜山區"
"倒車撞","2022",10,1,17,"晴","日間自然光線",50,"四岔路","交叉口附近","柏油","乾燥","良好","正常","無","未繪設快慢車道分隔線","無",12,"非駕駛人",121.365408,25.055846,"桃園市","龜山區"
"倒車撞","2022",10,1,17,"晴","日間自然光線",50,"四岔路","交叉口附近","柏油","乾燥","良好","正常","無","未繪設快慢車道分隔線","無",39,"非駕駛人",121.365408,25.055846,"桃園市","龜山區"
"倒車撞","2022",10,1,17,"晴","日間自然光線",50,"四岔路","交叉口附近","柏油","乾燥","良好","正常","無","未繪設快慢車道分隔線","無",56,"非駕駛人",121.365408,25.055846,"桃園市","龜山區"
"倒車撞","2022",10,1,17,"晴","日間自然光線",50,"四岔路","交叉口附近","柏油","乾燥","良好","正常","無","未繪設快慢車道分隔線","無",28,"非駕駛人",121.365408,25.055846,"桃園市","龜山區"
"穿越道路中","2022",10,1,18,"晴","夜間(或隧道、地下道、涵洞)有照明",40,"直路","一般車道(未劃分快慢車道)","柏油","乾燥","良好","無號誌","雙向禁止超車線","未繪設快慢車道分隔線","有",50,"未使用",121.016938,24.918334,"新竹縣","新豐鄉"
"穿越道路中","2022",10,1,18,"晴","夜間(或隧道、地下道、涵洞)有照明",40,"直路","一般車道(未劃分快慢車道)","柏油","乾燥","良好","無號誌","雙向禁止超車線","未繪設快慢車道分隔線","有",86,"非駕駛人",121.016938,24.918334,"新竹縣","新豐鄉"
"側撞","2022",10,2,3,"晴","夜間(或隧道、地下道、涵洞)有照明",50,"四岔路","交叉路口內","柏油","乾燥","良好","無號誌","無","未繪設快慢車道分隔線","無",31,"不明",121.242367,25.067052,"桃園市","大園區"
"側撞","2022",10,2,3,"晴","夜間(或隧道、地下道、涵洞)有照明",50,"四岔路","交叉路口內","柏油","乾燥","良好","無號誌","無","未繪設快慢車道分隔線","無",32,"未使用",121.242367,25.067052,"桃園市","大園區"
"追撞","2022",10,2,7,"晴","日間自然光線",50,"直路","一般車道(未劃分快慢車道)","柏油","乾燥","良好","無號誌","中央分向島","未繪設快慢車道分隔線","有",33,"未使用",121.662345,25.065799,"新北市","汐止區"
"追撞","2022",10,2,7,"晴","日間自然光線",50,"直路","一般車道(未劃分快慢車道)","柏油","乾燥","良好","無號誌","中央分向島","未繪設快慢車道分隔線","有",54,"未使用",121.662345,25.065799,"新北市","汐止區"
"側撞","2022",10,2,8,"晴","日間自然光線",30,"三岔路","交叉路口內","柏油","乾燥","良好","無號誌","無","未繪設快慢車道分隔線","無",71,"不明",120.74796,24.609083,"苗栗縣","後龍鎮"
"側撞","2022",10,2,8,"晴","日間自然光線",30,"三岔路","交叉路口內","柏油","乾燥","良好","無號誌","無","未繪設快慢車道分隔線","無",41,"不明",120.74796,24.609083,"苗栗縣","後龍鎮"
"側撞","2022",10,2,8,"晴","日間自然光線",50,"三岔路","交叉路口內","柏油","乾燥","良好","正常","無","未繪設快慢車道分隔線","無",73,"未使用",121.059998,24.966407,"桃園市","新屋區"
"側撞","2022",10,2,8,"晴","日間自然光線",50,"三岔路","交叉路口內","柏油","乾燥","良好","正常","無","未繪設快慢車道分隔線","無",34,"未使用",121.059998,24.966407,"桃園市","新屋區"
"同向擦撞","2022",10,3,8,"晴","日間自然光線",60,"直路","一般車道(未劃分快慢車道)","柏油","乾燥","良好","無號誌","雙向禁止超車線","未繪設快慢車道分隔線","有",27,"不明",121.098908,24.819431,"新竹縣","新埔鎮"
"同向擦撞","2022",10,3,8,"晴","日間自然光線",60,"直路","一般車道(未劃分快慢車道)","柏油","乾燥","良好","無號誌","雙向禁止超車線","未繪設快慢車道分隔線","有",67,"未使用",121.098908,24.819431,"新竹縣","新埔鎮"
"同向擦撞","2022",10,3,8,"晴","日間自然光線",60,"直路","一般車道(未劃分快慢車道)","柏油","乾燥","良好","無號誌","雙向禁止超車線","未繪設快慢車道分隔線","有",59,"未使用",121.098908,24.819431,"新竹縣","新埔鎮"
"同向擦撞","2022",10,3,8,"晴","日間自然光線",60,"直路","一般車道(未劃分快慢車道)","柏油","乾燥","良好","無號誌","雙向禁止超車線","未繪設快慢車道分隔線","有",47,"不明",121.098908,24.819431,"新竹縣","新埔鎮"
"追撞","2022",10,3,9,"晴","日間自然光線",50,"直路","一般車道(未劃分快慢車道)","柏油","乾燥","良好","無號誌","雙向禁止超車線","未繪設快慢車道分隔線","有",44,"不明",120.195372,23.524988,"雲林縣","水林鄉"
"追撞","2022",10,3,9,"晴","日間自然光線",50,"直路","一般車道(未劃分快慢車道)","柏油","乾燥","良好","無號誌","雙向禁止超車線","未繪設快慢車道分隔線","有",73,"不明",120.195372,23.524988,"雲林縣","水林鄉"
"穿越道路中","2022",10,3,16,"晴","日間自然光線",50,"直路","一般車道(未劃分快慢車道)","柏油","乾燥","良好","無號誌","雙向禁止超車線","未繪設快慢車道分隔線","無",85,"非駕駛人",121.502361,25.038254,"臺北市","萬華區"
"穿越道路中","2022",10,3,16,"晴","日間自然光線",50,"直路","一般車道(未劃分快慢車道)","柏油","乾燥","良好","無號誌","雙向禁止超車線","未繪設快慢車道分隔線","無",39,"未使用",121.502361,25.038254,"臺北市","萬華區"
"側撞","2022",10,3,17,"晴","晨或暮光",70,"三岔路","交叉路口內","柏油","乾燥","良好","無號誌","無","未繪設快慢車道分隔線","無",50,"未使用",120.415598,24.053267,"彰化縣","福興鄉"
"側撞","2022",10,3,17,"晴","晨或暮光",70,"三岔路","交叉路口內","柏油","乾燥","良好","無號誌","無","未繪設快慢車道分隔線","無",72,"未使用",120.415598,24.053267,"彰化縣","福興鄉"
"同向擦撞","2022",10,3,19,"晴","夜間(或隧道、地下道、涵洞)有照明",50,"直路","一般車道(未劃分快慢車道)","柏油","乾燥","良好","正常","中央分向島","未繪設快慢車道分隔線","有",39,"未使用",121.743023,25.121696,"基隆市","仁愛區"
"同向擦撞","2022",10,3,19,"晴","夜間(或隧道、地下道、涵洞)有照明",50,"直路","一般車道(未劃分快慢車道)","柏油","乾燥","良好","正常","中央分向島","未繪設快慢車道分隔線","有",26,"不明",121.743023,25.121696,"基隆市","仁愛區"
"撞路樹、電桿","2022",10,3,20,"晴","夜間(或隧道、地下道、涵洞)有照明",30,"直路","一般車道(未劃分快慢車道)","柏油","乾燥","良好","無號誌","無","未繪設快慢車道分隔線","無",43,"不明",120.311832,23.130632,"臺南市","善化區"
"撞護欄(樁)","2022",10,4,10,"晴","日間自然光線",40,"直路","一般車道(未劃分快慢車道)","柏油","乾燥","良好","無號誌","雙向禁止超車線","未繪設快慢車道分隔線","有",58,"未使用",121.482624,25.146897,"臺北市","北投區"
"佇立路邊(外)","2022",10,4,11,"晴","日間自然光線",50,"直路","路肩、路緣","柏油","乾燥","良好","無號誌","單向禁止超車線","未繪設快慢車道分隔線","有",49,"未使用",120.210838,23.721924,"雲林縣","臺西鄉"
"佇立路邊(外)","2022",10,4,11,"晴","日間自然光線",50,"直路","路肩、路緣","柏油","乾燥","良好","無號誌","單向禁止超車線","未繪設快慢車道分隔線","有",64,"非駕駛人",120.210838,23.721924,"雲林縣","臺西鄉"
"側撞","2022",10,5,14,"晴","日間自然光線",30,"四岔路","交叉路口內","柏油","乾燥","良好","正常","雙向禁止超車線","未繪設快慢車道分隔線","無",48,"未使用",120.306787,22.649951,"高雄市","三民區"
"側撞","2022",10,5,14,"晴","日間自然光線",30,"四岔路","交叉路口內","柏油","乾燥","良好","正常","雙向禁止超車線","未繪設快慢車道分隔線","無",66,"未使用",120.306787,22.649951,"高雄市","三民區"
"路上翻車、摔倒","2022",10,5,17,"晴","日間自然光線",40,"直路","一般車道(未劃分快慢車道)","柏油","乾燥","良好","無號誌","中央分向島","未繪設快慢車道分隔線","有",28,"未使用",121.405423,24.946427,"新北市","三峽區"
"路口交岔撞","2022",10,5,18,"晴","夜間(或隧道、地下道、涵洞)有照明",50,"四岔路","交叉路口內","柏油","乾燥","良好","正常","無","未繪設快慢車道分隔線","無",67,"未使用",121.111761,24.993124,"桃園市","觀音區"
"路口交岔撞","2022",10,5,18,"晴","夜間(或隧道、地下道、涵洞)有照明",50,"四岔路","交叉路口內","柏油","乾燥","良好","正常","無","未繪設快慢車道分隔線","無",45,"不明",121.111761,24.993124,"桃園市","觀音區"
"撞交通島","2022",10,5,23,"晴","夜間(或隧道、地下道、涵洞)有照明",60,"直路","快車道","柏油","乾燥","良好","無號誌","中央分向島","快慢車道分隔線","有",38,"未使用",120.651545,24.449074,"苗栗縣","苑裡鎮"
"撞交通島","2022",10,5,23,"晴","夜間(或隧道、地下道、涵洞)有照明",60,"直路","快車道","柏油","乾燥","良好","無號誌","中央分向島","快慢車道分隔線","有",42,"未使用",120.651545,24.449074,"苗栗縣","苑裡鎮"
"側撞","2022",10,5,23,"雨","夜間(或隧道、地下道、涵洞)有照明",50,"四岔路","交叉路口內","柏油","濕潤","不良","正常","無","未繪設快慢車道分隔線","無",20,"不明",121.324352,24.952535,"桃園市","八德區"
"側撞","2022",10,5,23,"雨","夜間(或隧道、地下道、涵洞)有照明",50,"四岔路","交叉路口內","柏油","濕潤","不良","正常","無","未繪設快慢車道分隔線","無",27,"不明",121.324352,24.952535,"桃園市","八德區"
"撞交通島","2022",10,6,3,"晴","夜間(或隧道、地下道、涵洞)有照明",50,"直路","快車道","柏油","乾燥","良好","無號誌","中央分向島","未繪設快慢車道分隔線","有",19,"未使用",120.418105,22.78076,"高雄市","燕巢區"
"撞交通島","2022",10,6,3,"晴","夜間(或隧道、地下道、涵洞)有照明",50,"直路","快車道","柏油","乾燥","良好","無號誌","中央分向島","未繪設快慢車道分隔線","有",111,"",120.418105,22.78076,"高雄市","燕巢區"
"撞交通島","2022",10,6,3,"晴","夜間(或隧道、地下道、涵洞)有照明",50,"直路","快車道","柏油","乾燥","良好","無號誌","中央分向島","未繪設快慢車道分隔線","有",21,"非駕駛人",120.418105,22.78076,"高雄市","燕巢區"
"穿越道路中","2022",10,6,13,"晴","日間自然光線",30,"四岔路","交叉口附近","柏油","乾燥","良好","無號誌","無","未繪設快慢車道分隔線","無",25,"未使用",121.081308,24.744692,"新竹縣","竹東鎮"
"穿越道路中","2022",10,6,13,"晴","日間自然光線",30,"四岔路","交叉口附近","柏油","乾燥","良好","無號誌","無","未繪設快慢車道分隔線","無",74,"非駕駛人",121.081308,24.744692,"新竹縣","竹東鎮"
"側撞","2022",10,6,18,"晴","夜間(或隧道、地下道、涵洞)有照明",40,"四岔路","交叉路口內","柏油","乾燥","良好","正常","無","未繪設快慢車道分隔線","無",66,"未使用",120.3088,22.64514,"高雄市","三民區"
"側撞","2022",10,6,18,"晴","夜間(或隧道、地下道、涵洞)有照明",40,"四岔路","交叉路口內","柏油","乾燥","良好","正常","無","未繪設快慢車道分隔線","無",43,"未使用",120.3088,22.64514,"高雄市","三民區"
"其他","2022",10,6,20,"雨","夜間(或隧道、地下道、涵洞)有照明",40,"直路","慢車道","柏油","濕潤","良好","無號誌","中央分向島","快慢車道分隔線","無",72,"未使用",121.583894,25.068757,"臺北市","內湖區"
"撞交通島","2022",10,7,2,"晴","日間自然光線",50,"三岔路","交通島(含槽化線)","柏油","乾燥","良好","正常","中央分向島","寛式快慢車道分隔島(50公分以上)","有",63,"未使用",120.665806,24.468781,"苗栗縣","通霄鎮"
"追撞","2022",10,7,7,"雨","日間自然光線",50,"三岔路","交叉路口內","柏油","濕潤","良好","無號誌","雙向禁止超車線","未繪設快慢車道分隔線","無",20,"未使用",121.482208,25.205684,"新北市","淡水區"
"追撞","2022",10,7,7,"雨","日間自然光線",50,"三岔路","交叉路口內","柏油","濕潤","良好","無號誌","雙向禁止超車線","未繪設快慢車道分隔線","無",66,"未使用",121.482208,25.205684,"新北市","淡水區"
"對撞","2022",10,7,13,"晴","日間自然光線",50,"直路","一般車道(未劃分快慢車道)","柏油","乾燥","良好","無號誌","行車分向線","未繪設快慢車道分隔線","有",34,"未使用",120.291614,23.271546,"臺南市","柳營區"
"對撞","2022",10,7,13,"晴","日間自然光線",50,"直路","一般車道(未劃分快慢車道)","柏油","乾燥","良好","無號誌","行車分向線","未繪設快慢車道分隔線","有",63,"未使用",120.291614,23.271546,"臺南市","柳營區"
"穿越道路中","2022",10,7,19,"晴","夜間(或隧道、地下道、涵洞)無照明",50,"三岔路","交叉路口內","柏油","乾燥","不良","正常","中央分向島","未繪設快慢車道分隔線","有",89,"非駕駛人",120.714412,22.080421,"屏東縣","車城鄉"
"穿越道路中","2022",10,7,19,"晴","夜間(或隧道、地下道、涵洞)無照明",50,"三岔路","交叉路口內","柏油","乾燥","不良","正常","中央分向島","未繪設快慢車道分隔線","有",26,"未使用",120.714412,22.080421,"屏東縣","車城鄉"
"側撞","2022",10,8,6,"晴","日間自然光線",50,"四岔路","交叉路口內","柏油","乾燥","良好","正常","中央分向島","未繪設快慢車道分隔線","無",49,"未使用",120.308804,22.661076,"高雄市","左營區"
"側撞","2022",10,8,6,"晴","日間自然光線",50,"四岔路","交叉路口內","柏油","乾燥","良好","正常","中央分向島","未繪設快慢車道分隔線","無",18,"不明",120.308804,22.661076,"高雄市","左營區"
"撞護欄(樁)","2022",10,8,13,"陰","日間自然光線",30,"直路","一般車道(未劃分快慢車道)","柏油","乾燥","良好","無號誌","無","未繪設快慢車道分隔線","無",64,"未使用",120.366388,22.811855,"高雄市","燕巢區"
"撞護欄(樁)","2022",10,8,13,"陰","日間自然光線",30,"直路","一般車道(未劃分快慢車道)","柏油","乾燥","良好","無號誌","無","未繪設快慢車道分隔線","無",111,"",120.366388,22.811855,"高雄市","燕巢區"
"路口交岔撞","2022",10,8,14,"陰","日間自然光線",30,"四岔路","交叉路口內","柏油","乾燥","良好","無號誌","無","未繪設快慢車道分隔線","無",48,"未使用",120.38761,22.516554,"高雄市","林園區"
"路口交岔撞","2022",10,8,14,"陰","日間自然光線",30,"四岔路","交叉路口內","柏油","乾燥","良好","無號誌","無","未繪設快慢車道分隔線","無",53,"未使用",120.38761,22.516554,"高雄市","林園區"
"撞路樹、電桿","2022",10,8,15,"晴","日間自然光線",60,"四岔路","交叉路口內","柏油","乾燥","良好","正常","無","未繪設快慢車道分隔線","有",33,"未使用",120.798507,24.583936,"苗栗縣","苗栗市"
"撞路樹、電桿","2022",10,8,15,"晴","日間自然光線",60,"四岔路","交叉路口內","柏油","乾燥","良好","正常","無","未繪設快慢車道分隔線","有",64,"非駕駛人",120.798507,24.583936,"苗栗縣","苗栗市"
"側撞","2022",10,8,16,"晴","日間自然光線",50,"四岔路","交叉路口內","柏油","乾燥","良好","正常","無","未繪設快慢車道分隔線","無",45,"未使用",120.283601,23.194372,"臺南市","麻豆區"
"側撞","2022",10,8,16,"晴","日間自然光線",50,"四岔路","交叉路口內","柏油","乾燥","良好","正常","無","未繪設快慢車道分隔線","無",28,"未使用",120.283601,23.194372,"臺南市","麻豆區"
"撞路樹、電桿","2022",10,9,2,"雨","夜間(或隧道、地下道、涵洞)有照明",40,"直路","慢車道","柏油","泥濘","良好","無號誌","行車分向線","快慢車道分隔線","有",18,"未使用",120.377587,22.491233,"高雄市","林園區"
"撞路樹、電桿","2022",10,9,2,"雨","夜間(或隧道、地下道、涵洞)有照明",40,"直路","慢車道","柏油","泥濘","良好","無號誌","行車分向線","快慢車道分隔線","有",111,"",120.377587,22.491233,"高雄市","林園區"
"衝出路外","2022",10,9,8,"晴","日間自然光線",40,"直路","慢車道","柏油","乾燥","良好","無號誌","中央分向島","快慢車道分隔線","有",38,"不明",120.872315,24.726642,"苗栗縣","竹南鎮"
"側撞","2022",10,9,13,"晴","日間自然光線",40,"直路","一般車道(未劃分快慢車道)","柏油","乾燥","良好","無號誌","雙向禁止超車線","未繪設快慢車道分隔線","有",26,"未使用",121.041761,23.997706,"南投縣","埔里鎮"
"側撞","2022",10,9,13,"晴","日間自然光線",40,"直路","一般車道(未劃分快慢車道)","柏油","乾燥","良好","無號誌","雙向禁止超車線","未繪設快慢車道分隔線","有",28,"未使用",121.041761,23.997706,"南投縣","埔里鎮"
"側撞","2022",10,9,13,"晴","日間自然光線",40,"直路","一般車道(未劃分快慢車道)","柏油","乾燥","良好","無號誌","雙向禁止超車線","未繪設快慢車道分隔線","有",24,"未使用",121.041761,23.997706,"南投縣","埔里鎮"
"路口交岔撞","2022",10,9,16,"晴","日間自然光線",50,"四岔路","交叉路口內","柏油","乾燥","良好","正常","無","未繪設快慢車道分隔線","無",16,"未使用",120.717905,24.168042,"臺中市","北屯區"