"事故類型及型態子類別名稱","發生年度","發生月份","發生日期","發生時間","天候名稱","光線名稱","速限.第1當事者","道路型態子類別名稱","事故位置子類別名稱","路面狀況.路面鋪裝名稱","路面狀況.路面狀態名稱","道路障礙.視距品質名稱","號誌.號誌動作名稱","車道劃分設施.分向設施大類別名稱","車道劃分設施.分道設施.快慢車道間名稱","車道劃分設施.分道設施.路面邊線名稱","當事者事故發生時年齡","行動電話或電腦或其他相類功能裝置名稱","經度","緯度","縣市","鄉鎮"
"路上翻車、摔倒","2022",10,31,8,"晴","日間自然光線",50,"直路","一般車道(未劃分快慢車道)","柏油","乾燥","良好","無號誌","中央分向島","未繪設快慢車道分隔線","無",34,"未使用",120.686517,24.199201,"臺中市","北屯區"
"撞路樹、電桿","2022",10,31,12,"雨","日間自然光線",70,"直路","交通島(含槽化線)","柏油","濕潤","良好","無號誌","中央分向島","快慢車道分隔線","有",34,"不明",121.377341,23.541756,"花蓮縣","瑞穗鄉"
"衝出路外","2022",10,31,14,"雨","日間自然光線",50,"彎曲路及附近","其他","柏油","濕潤","良好","無號誌","行車分向線","快慢車道分隔線","有",56,"不明",119.65694,23.580405,"澎湖縣","湖西鄉"
"側撞","2022",10,31,15,"雨","日間自然光線",60,"四岔路","交叉路口內","柏油","濕潤","良好","正常","無","未繪設快慢車道分隔線","無",63,"不明",120.132957,23.187797,"臺南市","七股區"
"側撞","2022",10,31,15,"雨","日間自然光線",60,"四岔路","交叉路口內","柏油","濕潤","良好","正常","無","未繪設快慢車道分隔線","無",66,"未使用",120.132957,23.187797,"臺南市","七股區"
"穿越道路中","2022",10,31,17,"雨","夜間(或隧道、地下道、涵洞)有照明",50,"三岔路","交叉路口內","柏油","濕潤","良好","無號誌","無","未繪設快慢車道分隔線","無",50,"未使用",120.165502,23.045144,"臺南市","南區"
"穿越道路中","2022",10,31,17,"雨","夜間(或隧道、地下道、涵洞)有照明",50,"三岔路","交叉路口內","柏油","濕潤","良好","無號誌","無","未繪設快慢車道分隔線","無",75,"非駕駛人",120.165502,23.045144,"臺南市","南區"
"對向擦撞","2022",10,31,17,"雨","夜間(或隧道、地下道、涵洞)有照明",50,"四岔路","交叉路口內","柏油","濕潤","不良","無號誌","無","未繪設快慢車道分隔線","無",31,"不明",120.289337,23.761479,"雲林縣","麥寮鄉"
"對向擦撞","2022",10,31,17,"雨","夜間(或隧道、地下道、涵洞)有照明",50,"四岔路","交叉路口內","柏油","濕潤","不良","無號誌","無","未繪設快慢車道分隔線","無",33,"不明",120.289337,23.761479,"雲林縣","麥寮鄉"
"對向擦撞","2022",10,31,17,"雨","夜間(或隧道、地下道、涵洞)有照明",50,"四岔路","交叉路口內","柏油","濕潤","不良","無號誌","無","未繪設快慢車道分隔線","無",45,"不明",120.289337,23.761479,"雲林縣","麥寮鄉"
"其他","2022",10,31,17,"雨","夜間(或隧道、地下道、涵洞)有照明",50,"三岔路","交叉口附近","柏油","濕潤","良好","正常","雙向禁止超車線","未繪設快慢車道分隔線","有",67,"未使用",120.209289,23.029086,"臺南市","南區"
"其他","2022",10,31,17,"雨","夜間(或隧道、地下道、涵洞)有照明",50,"三岔路","交叉口附近","柏油","濕潤","良好","正常","雙向禁止超車線","未繪設快慢車道分隔線","有",35,"不明",120.209289,23.029086,"臺南市","南區"
"其他","2022",10,31,17,"雨","夜間(或隧道、地下道、涵洞)有照明",50,"三岔路","交叉口附近","柏油","濕潤","良好","正常","雙向禁止超車線","未繪設快慢車道分隔線","有",23,"未使用",120.209289,23.029086,"臺南市","南區"
"其他","2022",10,31,17,"雨","夜間(或隧道、地下道、涵洞)有照明",50,"三岔路","交叉口附近","柏油","濕潤","良好","正常","雙向禁止超車線","未繪設快慢車道分隔線","有",23,"非駕駛人",120.209289,23.029086,"臺南市","南區"
"穿越道路中","2022",11,1,5,"雨","日間自然光線",50,"直路","一般車道(未劃分快慢車道)","柏油","濕潤","良好","正常","行車分向線","未繪設快慢車道分隔線","無",38,"未使用",121.495658,25.136603,"臺北市","北投區"
"穿越道路中","2022",11,1,5,"雨","日間自然光線",50,"直路","一般車道(未劃分快慢車道)","柏油","濕潤","良好","正常","行車分向線","未繪設快慢車道分隔線","無",77,"非駕駛人",121.495658,25.136603,"臺北市","北投區"
"側撞","2022",11,1,6,"晴","日間自然光線",60,"三岔路","交叉路口內","柏油","乾燥","良好","正常","無","未繪設快慢車道分隔線","有",44,"未使用",120.340582,22.708333,"高雄市","仁武區"
"側撞","2022",11,1,6,"晴","日間自然光線",60,"三岔路","交叉路口內","柏油","乾燥","良好","正常","無","未繪設快慢車道分隔線","有",25,"未使用",120.340582,22.708333,"高雄市","仁武區"
"路口交岔撞","2022",11,1,8,"晴","日間自然光線",50,"四岔路","交叉路口內","柏油","乾燥","良好","正常","無","未繪設快慢車道分隔線","無",36,"未使用",120.66068,24.21223,"臺中市","大雅區"
"路口交岔撞","2022",11,1,8,"晴","日間自然光線",50,"四岔路","交叉路口內","柏油","乾燥","良好","正常","無","未繪設快慢車道分隔線","無",63,"未使用",120.66068,24.21223,"臺中市","大雅區"
"追撞","2022",11,1,10,"晴","日間自然光線",50,"三岔路","交叉路口內","柏油","乾燥","良好","正常","無","未繪設快慢車道分隔線","無",79,"未使用",120.203217,23.005032,"臺南市","北區"
"追撞","2022",11,1,10,"晴","日間自然光線",50,"三岔路","交叉路口內","柏油","乾燥","良好","正常","無","未繪設快慢車道分隔線","無",71,"未使用",120.203217,23.005032,"臺南市","北區"
"追撞","2022",11,1,10,"晴","日間自然光線",50,"三岔路","交叉路口內","柏油","乾燥","良好","正常","無","未繪設快慢車道分隔線","無",73,"非駕駛人",120.203217,23.005032,"臺南市","北區"
"側撞","2022",11,1,12,"雨","日間自然光線",50,"三岔路","交叉路口內","柏油","濕潤","良好","正常","無","未繪設快慢車道分隔線","無",42,"不明",121.485198,24.993454,"新北市","中和區"
"側撞","2022",11,1,12,"雨","日間自然光線",50,"三岔路","交叉路口內","柏油","濕潤","良好","正常","無","未繪設快慢車道分隔線","無",36,"未使用",121.485198,24.993454,"新北市","中和區"
"側撞","2022",11,1,12,"雨","日間自然光線",50,"三岔路","交叉路口內","柏油","濕潤","良好","正常","無","未繪設快慢車道分隔線","無",29,"未使用",121.485198,24.993454,"新北市","中和區"
"側撞","2022",11,1,15,"晴","日間自然光線",60,"直路","慢車道","柏油","乾燥","良好","無號誌","無","未繪設快慢車道分隔線","無",50,"未使用",120.365,22.65485,"高雄市","鳥松區"
"側撞","2022",11,1,15,"晴","日間自然光線",60,"直路","慢車道","柏油","乾燥","良好","無號誌","無","未繪設快慢車道分隔線","無",25,"未使用",120.365,22.65485,"高雄市","鳥松區"
"側撞","2022",11,1,17,"晴","日間自然光線",50,"四岔路","交叉路口內","柏油","乾燥","良好","無號誌","無","未繪設快慢車道分隔線","無",77,"未使用",120.701649,24.308872,"臺中市","后里區"
"側撞","2022",11,1,17,"晴","日間自然光線",50,"四岔路","交叉路口內","柏油","乾燥","良好","無號誌","無","未繪設快慢車道分隔線","無",21,"未使用",120.701649,24.308872,"臺中市","后里區"
"側撞","2022",11,1,17,"晴","晨或暮光",20,"直路","一般車道(未劃分快慢車道)","柏油","乾燥","良好","無號誌","無","未繪設快慢車道分隔線","無",68,"非駕駛人",120.276255,23.032688,"臺南市","永康區"
"側撞","2022",11,1,17,"晴","晨或暮光",20,"直路","一般車道(未劃分快慢車道)","柏油","乾燥","良好","無號誌","無","未繪設快慢車道分隔線","無",35,"未使用",120.276255,23.032688,"臺南市","永康區"
"穿越道路中","2022",11,1,21,"雨","夜間(或隧道、地下道、涵洞)有照明",50,"直路","快車道","柏油","濕潤","良好","無號誌","雙向禁止超車線","寛式快慢車道分隔島(50公分以上)","無",52,"不明",121.548683,25.02598,"臺北市","大安區"
"穿越道路中","2022",11,1,21,"雨","夜間(或隧道、地下道、涵洞)有照明",50,"直路","快車道","柏油","濕潤","良好","無號誌","雙向禁止超車線","寛式快慢車道分隔島(50公分以上)","無",54,"非駕駛人",121.548683,25.02598,"臺北市","大安區"
"路上翻車、摔倒","2022",11,2,11,"晴","日間自然光線",30,"直路","一般車道(未劃分快慢車道)","柏油","乾燥","良好","無號誌","無","未繪設快慢車道分隔線","有",58,"未使用",120.557241,22.535083,"屏東縣","潮州鎮"
"側撞","2022",11,2,17,"陰","夜間(或隧道、地下道、涵洞)有照明",70,"三岔路","交叉路口內","柏油","乾燥","良好","正常","無","未繪設快慢車道分隔線","無",46,"未使用",119.602464,23.533748,"澎湖縣","馬公市"
"側撞","2022",11,2,17,"陰","夜間(或隧道、地下道、涵洞)有照明",70,"三岔路","交叉路口內","柏油","乾燥","良好","正常","無","未繪設快慢車道分隔線","無",22,"未使用",119.602464,23.533748,"澎湖縣","馬公市"
"側撞","2022",11,2,17,"陰","夜間(或隧道、地下道、涵洞)有照明",70,"三岔路","交叉路口內","柏油","乾燥","良好","正常","無","未繪設快慢車道分隔線","無",27,"未使用",119.602464,23.533748,"澎湖縣","馬公市"
"穿越道路中","2022",11,2,17,"陰","夜間(或隧道、地下道、涵洞)有照明",50,"四岔路","交叉路口內","柏油","乾燥","良好","正常","無","未繪設快慢車道分隔線","無",62,"未使用",120.346296,23.555768,"嘉義縣","新港鄉"
"穿越道路中","2022",11,2,17,"陰","夜間(或隧道、地下道、涵洞)有照明",50,"四岔路","交叉路口內","柏油","乾燥","良好","正常","無","未繪設快慢車道分隔線","無",85,"非駕駛人",120.346296,23.555768,"嘉義縣","新港鄉"
"其他","2022",11,3,12,"晴","日間自然光線",50,"四岔路","交叉口附近","柏油","乾燥","良好","正常","雙向禁止超車線","未繪設快慢車道分隔線","無",52,"未使用",120.684891,24.163283,"臺中市","北區"
"其他","2022",11,3,12,"晴","日間自然光線",50,"四岔路","交叉口附近","柏油","乾燥","良好","正常","雙向禁止超車線","未繪設快慢車道分隔線","無",43,"未使用",120.684891,24.163283,"臺中市","北區"
"其他","2022",11,3,12,"晴","日間自然光線",50,"四岔路","交叉口附近","柏油","乾燥","良好","正常","雙向禁止超車線","未繪設快慢車道分隔線","無",40,"未使用",120.684891,24.163283,"臺中市","北區"
"其他","2022",11,3,12,"晴","日間自然光線",50,"四岔路","交叉口附近","柏油","乾燥","良好","正常","雙向禁止超車線","未繪設快慢車道分隔線","無",30,"未使用",120.684891,24.163283,"臺中市","北區"
"側撞","2022",11,3,17,"晴","夜間(或隧道、地下道、涵洞)有照明",50,"三岔路","交叉路口內","柏油","乾燥","良好","無號誌","雙向禁止超車線","未繪設快慢車道分隔線","有",51,"不明",120.57686,22.524226,"屏東縣","潮州鎮"
"側撞","2022",11,3,17,"晴","夜間(或隧道、地下道、涵洞)有照明",50,"三岔路","交叉路口內","柏油","乾燥","良好","無號誌","雙向禁止超車線","未繪設快慢車道分隔線","有",24,"不明",120.57686,22.524226,"屏東縣","潮州鎮"
"側撞","2022",11,3,17,"晴","夜間(或隧道、地下道、涵洞)有照明",50,"三岔路","交叉路口內","柏油","乾燥","良好","無號誌","雙向禁止超車線","未繪設快慢車道分隔線","有",25,"不明",120.57686,22.524226,"屏東縣","潮州鎮"
"追撞","2022",11,3,17,"晴","夜間(或隧道、地下道、涵洞)有照明",50,"直路","一般車道(未劃分快慢車道)","柏油","乾燥","良好","無號誌","行車分向線","未繪設快慢車道分隔線","有",50,"不明",121.133334,24.919071,"桃園市","楊梅區"
"追撞","2022",11,3,17,"晴","夜間(或隧道、地下道、涵洞)有照明",50,"直路","一般車道(未劃分快慢車道)","柏油","乾燥","良好","無號誌","行車分向線","未繪設快慢車道分隔線","有",29,"不明",121.133334,24.919071,"桃園市","楊梅區"
"追撞","2022",11,3,17,"晴","夜間(或隧道、地下道、涵洞)有照明",50,"直路","一般車道(未劃分快慢車道)","柏油","乾燥","良好","無號誌","行車分向線","未繪設快慢車道分隔線","有",23,"不明",121.133334,24.919071,"桃園市","楊梅區"
"衝出路外","2022",11,3,22,"晴","夜間(或隧道、地下道、涵洞)有照明",50,"直路","一般車道(未劃分快慢車道)","柏油","乾燥","良好","無號誌","雙向禁止超車線","未繪設快慢車道分隔線","有",29,"不明",119.630843,23.557375,"澎湖縣","湖西鄉"
"衝出路外","2022",11,3,22,"晴","夜間(或隧道、地下道、涵洞)有照明",50,"直路","一般車道(未劃分快慢車道)","柏油","乾燥","良好","無號誌","雙向禁止超車線","未繪設快慢車道分隔線","有",26,"非駕駛人",119.630843,23.557375,"澎湖縣","湖西鄉"
"衝出路外","2022",11,3,22,"晴","夜間(或隧道、地下道、涵洞)有照明",50,"直路","一般車道(未劃分快慢車道)","柏油","乾燥","良好","無號誌","雙向禁止超車線","未繪設快慢車道分隔線","有",4,"非駕駛人",119.630843,23.557375,"澎湖縣","湖西鄉"
"路口交岔撞","2022",11,4,7,"雨","日間自然光線",30,"四岔路","交叉路口內","柏油","濕潤","良好","無號誌","行車分向線","未繪設快慢車道分隔線","有",71,"未使用",121.790562,24.699171,"宜蘭縣","五結鄉"
"路口交岔撞","2022",11,4,7,"雨","日間自然光線",30,"四岔路","交叉路口內","柏油","濕潤","良好","無號誌","行車分向線","未繪設快慢車道分隔線","有",34,"未使用",121.790562,24.699171,"宜蘭縣","五結鄉"
"側撞","2022",11,4,9,"雨","日間自然光線",50,"四岔路","交叉路口內","柏油","濕潤","良好","正常","無","未繪設快慢車道分隔線","無",58,"未使用",121.21052,25.014954,"桃園市","中壢區"
"側撞","2022",11,4,9,"雨","日間自然光線",50,"四岔路","交叉路口內","柏油","濕潤","良好","正常","無","未繪設快慢車道分隔線","無",26,"未使用",121.21052,25.014954,"桃園市","中壢區"
"路口交岔撞","2022",11,4,10,"晴","日間自然光線",50,"多岔路","交叉路口內","柏油","乾燥","良好","無號誌","無","未繪設快慢車道分隔線","有",47,"未使用",120.379104,23.757721,"雲林縣","崙背鄉"
"路口交岔撞","2022",11,4,10,"晴","日間自然光線",50,"多岔路","交叉路口內","柏油","乾燥","良好","無號誌","無","未繪設快慢車道分隔線","有",71,"未使用",120.379104,23.757721,"雲林縣","崙背鄉"
"撞路樹、電桿","2022",11,5,7,"晴","日間自然光線",40,"直路","機車專用道","柏油","乾燥","良好","無號誌","雙向禁止超車線","寛式快慢車道分隔島(50公分以上)","有",55,"未使用",120.3557,22.52871,"高雄市","小港區"
"撞路樹、電桿","2022",11,5,7,"晴","日間自然光線",40,"直路","機車專用道","柏油","乾燥","良好","無號誌","雙向禁止超車線","寛式快慢車道分隔島(50公分以上)","有",111,"",120.3557,22.52871,"高雄市","小港區"
"其他","2022",11,5,9,"晴","日間自然光線",50,"直路","一般車道(未劃分快慢車道)","柏油","乾燥","良好","無號誌","中央分向島","未繪設快慢車道分隔線","無",43,"未使用",121.500815,25.113046,"臺北市","北投區"
"其他","2022",11,5,9,"晴","日間自然光線",50,"直路","一般車道(未劃分快慢車道)","柏油","乾燥","良好","無號誌","中央分向島","未繪設快慢車道分隔線","無",32,"未使用",121.500815,25.113046,"臺北市","北投區"
"對向通行中","2022",11,5,18,"晴","夜間(或隧道、地下道、涵洞)有照明",70,"四岔路","交叉路口內","柏油","乾燥","良好","正常","無","未繪設快慢車道分隔線","無",53,"未使用",121.055765,22.705026,"臺東縣","臺東市"
"對向通行中","2022",11,5,18,"晴","夜間(或隧道、地下道、涵洞)有照明",70,"四岔路","交叉路口內","柏油","乾燥","良好","正常","無","未繪設快慢車道分隔線","無",56,"非駕駛人",121.055765,22.705026,"臺東縣","臺東市"
"對向通行中","2022",11,5,18,"晴","夜間(或隧道、地下道、涵洞)有照明",70,"四岔路","交叉路口內","柏油","乾燥","良好","正常","無","未繪設快慢車道分隔線","無",29,"未使用",121.055765,22.705026,"臺東縣","臺東市"
"側撞","2022",11,5,19,"晴","夜間(或隧道、地下道、涵洞)無照明",60,"三岔路","交叉路口內","柏油","乾燥","良好","無動作","中央分向島","快慢車道分隔線","有",62,"未使用",120.506044,22.660035,"屏東縣","屏東市"
"側撞","2022",11,5,19,"晴","夜間(或隧道、地下道、涵洞)無照明",60,"三岔路","交叉路口內","柏油","乾燥","良好","無動作","中央分向島","快慢車道分隔線","有",31,"未使用",120.506044,22.660035,"屏東縣","屏東市"
"追撞","2022",11,6,1,"晴","夜間(或隧道、地下道、涵洞)無照明",100,"直路","快車道","柏油","乾燥","良好","無號誌","中央分向島","未繪設快慢車道分隔線","有",41,"未使用",121.021892,24.833335,"新竹縣","竹北市"
"追撞","2022",11,6,1,"晴","夜間(或隧道、地下道、涵洞)無照明",100,"直路","快車道","柏油","乾燥","良好","無號誌","中央分向島","未繪設快慢車道分隔線","有",75,"不明",121.021892,24.833335,"新竹縣","竹北市"
"追撞","2022",11,6,1,"晴","夜間(或隧道、地下道、涵洞)無照明",100,"直路","快車道","柏油","乾燥","良好","無號誌","中央分向島","未繪設快慢車道分隔線","有",60,"未使用",121.021892,24.833335,"新竹縣","竹北市"
"側撞","2022",11,6,8,"晴","日間自然光線",50,"四岔路","交叉路口內","柏油","乾燥","良好","正常","無","未繪設快慢車道分隔線","無",75,"未使用",120.680543,24.200708,"臺中市","北屯區"
"側撞","2022",11,6,8,"晴","日間自然光線",50,"四岔路","交叉路口內","柏油","乾燥","良好","正常","無","未繪設快慢車道分隔線","無",25,"未使用",120.680543,24.200708,"臺中市","北屯區"
"同向通行中","2022",11,6,19,"陰","夜間(或隧道、地下道、涵洞)無照明",50,"直路","一般車道(未劃分快慢車道)","柏油","濕潤","良好","無號誌","中央分向島","未繪設快慢車道分隔線","有",47,"未使用",121.221904,23.124655,"臺東縣","池上鄉"
"同向通行中","2022",11,6,19,"陰","夜間(或隧道、地下道、涵洞)無照明",50,"直路","一般車道(未劃分快慢車道)","柏油","濕潤","良好","無號誌","中央分向島","未繪設快慢車道分隔線","有",67,"非駕駛人",121.221904,23.124655,"臺東縣","池上鄉"
"同向通行中","2022",11,6,19,"陰","夜間(或隧道、地下道、涵洞)無照明",50,"直路","一般車道(未劃分快慢車道)","柏油","濕潤","良好","無號誌","中央分向島","未繪設快慢車道分隔線","有",34,"非駕駛人",121.221904,23.124655,"臺東縣","池上鄉"
"穿越道路中","2022",11,6,22,"晴","夜間(或隧道、地下道、涵洞)有照明",50,"四岔路","行人穿越道","柏油","乾燥","良好","正常","無","未繪設快慢車道分隔線","無",40,"未使用",121.292168,25.047347,"桃園市","蘆竹區"
"穿越道路中","2022",11,6,22,"晴","夜間(或隧道、地下道、涵洞)有照明",50,"四岔路","行人穿越道","柏油","乾燥","良好","正常","無","未繪設快慢車道分隔線","無",47,"未使用",121.292168,25.047347,"桃園市","蘆竹區"
"穿越道路中","2022",11,6,22,"晴","夜間(或隧道、地下道、涵洞)有照明",50,"四岔路","行人穿越道","柏油","乾燥","良好","正常","無","未繪設快慢車道分隔線","無",35,"未使用",121.292168,25.047347,"桃園市","蘆竹區"
"路口交岔撞","2022",11,7,7,"晴","日間自然光線",50,"四岔路","交叉路口內","柏油","乾燥","良好","正常","雙向禁止超車線","未繪設快慢車道分隔線","有",65,"未使用",120.273398,22.805942,"高雄市","岡山區"
"路口交岔撞","2022",11,7,7,"晴","日間自然光線",50,"四岔路","交叉路口內","柏油","乾燥","良好","正常","雙向禁止超車線","未繪設快慢車道分隔線","有",38,"未使用",120.273398,22.805942,"高雄市","岡山區"
"路口交岔撞","2022",11,7,10,"晴","日間自然光線",50,"四岔路","交叉路口內","柏油","乾燥","良好","無號誌","無","未繪設快慢車道分隔線","無",78,"未使用",120.365569,23.951556,"彰化縣","芳苑鄉"
"路口交岔撞","2022",11,7,10,"晴","日間自然光線",50,"四岔路","交叉路口內","柏油","乾燥","良好","無號誌","無","未繪設快慢車道分隔線","無",39,"未使用",120.365569,23.951556,"彰化縣","芳苑鄉"
"撞路樹、電桿","2022",11,7,12,"雨","日間自然光線",60,"直路","路肩、路緣","柏油","濕潤","良好","無號誌","雙向禁止超車線","未繪設快慢車道分隔線","有",20,"不明",120.971419,24.688364,"新竹縣","峨眉鄉"
"撞路樹、電桿","2022",11,7,12,"雨","日間自然光線",60,"直路","路肩、路緣","柏油","濕潤","良好","無號誌","雙向禁止超車線","未繪設快慢車道分隔線","有",20,"非駕駛人",120.971419,24.688364,"新竹縣","峨眉鄉"
"追撞","2022",11,7,14,"晴","日間自然光線",40,"三岔路","交叉口附近","柏油","乾燥","良好","無號誌","雙向禁止超車線","未繪設快慢車道分隔線","有",34,"未使用",121.368106,25.026771,"桃園市","龜山區"
"追撞","2022",11,7,14,"晴","日間自然光線",40,"三岔路","交叉口附近","柏油","乾燥","良好","無號誌","雙向禁止超車線","未繪設快慢車道分隔線","有",27,"未使用",121.368106,25.026771,"桃園市","龜山區"
"追撞","2022",11,7,14,"晴","日間自然光線",40,"三岔路","交叉口附近","柏油","乾燥","良好","無號誌","雙向禁止超車線","未繪設快慢車道分隔線","有",62,"未使用",121.368106,25.026771,"桃園市","龜山區"
"側撞","2022",11,8,8,"晴","日間自然光線",50,"三岔路","交叉路口內","柏油","乾燥","良好","正常","無","未繪設快慢車道分隔線","無",30,"未使用",121.368293,25.024911,"桃園市","龜山區"
"側撞","2022",11,8,8,"晴","日間自然光線",50,"三岔路","交叉路口內","柏油","乾燥","良好","正常","無","未繪設快慢車道分隔線","無",35,"未使用",121.368293,25.024911,"桃園市","龜山區"
"側撞","2022",11,8,8,"晴","日間自然光線",50,"三岔路","交叉路口內","柏油","乾燥","良好","正常","無","未繪設快慢車道分隔線","無",33,"不明",121.368293,25.024911,"桃園市","龜山區"
"側撞","2022",11,8,8,"晴","日間自然光線",50,"三岔路","交叉路口內","柏油","乾燥","良好","正常","無","未繪設快慢車道分隔線","無",42,"不明",121.368293,25.024911,"桃園市","龜山區"
"追撞","2022",11,8,9,"晴","日間自然光線",50,"直路","機車優先道","柏油","乾燥","良好","無號誌","中央分向島","快慢車道分隔線","有",26,"未使用",120.281826,23.157212,"臺南市","善化區"
"追撞","2022",11,8,9,"晴","日間自然光線",50,"直路","機車優先道","柏油","乾燥","良好","無號誌","中央分向島","快慢車道分隔線","有",86,"不明",120.281826,23.157212,"臺南市","善化區"
"其他","2022",11,8,9,"雨","日間自然光線",50,"直路","一般車道(未劃分快慢車道)","柏油","濕潤","良好","無號誌","中央分向島","未繪設快慢車道分隔線","無",21,"未使用",120.688871,24.171793,"臺中市","北屯區"
"其他","2022",11,8,9,"雨","日間自然光線",50,"直路","一般車道(未劃分快慢車道)","柏油","濕潤","良好","無號誌","中央分向島","未繪設快慢車道分隔線","無",45,"未使用",120.688871,24.171793,"臺中市","北屯區"
"其他","2022",11,8,9,"雨","日間自然光線",50,"直路","一般車道(未劃分快慢車道)","柏油","濕潤","良好","無號誌","中央分向島","未繪設快慢車道分隔線","無",38,"未使用",120.688871,24.171793,"臺中市","北屯區"
"撞號誌、標誌桿","2022",11,8,9,"雨","日間自然光線",50,"直路","路肩、路緣","柏油","濕潤","良好","無號誌","雙向禁止超車線","快慢車道分隔線","有",39,"不明",121.615787,24.650941,"宜蘭縣","三星鄉"
"穿越道路中","2022",11,8,11,"晴","日間自然光線",50,"四岔路","穿越道附近","柏油","乾燥","良好","正常","中央分向島","快慢車道分隔線","無",41,"未使用",121.122823,24.987643,"桃園市","新屋區"
"穿越道路中","2022",11,8,11,"晴","日間自然光線",50,"四岔路","穿越道附近","柏油","乾燥","良好","正常","中央分向島","快慢車道分隔線","無",86,"非駕駛人",121.122823,24.987643,"桃園市","新屋區"
"側撞","2022",11,8,17,"晴","夜間(或隧道、地下道、涵洞)有照明",50,"三岔路","交叉路口內","柏油","乾燥","良好","無號誌","中央分向島","快慢車道分隔線","有",72,"未使用",120.539208,22.566856,"屏東縣","竹田鄉"
"側撞","2022",11,8,17,"晴","夜間(或隧道、地下道、涵洞)有照明",50,"三岔路","交叉路口內","柏油","乾燥","良好","無號誌","中央分向島","快慢車道分隔線","有",38,"未使用",120.539208,22.566856,"屏東縣","竹田鄉"
"側撞","2022",11,8,17,"晴","夜間(或隧道、地下道、涵洞)有照明",50,"三岔路","交叉路口內","柏油","乾燥","良好","無號誌","中央分向島","快慢車道分隔線","有",56,"非駕駛人",120.539208,22.566856,"屏東縣","竹田鄉"
"側撞","2022",11,8,18,"晴","夜間(或隧道、地下道、涵洞)有照明",50,"直路","慢車道","柏油","乾燥","良好","無號誌","中央分向島","快慢車道分隔線","有",55,"未使用",120.317953,23.102429,"臺南市","新市區"
"側撞","2022",11,8,18,"晴","夜間(或隧道、地下道、涵洞)有照明",50,"直路","慢車道","柏油","乾燥","良好","無號誌","中央分向島","快慢車道分隔線","有",24,"未使用",120.317953,23.102429,"臺南市","新市區"
"穿越道路中","2022",11,8,19,"晴","夜間(或隧道、地下道、涵洞)有照明",50,"直路","一般車道(未劃分快慢車道)","柏油","乾燥","良好","無號誌","行車分向線","未繪設快慢車道分隔線","無",32,"未使用",121.222808,25.007389,"桃園市","中壢區"
"穿越道路中","2022",11,8,19,"晴","夜間(或隧道、地下道、涵洞)有照明",50,"直路","一般車道(未劃分快慢車道)","柏油","乾燥","良好","無號誌","行車分向線","未繪設快慢車道分隔線","無",58,"非駕駛人",121.222808,25.007389,"桃園市","中壢區"
"衝出路外","2022",11,9,2,"陰","夜間(或隧道、地下道、涵洞)有照明",50,"彎曲路及附近","路肩、路緣","柏油","乾燥","不良","無號誌","雙向禁止超車線","快慢車道分隔線","有",26,"未使用",121.550318,23.722389,"花蓮縣","豐濱鄉"
"衝出路外","2022",11,9,2,"陰","夜間(或隧道、地下道、涵洞)有照明",50,"彎曲路及附近","路肩、路緣","柏油","乾燥","不良","無號誌","雙向禁止超車線","快慢車道分隔線","有",18,"未使用",121.550318,23.722389,"花蓮縣","豐濱鄉"
"同向擦撞","2022",11,9,7,"晴","日間自然光線",50,"四岔路","交叉路口內","柏油","乾燥","良好","正常","無","未繪設快慢車道分隔線","有",31,"未使用",120.433827,24.057199,"彰化縣","鹿港鎮"
"同向擦撞","2022",11,9,7,"晴","日間自然光線",50,"四岔路","交叉路口內","柏油","乾燥","良好","正常","無","未繪設快慢車道分隔線","有",38,"未使用",120.433827,24.057199,"彰化縣","鹿港鎮"
"同向擦撞","2022",11,9,7,"晴","日間自然光線",50,"四岔路","交叉路口內","柏油","乾燥","良好","正常","無","未繪設快慢車道分隔線","有",65,"未使用",120.433827,24.057199,"彰化縣","鹿港鎮"
"同向擦撞","2022",11,9,12,"晴","日間自然光線",30,"直路","一般車道(未劃分快慢車道)","柏油","乾燥","良好","無號誌","中央分向島","未繪設快慢車道分隔線","有",68,"未使用",121.30273,25.007778,"桃園市","桃園區"
"同向擦撞","2022",11,9,12,"晴","日間自然光線",30,"直路","一般車道(未劃分快慢車道)","柏油","乾燥","良好","無號誌","中央分向島","未繪設快慢車道分隔線","有",62,"未使用",121.30273,25.007778,"桃園市","桃園區"
"同向擦撞","2022",11,9,12,"晴","日間自然光線",30,"直路","一般車道(未劃分快慢車道)","柏油","乾燥","良好","無號誌","中央分向島","未繪設快慢車道分隔線","有",59,"未使用",121.30273,25.007778,"桃園市","桃園區"
"同向擦撞","2022",11,9,12,"晴","日間自然光線",30,"直路","一般車道(未劃分快慢車道)","柏油","乾燥","良好","無號誌","中央分向島","未繪設快慢車道分隔線","有",9,"非駕駛人",121.30273,25.007778,"桃園市","桃園區"
"穿越道路中","2022",11,9,15,"晴","日間自然光線",50,"三岔路","交叉路口內","柏油","乾燥","良好","正常","無","未繪設快慢車道分隔線","無",58,"未使用",120.25266,22.96802,"臺南市","仁德區"
"穿越道路中","2022",11,9,15,"晴","日間自然光線",50,"三岔路","交叉路口內","柏油","乾燥","良好","正常","無","未繪設快慢車道分隔線","無",94,"非駕駛人",120.25266,22.96802,"臺南市","仁德區"