"事故類型及型態子類別名稱","發生年度","發生月份","發生日期","發生時間","天候名稱","光線名稱","速限.第1當事者","道路型態子類別名稱","事故位置子類別名稱","路面狀況.路面鋪裝名稱","路面狀況.路面狀態名稱","道路障礙.視距品質名稱","號誌.號誌動作名稱","車道劃分設施.分向設施大類別名稱","車道劃分設施.分道設施.快慢車道間名稱","車道劃分設施.分道設施.路面邊線名稱","當事者事故發生時年齡","行動電話或電腦或其他相類功能裝置名稱","經度","緯度","縣市","鄉鎮"
"同向通行中","2022",11,9,18,"晴","夜間(或隧道、地下道、涵洞)無照明",60,"直路","快車道","柏油","乾燥","良好","無號誌","雙向禁止超車線","快慢車道分隔線","有",49,"未使用",121.40061,23.174648,"臺東縣","成功鎮"
"同向通行中","2022",11,9,18,"晴","夜間(或隧道、地下道、涵洞)無照明",60,"直路","快車道","柏油","乾燥","良好","無號誌","雙向禁止超車線","快慢車道分隔線","有",71,"非駕駛人",121.40061,23.174648,"臺東縣","成功鎮"
"撞號誌、標誌桿","2022",11,10,8,"晴","日間自然光線",50,"四岔路","交叉路口內","柏油","乾燥","良好","正常","無","未繪設快慢車道分隔線","無",60,"未使用",121.472979,25.046352,"新北市","三重區"
"其他","2022",11,10,9,"晴","日間自然光線",50,"橋樑","一般車道(未劃分快慢車道)","柏油","乾燥","良好","無號誌","行車分向線","未繪設快慢車道分隔線","有",73,"不明",120.594432,23.853796,"彰化縣","田中鎮"
"其他","2022",11,10,9,"晴","日間自然光線",50,"橋樑","一般車道(未劃分快慢車道)","柏油","乾燥","良好","無號誌","行車分向線","未繪設快慢車道分隔線","有",87,"不明",120.594432,23.853796,"彰化縣","田中鎮"
"撞路樹、電桿","2022",11,11,9,"晴","日間自然光線",60,"四岔路","交叉口附近","柏油","乾燥","良好","無號誌","無","未繪設快慢車道分隔線","有",64,"不明",120.245503,23.706465,"雲林縣","東勢鄉"
"其他","2022",11,11,13,"晴","日間自然光線",50,"四岔路","交叉口附近","柏油","乾燥","良好","正常","無","未繪設快慢車道分隔線","無",46,"未使用",120.6943,24.1724,"臺中市","北屯區"
"其他","2022",11,11,13,"晴","日間自然光線",50,"四岔路","交叉口附近","柏油","乾燥","良好","正常","無","未繪設快慢車道分隔線","無",30,"未使用",120.6943,24.1724,"臺中市","北屯區"
"其他","2022",11,11,13,"晴","日間自然光線",50,"四岔路","交叉口附近","柏油","乾燥","良好","正常","無","未繪設快慢車道分隔線","無",49,"未使用",120.6943,24.1724,"臺中市","北屯區"
"同向擦撞","2022",11,11,14,"晴","日間自然光線",50,"四岔路","交叉路口內","柏油","乾燥","良好","正常","雙向禁止超車線","快慢車道分隔線","有",71,"未使用",120.2898,22.79916,"高雄市","岡山區"
"同向擦撞","2022",11,11,14,"晴","日間自然光線",50,"四岔路","交叉路口內","柏油","乾燥","良好","正常","雙向禁止超車線","快慢車道分隔線","有",91,"未使用",120.2898,22.79916,"高雄市","岡山區"
"側撞","2022",11,11,17,"晴","夜間(或隧道、地下道、涵洞)無照明",30,"三岔路","交叉路口內","柏油","乾燥","不良","無號誌","無","未繪設快慢車道分隔線","有",81,"未使用",120.2812,22.76952,"高雄市","岡山區"
"側撞","2022",11,11,17,"晴","夜間(或隧道、地下道、涵洞)無照明",30,"三岔路","交叉路口內","柏油","乾燥","不良","無號誌","無","未繪設快慢車道分隔線","有",29,"未使用",120.2812,22.76952,"高雄市","岡山區"
"撞護欄(樁)","2022",11,11,20,"陰","夜間(或隧道、地下道、涵洞)無照明",40,"彎曲路及附近","路肩、路緣","柏油","乾燥","不良","無號誌","雙向禁止超車線","未繪設快慢車道分隔線","有",44,"使用免持或未有礙駕駛安全",120.863067,23.848267,"南投縣","水里鄉"
"穿越道路中","2022",11,11,23,"晴","夜間(或隧道、地下道、涵洞)有照明",60,"三岔路","行人穿越道","柏油","乾燥","良好","正常","中央分向島","快慢車道分隔線","有",20,"未使用",120.924319,24.70936,"苗栗縣","竹南鎮"
"穿越道路中","2022",11,11,23,"晴","夜間(或隧道、地下道、涵洞)有照明",60,"三岔路","行人穿越道","柏油","乾燥","良好","正常","中央分向島","快慢車道分隔線","有",24,"非駕駛人",120.924319,24.70936,"苗栗縣","竹南鎮"
"其他","2022",11,12,1,"晴","夜間(或隧道、地下道、涵洞)有照明",30,"直路","一般車道(未劃分快慢車道)","柏油","乾燥","良好","無號誌","無","未繪設快慢車道分隔線","無",63,"不明",120.334287,23.891622,"彰化縣","芳苑鄉"
"其他","2022",11,12,1,"晴","夜間(或隧道、地下道、涵洞)有照明",30,"直路","一般車道(未劃分快慢車道)","柏油","乾燥","良好","無號誌","無","未繪設快慢車道分隔線","無",33,"不明",120.334287,23.891622,"彰化縣","芳苑鄉"
"穿越道路中","2022",11,12,1,"晴","夜間(或隧道、地下道、涵洞)有照明",50,"直路","穿越道附近","柏油","乾燥","良好","無號誌","雙向禁止超車線","未繪設快慢車道分隔線","有",91,"非駕駛人",121.314999,24.991059,"桃園市","桃園區"
"穿越道路中","2022",11,12,1,"晴","夜間(或隧道、地下道、涵洞)有照明",50,"直路","穿越道附近","柏油","乾燥","良好","無號誌","雙向禁止超車線","未繪設快慢車道分隔線","有",22,"未使用",121.314999,24.991059,"桃園市","桃園區"
"撞號誌、標誌桿","2022",11,12,9,"晴","日間自然光線",30,"直路","一般車道(未劃分快慢車道)","柏油","乾燥","良好","無號誌","雙向禁止超車線","窄式快慢車道分隔島(無柵欄)","有",71,"未使用",121.835062,24.598153,"宜蘭縣","蘇澳鎮"
"撞號誌、標誌桿","2022",11,12,9,"晴","日間自然光線",30,"直路","一般車道(未劃分快慢車道)","柏油","乾燥","良好","無號誌","雙向禁止超車線","窄式快慢車道分隔島(無柵欄)","有",70,"未使用",121.835062,24.598153,"宜蘭縣","蘇澳鎮"
"撞號誌、標誌桿","2022",11,12,9,"晴","日間自然光線",30,"直路","一般車道(未劃分快慢車道)","柏油","乾燥","良好","無號誌","雙向禁止超車線","窄式快慢車道分隔島(無柵欄)","有",31,"不明",121.835062,24.598153,"宜蘭縣","蘇澳鎮"
"路口交岔撞","2022",11,12,10,"晴","日間自然光線",60,"四岔路","交叉路口內","柏油","乾燥","良好","無號誌","無","未繪設快慢車道分隔線","無",55,"未使用",120.428895,23.372847,"臺南市","白河區"
"路口交岔撞","2022",11,12,10,"晴","日間自然光線",60,"四岔路","交叉路口內","柏油","乾燥","良好","無號誌","無","未繪設快慢車道分隔線","無",36,"未使用",120.428895,23.372847,"臺南市","白河區"
"路口交岔撞","2022",11,12,10,"晴","日間自然光線",60,"四岔路","交叉路口內","柏油","乾燥","良好","無號誌","無","未繪設快慢車道分隔線","無",7,"未使用",120.428895,23.372847,"臺南市","白河區"
"路口交岔撞","2022",11,12,10,"晴","日間自然光線",60,"四岔路","交叉路口內","柏油","乾燥","良好","無號誌","無","未繪設快慢車道分隔線","無",4,"未使用",120.428895,23.372847,"臺南市","白河區"
"同向擦撞","2022",11,12,13,"晴","日間自然光線",50,"直路","一般車道(未劃分快慢車道)","柏油","乾燥","良好","無號誌","中央分向島","未繪設快慢車道分隔線","有",74,"未使用",121.359678,25.012977,"桃園市","龜山區"
"同向擦撞","2022",11,12,13,"晴","日間自然光線",50,"直路","一般車道(未劃分快慢車道)","柏油","乾燥","良好","無號誌","中央分向島","未繪設快慢車道分隔線","有",52,"未使用",121.359678,25.012977,"桃園市","龜山區"
"同向擦撞","2022",11,12,13,"晴","日間自然光線",50,"直路","一般車道(未劃分快慢車道)","柏油","乾燥","良好","無號誌","中央分向島","未繪設快慢車道分隔線","有",54,"未使用",121.359678,25.012977,"桃園市","龜山區"
"同向擦撞","2022",11,12,13,"晴","日間自然光線",50,"直路","一般車道(未劃分快慢車道)","柏油","乾燥","良好","無號誌","中央分向島","未繪設快慢車道分隔線","有",57,"未使用",121.359678,25.012977,"桃園市","龜山區"
"追撞","2022",11,12,19,"晴","夜間(或隧道、地下道、涵洞)無照明",50,"直路","一般車道(未劃分快慢車道)","柏油","乾燥","良好","無號誌","行車分向線","未繪設快慢車道分隔線","有",27,"未使用",121.744672,24.655476,"宜蘭縣","冬山鄉"
"追撞","2022",11,12,19,"晴","夜間(或隧道、地下道、涵洞)無照明",50,"直路","一般車道(未劃分快慢車道)","柏油","乾燥","良好","無號誌","行車分向線","未繪設快慢車道分隔線","有",55,"不明",121.744672,24.655476,"宜蘭縣","冬山鄉"
"對撞","2022",11,13,15,"晴","日間自然光線",50,"直路","一般車道(未劃分快慢車道)","柏油","乾燥","良好","無號誌","行車分向線","未繪設快慢車道分隔線","有",28,"不明",121.125699,24.841555,"新竹縣","新埔鎮"
"對撞","2022",11,13,15,"晴","日間自然光線",50,"直路","一般車道(未劃分快慢車道)","柏油","乾燥","良好","無號誌","行車分向線","未繪設快慢車道分隔線","有",46,"未使用",121.125699,24.841555,"新竹縣","新埔鎮"
"撞護欄(樁)","2022",11,13,22,"晴","夜間(或隧道、地下道、涵洞)有照明",30,"彎曲路及附近","路肩、路緣","柏油","乾燥","良好","無號誌","無","未繪設快慢車道分隔線","無",37,"不明",120.247817,23.067946,"臺南市","新市區"
"撞路樹、電桿","2022",11,13,23,"雨","夜間(或隧道、地下道、涵洞)有照明",50,"直路","路肩、路緣","柏油","濕潤","良好","無號誌","雙向禁止超車線","快慢車道分隔線","有",52,"不明",121.708366,24.722569,"宜蘭縣","員山鄉"
"路上翻車、摔倒","2022",11,14,2,"晴","夜間(或隧道、地下道、涵洞)有照明",30,"彎曲路及附近","一般車道(未劃分快慢車道)","柏油","乾燥","不良","無號誌","無","未繪設快慢車道分隔線","有",22,"不明",121.435276,25.184107,"新北市","淡水區"
"路上翻車、摔倒","2022",11,14,2,"晴","夜間(或隧道、地下道、涵洞)有照明",30,"彎曲路及附近","一般車道(未劃分快慢車道)","柏油","乾燥","不良","無號誌","無","未繪設快慢車道分隔線","有",19,"非駕駛人",121.435276,25.184107,"新北市","淡水區"
"路上翻車、摔倒","2022",11,14,2,"晴","夜間(或隧道、地下道、涵洞)有照明",30,"彎曲路及附近","一般車道(未劃分快慢車道)","柏油","乾燥","不良","無號誌","無","未繪設快慢車道分隔線","有",21,"未使用",121.435276,25.184107,"新北市","淡水區"
"追撞","2022",11,14,4,"晴","夜間(或隧道、地下道、涵洞)有照明",50,"地下道","一般車道(未劃分快慢車道)","柏油","乾燥","良好","無號誌","雙向禁止超車線","快慢車道分隔線","有",22,"未使用",121.521034,25.045385,"臺北市","中正區"
"追撞","2022",11,14,4,"晴","夜間(或隧道、地下道、涵洞)有照明",50,"地下道","一般車道(未劃分快慢車道)","柏油","乾燥","良好","無號誌","雙向禁止超車線","快慢車道分隔線","有",24,"未使用",121.521034,25.045385,"臺北市","中正區"
"追撞","2022",11,14,4,"晴","夜間(或隧道、地下道、涵洞)有照明",50,"地下道","一般車道(未劃分快慢車道)","柏油","乾燥","良好","無號誌","雙向禁止超車線","快慢車道分隔線","有",14,"非駕駛人",121.521034,25.045385,"臺北市","中正區"
"追撞","2022",11,14,4,"晴","夜間(或隧道、地下道、涵洞)有照明",50,"地下道","一般車道(未劃分快慢車道)","柏油","乾燥","良好","無號誌","雙向禁止超車線","快慢車道分隔線","有",22,"非駕駛人",121.521034,25.045385,"臺北市","中正區"
"同向通行中","2022",11,14,5,"晴","夜間(或隧道、地下道、涵洞)無照明",50,"直路","一般車道(未劃分快慢車道)","柏油","乾燥","良好","無號誌","雙向禁止超車線","未繪設快慢車道分隔線","有",75,"未使用",121.298287,24.952008,"桃園市","八德區"
"同向通行中","2022",11,14,5,"晴","夜間(或隧道、地下道、涵洞)無照明",50,"直路","一般車道(未劃分快慢車道)","柏油","乾燥","良好","無號誌","雙向禁止超車線","未繪設快慢車道分隔線","有",80,"非駕駛人",121.298287,24.952008,"桃園市","八德區"
"同向擦撞","2022",11,14,8,"陰","日間自然光線",50,"直路","一般車道(未劃分快慢車道)","柏油","乾燥","良好","無號誌","行車分向線","未繪設快慢車道分隔線","有",26,"未使用",120.380068,23.66728,"雲林縣","土庫鎮"
"同向擦撞","2022",11,14,8,"陰","日間自然光線",50,"直路","一般車道(未劃分快慢車道)","柏油","乾燥","良好","無號誌","行車分向線","未繪設快慢車道分隔線","有",77,"未使用",120.380068,23.66728,"雲林縣","土庫鎮"
"側撞","2022",11,14,14,"晴","日間自然光線",50,"三岔路","交叉路口內","柏油","乾燥","良好","正常","無","未繪設快慢車道分隔線","無",52,"不明",121.371712,25.070273,"新北市","林口區"
"側撞","2022",11,14,14,"晴","日間自然光線",50,"三岔路","交叉路口內","柏油","乾燥","良好","正常","無","未繪設快慢車道分隔線","無",48,"未使用",121.371712,25.070273,"新北市","林口區"
"穿越道路中","2022",11,15,7,"晴","日間自然光線",60,"直路","一般車道(未劃分快慢車道)","柏油","乾燥","良好","無號誌","中央分向島","寛式快慢車道分隔島(50公分以上)","無",42,"未使用",121.49184,25.021857,"臺北市","萬華區"
"穿越道路中","2022",11,15,7,"晴","日間自然光線",60,"直路","一般車道(未劃分快慢車道)","柏油","乾燥","良好","無號誌","中央分向島","寛式快慢車道分隔島(50公分以上)","無",95,"非駕駛人",121.49184,25.021857,"臺北市","萬華區"
"同向擦撞","2022",11,15,8,"晴","日間自然光線",50,"彎曲路及附近","一般車道(未劃分快慢車道)","柏油","乾燥","良好","無號誌","行車分向線","未繪設快慢車道分隔線","有",55,"未使用",121.299305,25.083215,"桃園市","蘆竹區"
"同向擦撞","2022",11,15,8,"晴","日間自然光線",50,"彎曲路及附近","一般車道(未劃分快慢車道)","柏油","乾燥","良好","無號誌","行車分向線","未繪設快慢車道分隔線","有",38,"未使用",121.299305,25.083215,"桃園市","蘆竹區"
"側撞","2022",11,15,11,"晴","日間自然光線",40,"三岔路","交叉路口內","柏油","乾燥","良好","正常","中央分向島","窄式快慢車道分隔島(附柵欄)","有",82,"未使用",120.456519,22.601339,"屏東縣","萬丹鄉"
"側撞","2022",11,15,11,"晴","日間自然光線",40,"三岔路","交叉路口內","柏油","乾燥","良好","正常","中央分向島","窄式快慢車道分隔島(附柵欄)","有",32,"未使用",120.456519,22.601339,"屏東縣","萬丹鄉"
"路口交岔撞","2022",11,15,15,"晴","日間自然光線",70,"三岔路","交叉路口內","柏油","乾燥","良好","正常","無","未繪設快慢車道分隔線","無",52,"未使用",120.330873,23.186252,"臺南市","官田區"
"路口交岔撞","2022",11,15,15,"晴","日間自然光線",70,"三岔路","交叉路口內","柏油","乾燥","良好","正常","無","未繪設快慢車道分隔線","無",55,"不明",120.330873,23.186252,"臺南市","官田區"
"側撞","2022",11,15,15,"晴","日間自然光線",50,"三岔路","交叉路口內","柏油","乾燥","良好","無號誌","雙向禁止超車線","未繪設快慢車道分隔線","有",89,"未使用",120.508013,22.661778,"屏東縣","屏東市"
"側撞","2022",11,15,15,"晴","日間自然光線",50,"三岔路","交叉路口內","柏油","乾燥","良好","無號誌","雙向禁止超車線","未繪設快慢車道分隔線","有",26,"未使用",120.508013,22.661778,"屏東縣","屏東市"
"路口交岔撞","2022",11,16,0,"晴","夜間(或隧道、地下道、涵洞)有照明",50,"四岔路","交叉路口內","柏油","乾燥","良好","正常","無","未繪設快慢車道分隔線","無",33,"未使用",120.518231,24.239213,"臺中市","梧棲區"
"路口交岔撞","2022",11,16,0,"晴","夜間(或隧道、地下道、涵洞)有照明",50,"四岔路","交叉路口內","柏油","乾燥","良好","正常","無","未繪設快慢車道分隔線","無",26,"未使用",120.518231,24.239213,"臺中市","梧棲區"
"路口交岔撞","2022",11,16,0,"晴","夜間(或隧道、地下道、涵洞)有照明",50,"四岔路","交叉路口內","柏油","乾燥","良好","正常","無","未繪設快慢車道分隔線","無",32,"未使用",120.518231,24.239213,"臺中市","梧棲區"
"穿越道路中","2022",11,16,0,"晴","夜間(或隧道、地下道、涵洞)有照明",50,"直路","一般車道(未劃分快慢車道)","柏油","乾燥","良好","無號誌","行車分向線","未繪設快慢車道分隔線","有",70,"不明",120.463721,23.79409,"雲林縣","西螺鎮"
"穿越道路中","2022",11,16,0,"晴","夜間(或隧道、地下道、涵洞)有照明",50,"直路","一般車道(未劃分快慢車道)","柏油","乾燥","良好","無號誌","行車分向線","未繪設快慢車道分隔線","有",72,"非駕駛人",120.463721,23.79409,"雲林縣","西螺鎮"
"追撞","2022",11,16,6,"陰","日間自然光線",50,"直路","一般車道(未劃分快慢車道)","柏油","乾燥","良好","無號誌","雙向禁止超車線","未繪設快慢車道分隔線","無",46,"未使用",121.245591,24.98137,"桃園市","中壢區"
"追撞","2022",11,16,6,"陰","日間自然光線",50,"直路","一般車道(未劃分快慢車道)","柏油","乾燥","良好","無號誌","雙向禁止超車線","未繪設快慢車道分隔線","無",62,"未使用",121.245591,24.98137,"桃園市","中壢區"
"佇立路邊(外)","2022",11,16,7,"雨","日間自然光線",40,"直路","一般車道(未劃分快慢車道)","柏油","濕潤","良好","無號誌","雙向禁止超車線","未繪設快慢車道分隔線","有",51,"未使用",121.648303,24.701136,"宜蘭縣","員山鄉"
"佇立路邊(外)","2022",11,16,7,"雨","日間自然光線",40,"直路","一般車道(未劃分快慢車道)","柏油","濕潤","良好","無號誌","雙向禁止超車線","未繪設快慢車道分隔線","有",64,"未使用",121.648303,24.701136,"宜蘭縣","員山鄉"
"側撞","2022",11,16,7,"晴","日間自然光線",60,"三岔路","交叉路口內","柏油","乾燥","良好","正常","雙向禁止超車線","未繪設快慢車道分隔線","有",42,"不明",120.624202,23.803498,"彰化縣","二水鄉"
"側撞","2022",11,16,7,"晴","日間自然光線",60,"三岔路","交叉路口內","柏油","乾燥","良好","正常","雙向禁止超車線","未繪設快慢車道分隔線","有",28,"不明",120.624202,23.803498,"彰化縣","二水鄉"
"衝出路外","2022",11,16,14,"陰","日間自然光線",15,"彎曲路及附近","一般車道(未劃分快慢車道)","柏油","乾燥","不良","無號誌","無","未繪設快慢車道分隔線","有",60,"不明",121.304661,24.655091,"新竹縣","尖石鄉"
"衝出路外","2022",11,16,14,"陰","日間自然光線",15,"彎曲路及附近","一般車道(未劃分快慢車道)","柏油","乾燥","不良","無號誌","無","未繪設快慢車道分隔線","有",59,"非駕駛人",121.304661,24.655091,"新竹縣","尖石鄉"
"衝出路外","2022",11,16,14,"陰","日間自然光線",15,"彎曲路及附近","一般車道(未劃分快慢車道)","柏油","乾燥","不良","無號誌","無","未繪設快慢車道分隔線","有",60,"非駕駛人",121.304661,24.655091,"新竹縣","尖石鄉"
"撞護欄(樁)","2022",11,16,14,"晴","日間自然光線",30,"直路","一般車道(未劃分快慢車道)","柏油","乾燥","良好","無號誌","無","未繪設快慢車道分隔線","有",63,"不明",120.345818,23.610516,"雲林縣","元長鄉"
"其他","2022",11,16,17,"雨","夜間(或隧道、地下道、涵洞)有照明",70,"四岔路","快車道","柏油","濕潤","良好","正常","中央分向島","快慢車道分隔線","無",80,"未使用",121.851419,24.613004,"宜蘭縣","蘇澳鎮"
"其他","2022",11,16,17,"雨","夜間(或隧道、地下道、涵洞)有照明",70,"四岔路","快車道","柏油","濕潤","良好","正常","中央分向島","快慢車道分隔線","無",61,"未使用",121.851419,24.613004,"宜蘭縣","蘇澳鎮"
"同向通行中","2022",11,17,5,"晴","晨或暮光",70,"三岔路","交叉口附近","柏油","乾燥","良好","正常","中央分向島","快慢車道分隔線","有",66,"非駕駛人",120.588928,22.402607,"屏東縣","枋寮鄉"
"同向通行中","2022",11,17,5,"晴","晨或暮光",70,"三岔路","交叉口附近","柏油","乾燥","良好","正常","中央分向島","快慢車道分隔線","有",51,"不明",120.588928,22.402607,"屏東縣","枋寮鄉"
"同向通行中","2022",11,17,5,"晴","晨或暮光",70,"三岔路","交叉口附近","柏油","乾燥","良好","正常","中央分向島","快慢車道分隔線","有",41,"不明",120.588928,22.402607,"屏東縣","枋寮鄉"
"同向通行中","2022",11,17,5,"晴","晨或暮光",70,"三岔路","交叉口附近","柏油","乾燥","良好","正常","中央分向島","快慢車道分隔線","有",66,"不明",120.588928,22.402607,"屏東縣","枋寮鄉"
"側撞","2022",11,17,7,"晴","日間自然光線",60,"三岔路","交叉路口內","柏油","乾燥","良好","正常","中央分向島","未繪設快慢車道分隔線","有",66,"未使用",120.54064,23.966644,"彰化縣","埔心鄉"
"側撞","2022",11,17,7,"晴","日間自然光線",60,"三岔路","交叉路口內","柏油","乾燥","良好","正常","中央分向島","未繪設快慢車道分隔線","有",22,"未使用",120.54064,23.966644,"彰化縣","埔心鄉"
"撞路樹、電桿","2022",11,17,14,"晴","日間自然光線",50,"彎曲路及附近","一般車道(未劃分快慢車道)","柏油","乾燥","良好","無號誌","中央分向島","未繪設快慢車道分隔線","有",18,"未使用",120.409797,22.929361,"臺南市","龍崎區"
"路口交岔撞","2022",11,17,15,"晴","日間自然光線",60,"三岔路","交叉口附近","柏油","乾燥","良好","正常","中央分向島","未繪設快慢車道分隔線","有",24,"未使用",120.678818,23.971648,"南投縣","草屯鎮"
"路口交岔撞","2022",11,17,15,"晴","日間自然光線",60,"三岔路","交叉口附近","柏油","乾燥","良好","正常","中央分向島","未繪設快慢車道分隔線","有",44,"未使用",120.678818,23.971648,"南投縣","草屯鎮"
"路口交岔撞","2022",11,17,15,"晴","日間自然光線",60,"三岔路","交叉口附近","柏油","乾燥","良好","正常","中央分向島","未繪設快慢車道分隔線","有",27,"非駕駛人",120.678818,23.971648,"南投縣","草屯鎮"
"同向擦撞","2022",11,17,16,"晴","日間自然光線",50,"直路","快車道","柏油","乾燥","良好","無號誌","中央分向島","未繪設快慢車道分隔線","無",46,"未使用",120.646857,24.14938,"臺中市","南屯區"
"同向擦撞","2022",11,17,16,"晴","日間自然光線",50,"直路","快車道","柏油","乾燥","良好","無號誌","中央分向島","未繪設快慢車道分隔線","無",78,"未使用",120.646857,24.14938,"臺中市","南屯區"
"同向擦撞","2022",11,17,16,"晴","日間自然光線",50,"直路","快車道","柏油","乾燥","良好","無號誌","中央分向島","未繪設快慢車道分隔線","無",46,"未使用",120.646857,24.14938,"臺中市","南屯區"
"同向擦撞","2022",11,17,16,"晴","日間自然光線",50,"直路","快車道","柏油","乾燥","良好","無號誌","中央分向島","未繪設快慢車道分隔線","無",32,"未使用",120.646857,24.14938,"臺中市","南屯區"
"側撞","2022",11,17,16,"晴","日間自然光線",50,"四岔路","交叉路口內","柏油","乾燥","良好","正常","雙向禁止超車線","未繪設快慢車道分隔線","有",33,"未使用",120.405093,23.680926,"雲林縣","虎尾鎮"
"側撞","2022",11,17,16,"晴","日間自然光線",50,"四岔路","交叉路口內","柏油","乾燥","良好","正常","雙向禁止超車線","未繪設快慢車道分隔線","有",71,"未使用",120.405093,23.680926,"雲林縣","虎尾鎮"
"其他","2022",11,17,19,"晴","夜間(或隧道、地下道、涵洞)有照明",50,"直路","一般車道(未劃分快慢車道)","柏油","乾燥","良好","無號誌","無","未繪設快慢車道分隔線","無",55,"未使用",121.48268,24.984966,"新北市","中和區"
"其他","2022",11,17,19,"晴","夜間(或隧道、地下道、涵洞)有照明",50,"直路","一般車道(未劃分快慢車道)","柏油","乾燥","良好","無號誌","無","未繪設快慢車道分隔線","無",57,"非駕駛人",121.48268,24.984966,"新北市","中和區"
"穿越道路中","2022",11,18,6,"晴","日間自然光線",50,"三岔路","交叉口附近","柏油","乾燥","良好","無號誌","雙向禁止超車線","未繪設快慢車道分隔線","有",84,"未使用",121.085964,24.726904,"新竹縣","竹東鎮"
"穿越道路中","2022",11,18,6,"晴","日間自然光線",50,"三岔路","交叉口附近","柏油","乾燥","良好","無號誌","雙向禁止超車線","未繪設快慢車道分隔線","有",65,"未使用",121.085964,24.726904,"新竹縣","竹東鎮"
"追撞","2022",11,18,17,"晴","夜間(或隧道、地下道、涵洞)有照明",110,"直路","快車道","柏油","乾燥","良好","無號誌","中央分向島","未繪設快慢車道分隔線","有",38,"未使用",120.245238,23.112808,"臺南市","安定區"
"追撞","2022",11,18,17,"晴","夜間(或隧道、地下道、涵洞)有照明",110,"直路","快車道","柏油","乾燥","良好","無號誌","中央分向島","未繪設快慢車道分隔線","有",42,"未使用",120.245238,23.112808,"臺南市","安定區"
"撞路樹、電桿","2022",11,18,18,"晴","夜間(或隧道、地下道、涵洞)有照明",50,"直路","一般車道(未劃分快慢車道)","柏油","乾燥","良好","無號誌","行車分向線","未繪設快慢車道分隔線","有",53,"不明",120.31632,22.766137,"高雄市","橋頭區"
"撞路樹、電桿","2022",11,18,18,"晴","夜間(或隧道、地下道、涵洞)有照明",50,"直路","一般車道(未劃分快慢車道)","柏油","乾燥","良好","無號誌","行車分向線","未繪設快慢車道分隔線","有",111,"",120.31632,22.766137,"高雄市","橋頭區"
"撞交通島","2022",11,18,23,"晴","夜間(或隧道、地下道、涵洞)有照明",40,"直路","一般車道(未劃分快慢車道)","柏油","乾燥","良好","無號誌","雙向禁止超車線","未繪設快慢車道分隔線","有",19,"不明",120.69579,24.109894,"臺中市","大里區"
"撞交通島","2022",11,18,23,"晴","夜間(或隧道、地下道、涵洞)有照明",40,"直路","一般車道(未劃分快慢車道)","柏油","乾燥","良好","無號誌","雙向禁止超車線","未繪設快慢車道分隔線","有",15,"不明",120.69579,24.109894,"臺中市","大里區"
"其他","2022",11,20,1,"晴","夜間(或隧道、地下道、涵洞)有照明",70,"直路","一般車道(未劃分快慢車道)","柏油","乾燥","良好","無號誌","中央分向島","未繪設快慢車道分隔線","有",23,"未使用",120.389412,24.014596,"彰化縣","福興鄉"
"其他","2022",11,20,1,"晴","夜間(或隧道、地下道、涵洞)有照明",70,"直路","一般車道(未劃分快慢車道)","柏油","乾燥","良好","無號誌","中央分向島","未繪設快慢車道分隔線","有",66,"未使用",120.389412,24.014596,"彰化縣","福興鄉"
"同向擦撞","2022",11,20,7,"晴","日間自然光線",50,"直路","一般車道(未劃分快慢車道)","柏油","乾燥","良好","無號誌","雙向禁止超車線","未繪設快慢車道分隔線","有",59,"未使用",121.466079,25.067437,"新北市","五股區"
"同向擦撞","2022",11,20,7,"晴","日間自然光線",50,"直路","一般車道(未劃分快慢車道)","柏油","乾燥","良好","無號誌","雙向禁止超車線","未繪設快慢車道分隔線","有",28,"未使用",121.466079,25.067437,"新北市","五股區"
"側撞","2022",11,21,7,"晴","日間自然光線",60,"四岔路","交叉路口內","柏油","乾燥","良好","正常","無","未繪設快慢車道分隔線","無",68,"未使用",121.118397,22.727641,"臺東縣","臺東市"
"側撞","2022",11,21,7,"晴","日間自然光線",60,"四岔路","交叉路口內","柏油","乾燥","良好","正常","無","未繪設快慢車道分隔線","無",15,"未使用",121.118397,22.727641,"臺東縣","臺東市"
"側撞","2022",11,21,7,"晴","日間自然光線",60,"四岔路","交叉路口內","柏油","乾燥","良好","正常","無","未繪設快慢車道分隔線","無",17,"未使用",121.118397,22.727641,"臺東縣","臺東市"
"路口交岔撞","2022",11,21,7,"晴","日間自然光線",30,"四岔路","交叉口附近","柏油","乾燥","良好","無號誌","無","未繪設快慢車道分隔線","無",69,"未使用",120.306725,23.324738,"臺南市","新營區"
"路口交岔撞","2022",11,21,7,"晴","日間自然光線",30,"四岔路","交叉口附近","柏油","乾燥","良好","無號誌","無","未繪設快慢車道分隔線","無",40,"未使用",120.306725,23.324738,"臺南市","新營區"
"路口交岔撞","2022",11,21,7,"晴","日間自然光線",30,"四岔路","交叉口附近","柏油","乾燥","良好","無號誌","無","未繪設快慢車道分隔線","無",68,"非駕駛人",120.306725,23.324738,"臺南市","新營區"
"側撞","2022",11,21,7,"晴","日間自然光線",50,"直路","一般車道(未劃分快慢車道)","柏油","乾燥","良好","無號誌","行車分向線","未繪設快慢車道分隔線","有",62,"未使用",121.057652,24.891305,"新竹縣","湖口鄉"
"側撞","2022",11,21,7,"晴","日間自然光線",50,"直路","一般車道(未劃分快慢車道)","柏油","乾燥","良好","無號誌","行車分向線","未繪設快慢車道分隔線","有",27,"未使用",121.057652,24.891305,"新竹縣","湖口鄉"