"事故類型及型態子類別名稱","發生年度","發生月份","發生日期","發生時間","天候名稱","光線名稱","速限.第1當事者","道路型態子類別名稱","事故位置子類別名稱","路面狀況.路面鋪裝名稱","路面狀況.路面狀態名稱","道路障礙.視距品質名稱","號誌.號誌動作名稱","車道劃分設施.分向設施大類別名稱","車道劃分設施.分道設施.快慢車道間名稱","車道劃分設施.分道設施.路面邊線名稱","當事者事故發生時年齡","行動電話或電腦或其他相類功能裝置名稱","經度","緯度","縣市","鄉鎮"
"追撞","2022",11,21,8,"晴","日間自然光線",50,"直路","一般車道(未劃分快慢車道)","柏油","乾燥","良好","無號誌","雙向禁止超車線","快慢車道分隔線","有",53,"未使用",120.45817,23.858135,"彰化縣","埤頭鄉"
"追撞","2022",11,21,8,"晴","日間自然光線",50,"直路","一般車道(未劃分快慢車道)","柏油","乾燥","良好","無號誌","雙向禁止超車線","快慢車道分隔線","有",80,"未使用",120.45817,23.858135,"彰化縣","埤頭鄉"
"其他","2022",11,21,15,"晴","日間自然光線",50,"三岔路","交叉路口內","柏油","乾燥","良好","無號誌","行車分向線","未繪設快慢車道分隔線","有",81,"未使用",121.446781,25.042704,"新北市","新莊區"
"其他","2022",11,21,15,"晴","日間自然光線",50,"三岔路","交叉路口內","柏油","乾燥","良好","無號誌","行車分向線","未繪設快慢車道分隔線","有",19,"未使用",121.446781,25.042704,"新北市","新莊區"
"側撞","2022",11,21,21,"晴","夜間(或隧道、地下道、涵洞)有照明",50,"三岔路","交叉路口內","柏油","乾燥","良好","正常","中央分向島","未繪設快慢車道分隔線","無",61,"未使用",120.216054,22.948017,"臺南市","南區"
"側撞","2022",11,21,21,"晴","夜間(或隧道、地下道、涵洞)有照明",50,"三岔路","交叉路口內","柏油","乾燥","良好","正常","中央分向島","未繪設快慢車道分隔線","無",20,"未使用",120.216054,22.948017,"臺南市","南區"
"側撞","2022",11,21,22,"晴","夜間(或隧道、地下道、涵洞)有照明",50,"四岔路","交叉路口內","柏油","乾燥","良好","正常","無","未繪設快慢車道分隔線","無",33,"未使用",120.699357,24.14797,"臺中市","東區"
"側撞","2022",11,21,22,"晴","夜間(或隧道、地下道、涵洞)有照明",50,"四岔路","交叉路口內","柏油","乾燥","良好","正常","無","未繪設快慢車道分隔線","無",19,"未使用",120.699357,24.14797,"臺中市","東區"
"側撞","2022",11,21,22,"晴","夜間(或隧道、地下道、涵洞)有照明",50,"四岔路","交叉路口內","柏油","乾燥","良好","正常","無","未繪設快慢車道分隔線","無",34,"未使用",120.699357,24.14797,"臺中市","東區"
"側撞","2022",11,21,22,"晴","夜間(或隧道、地下道、涵洞)有照明",50,"四岔路","交叉路口內","柏油","乾燥","良好","正常","無","未繪設快慢車道分隔線","無",21,"未使用",120.699357,24.14797,"臺中市","東區"
"側撞","2022",11,21,22,"晴","夜間(或隧道、地下道、涵洞)有照明",50,"四岔路","交叉路口內","柏油","乾燥","良好","正常","無","未繪設快慢車道分隔線","無",52,"未使用",120.699357,24.14797,"臺中市","東區"
"追撞","2022",11,21,23,"晴","夜間(或隧道、地下道、涵洞)有照明",70,"高架道路","快車道","柏油","乾燥","良好","無號誌","中央分向島","未繪設快慢車道分隔線","無",26,"未使用",121.441437,25.055909,"新北市","中和區"
"追撞","2022",11,21,23,"晴","夜間(或隧道、地下道、涵洞)有照明",70,"高架道路","快車道","柏油","乾燥","良好","無號誌","中央分向島","未繪設快慢車道分隔線","無",37,"未使用",121.441437,25.055909,"新北市","中和區"
"追撞","2022",11,21,23,"晴","夜間(或隧道、地下道、涵洞)有照明",70,"高架道路","快車道","柏油","乾燥","良好","無號誌","中央分向島","未繪設快慢車道分隔線","無",45,"非駕駛人",121.441437,25.055909,"新北市","中和區"
"追撞","2022",11,22,2,"陰","夜間(或隧道、地下道、涵洞)有照明",50,"直路","一般車道(未劃分快慢車道)","柏油","乾燥","良好","無號誌","中央分向島","未繪設快慢車道分隔線","無",20,"未使用",121.214849,24.940209,"桃園市","平鎮區"
"追撞","2022",11,22,2,"陰","夜間(或隧道、地下道、涵洞)有照明",50,"直路","一般車道(未劃分快慢車道)","柏油","乾燥","良好","無號誌","中央分向島","未繪設快慢車道分隔線","無",53,"未使用",121.214849,24.940209,"桃園市","平鎮區"
"穿越道路中","2022",11,22,5,"晴","夜間(或隧道、地下道、涵洞)有照明",50,"四岔路","交叉路口內","柏油","乾燥","良好","正常","無","未繪設快慢車道分隔線","無",65,"不明",120.214753,23.027766,"臺南市","南區"
"穿越道路中","2022",11,22,5,"晴","夜間(或隧道、地下道、涵洞)有照明",50,"四岔路","交叉路口內","柏油","乾燥","良好","正常","無","未繪設快慢車道分隔線","無",56,"未使用",120.214753,23.027766,"臺南市","南區"
"追撞","2022",11,22,5,"晴","晨或暮光",50,"直路","一般車道(未劃分快慢車道)","柏油","乾燥","良好","無號誌","雙向禁止超車線","未繪設快慢車道分隔線","有",67,"未使用",121.49849,24.998164,"新北市","中和區"
"追撞","2022",11,22,5,"晴","晨或暮光",50,"直路","一般車道(未劃分快慢車道)","柏油","乾燥","良好","無號誌","雙向禁止超車線","未繪設快慢車道分隔線","有",81,"未使用",121.49849,24.998164,"新北市","中和區"
"路口交岔撞","2022",11,22,9,"晴","日間自然光線",50,"直路","一般車道(未劃分快慢車道)","柏油","乾燥","良好","正常","雙向禁止超車線","快慢車道分隔線","有",37,"未使用",120.541214,24.288217,"臺中市","清水區"
"路口交岔撞","2022",11,22,9,"晴","日間自然光線",50,"直路","一般車道(未劃分快慢車道)","柏油","乾燥","良好","正常","雙向禁止超車線","快慢車道分隔線","有",41,"未使用",120.541214,24.288217,"臺中市","清水區"
"撞路樹、電桿","2022",11,22,15,"晴","日間自然光線",50,"三岔路","交叉口附近","柏油","乾燥","良好","無號誌","行車分向線","未繪設快慢車道分隔線","有",73,"未使用",120.57361,24.15805,"臺中市","大肚區"
"其他","2022",11,22,23,"晴","夜間(或隧道、地下道、涵洞)有照明",50,"直路","一般車道(未劃分快慢車道)","柏油","乾燥","良好","無號誌","雙向禁止超車線","未繪設快慢車道分隔線","有",19,"未使用",120.517784,24.013343,"彰化縣","秀水鄉"
"其他","2022",11,22,23,"晴","夜間(或隧道、地下道、涵洞)有照明",50,"直路","一般車道(未劃分快慢車道)","柏油","乾燥","良好","無號誌","雙向禁止超車線","未繪設快慢車道分隔線","有",42,"不明",120.517784,24.013343,"彰化縣","秀水鄉"
"衝出路外","2022",11,23,1,"晴","夜間(或隧道、地下道、涵洞)有照明",50,"直路","一般車道(未劃分快慢車道)","柏油","乾燥","良好","無號誌","雙向禁止超車線","未繪設快慢車道分隔線","無",29,"未使用",120.74597,24.190101,"臺中市","北屯區"
"其他","2022",11,23,9,"陰","日間自然光線",50,"四岔路","交叉路口內","柏油","乾燥","良好","正常","無","未繪設快慢車道分隔線","無",62,"未使用",120.279997,23.598102,"雲林縣","北港鎮"
"其他","2022",11,23,9,"陰","日間自然光線",50,"四岔路","交叉路口內","柏油","乾燥","良好","正常","無","未繪設快慢車道分隔線","無",31,"未使用",120.279997,23.598102,"雲林縣","北港鎮"
"其他","2022",11,23,9,"陰","日間自然光線",50,"四岔路","交叉路口內","柏油","乾燥","良好","正常","無","未繪設快慢車道分隔線","無",15,"非駕駛人",120.279997,23.598102,"雲林縣","北港鎮"
"路口交岔撞","2022",11,23,11,"晴","日間自然光線",50,"四岔路","交叉路口內","柏油","乾燥","良好","正常","雙向禁止超車線","未繪設快慢車道分隔線","有",78,"未使用",120.327161,22.958231,"臺南市","關廟區"
"路口交岔撞","2022",11,23,11,"晴","日間自然光線",50,"四岔路","交叉路口內","柏油","乾燥","良好","正常","雙向禁止超車線","未繪設快慢車道分隔線","有",41,"未使用",120.327161,22.958231,"臺南市","關廟區"
"撞路樹、電桿","2022",11,23,15,"晴","日間自然光線",50,"直路","一般車道(未劃分快慢車道)","柏油","乾燥","良好","無號誌","行車分向線","未繪設快慢車道分隔線","有",80,"不明",120.49196,23.667613,"雲林縣","斗南鎮"
"撞路樹、電桿","2022",11,23,15,"晴","日間自然光線",50,"直路","一般車道(未劃分快慢車道)","柏油","乾燥","良好","無號誌","行車分向線","未繪設快慢車道分隔線","有",80,"非駕駛人",120.49196,23.667613,"雲林縣","斗南鎮"
"撞護欄(樁)","2022",11,23,17,"晴","晨或暮光",30,"三岔路","交叉路口內","柏油","乾燥","良好","無號誌","無","未繪設快慢車道分隔線","無",75,"未使用",120.697016,24.299016,"臺中市","后里區"
"穿越道路中","2022",11,23,20,"陰","夜間(或隧道、地下道、涵洞)有照明",50,"四岔路","交叉路口內","柏油","乾燥","良好","正常","中央分向島","未繪設快慢車道分隔線","無",60,"非駕駛人",120.694589,24.155176,"臺中市","北區"
"穿越道路中","2022",11,23,20,"陰","夜間(或隧道、地下道、涵洞)有照明",50,"四岔路","交叉路口內","柏油","乾燥","良好","正常","中央分向島","未繪設快慢車道分隔線","無",43,"未使用",120.694589,24.155176,"臺中市","北區"
"撞交通島","2022",11,24,3,"雨","夜間(或隧道、地下道、涵洞)有照明",50,"四岔路","交叉路口內","柏油","濕潤","良好","正常","無","未繪設快慢車道分隔線","無",23,"未使用",121.515125,24.968392,"新北市","新店區"
"追撞","2022",11,24,15,"陰","日間自然光線",40,"直路","慢車道","柏油","乾燥","良好","無號誌","中央分向島","窄式快慢車道分隔島(附柵欄)","有",34,"未使用",120.432623,22.646486,"高雄市","大寮區"
"追撞","2022",11,24,15,"陰","日間自然光線",40,"直路","慢車道","柏油","乾燥","良好","無號誌","中央分向島","窄式快慢車道分隔島(附柵欄)","有",74,"未使用",120.432623,22.646486,"高雄市","大寮區"
"側撞","2022",11,24,16,"晴","日間自然光線",70,"四岔路","交叉路口內","柏油","乾燥","良好","正常","無","未繪設快慢車道分隔線","無",19,"未使用",120.139508,23.054223,"臺南市","南區"
"側撞","2022",11,24,16,"晴","日間自然光線",70,"四岔路","交叉路口內","柏油","乾燥","良好","正常","無","未繪設快慢車道分隔線","無",66,"未使用",120.139508,23.054223,"臺南市","南區"
"側撞","2022",11,25,12,"晴","日間自然光線",60,"三岔路","一般車道(未劃分快慢車道)","柏油","乾燥","良好","正常","行車分向線","未繪設快慢車道分隔線","有",21,"未使用",120.732239,24.341746,"臺中市","后里區"
"側撞","2022",11,25,12,"晴","日間自然光線",60,"三岔路","一般車道(未劃分快慢車道)","柏油","乾燥","良好","正常","行車分向線","未繪設快慢車道分隔線","有",46,"未使用",120.732239,24.341746,"臺中市","后里區"
"穿越道路中","2022",11,25,17,"雨","夜間(或隧道、地下道、涵洞)有照明",50,"直路","一般車道(未劃分快慢車道)","柏油","濕潤","良好","正常","雙向禁止超車線","未繪設快慢車道分隔線","有",61,"非駕駛人",121.694356,25.083139,"基隆市","七堵區"
"穿越道路中","2022",11,25,17,"雨","夜間(或隧道、地下道、涵洞)有照明",50,"直路","一般車道(未劃分快慢車道)","柏油","濕潤","良好","正常","雙向禁止超車線","未繪設快慢車道分隔線","有",63,"未使用",121.694356,25.083139,"基隆市","七堵區"
"其他","2022",11,25,21,"晴","夜間(或隧道、地下道、涵洞)有照明",50,"坡路","快車道","柏油","乾燥","良好","無號誌","雙向禁止超車線","未繪設快慢車道分隔線","有",43,"未使用",120.469495,23.484157,"嘉義市","東區"
"其他","2022",11,25,21,"晴","夜間(或隧道、地下道、涵洞)有照明",50,"坡路","快車道","柏油","乾燥","良好","無號誌","雙向禁止超車線","未繪設快慢車道分隔線","有",18,"未使用",120.469495,23.484157,"嘉義市","東區"
"路口交岔撞","2022",11,25,22,"陰","夜間(或隧道、地下道、涵洞)有照明",50,"四岔路","交叉路口內","柏油","乾燥","良好","正常","雙向禁止超車線","快慢車道分隔線","有",45,"未使用",120.476002,22.665173,"屏東縣","屏東市"
"路口交岔撞","2022",11,25,22,"陰","夜間(或隧道、地下道、涵洞)有照明",50,"四岔路","交叉路口內","柏油","乾燥","良好","正常","雙向禁止超車線","快慢車道分隔線","有",24,"未使用",120.476002,22.665173,"屏東縣","屏東市"
"路口交岔撞","2022",11,26,5,"晴","晨或暮光",30,"四岔路","交叉路口內","柏油","乾燥","良好","正常","無","未繪設快慢車道分隔線","無",86,"不明",120.185799,23.060497,"臺南市","南區"
"路口交岔撞","2022",11,26,5,"晴","晨或暮光",30,"四岔路","交叉路口內","柏油","乾燥","良好","正常","無","未繪設快慢車道分隔線","無",45,"不明",120.185799,23.060497,"臺南市","南區"
"對撞","2022",11,26,7,"晴","日間自然光線",50,"彎曲路及附近","快車道","柏油","乾燥","良好","無號誌","行車分向線","快慢車道分隔線","有",76,"不明",120.739159,21.945571,"屏東縣","恆春鎮"
"對撞","2022",11,26,7,"晴","日間自然光線",50,"彎曲路及附近","快車道","柏油","乾燥","良好","無號誌","行車分向線","快慢車道分隔線","有",45,"未使用",120.739159,21.945571,"屏東縣","恆春鎮"
"對撞","2022",11,26,7,"晴","日間自然光線",50,"彎曲路及附近","快車道","柏油","乾燥","良好","無號誌","行車分向線","快慢車道分隔線","有",56,"不明",120.739159,21.945571,"屏東縣","恆春鎮"
"對撞","2022",11,26,7,"晴","日間自然光線",50,"彎曲路及附近","快車道","柏油","乾燥","良好","無號誌","行車分向線","快慢車道分隔線","有",52,"不明",120.739159,21.945571,"屏東縣","恆春鎮"
"對撞","2022",11,26,7,"晴","日間自然光線",50,"彎曲路及附近","快車道","柏油","乾燥","良好","無號誌","行車分向線","快慢車道分隔線","有",78,"不明",120.739159,21.945571,"屏東縣","恆春鎮"
"對撞","2022",11,26,7,"晴","日間自然光線",50,"彎曲路及附近","快車道","柏油","乾燥","良好","無號誌","行車分向線","快慢車道分隔線","有",74,"不明",120.739159,21.945571,"屏東縣","恆春鎮"
"對撞","2022",11,26,7,"晴","日間自然光線",50,"彎曲路及附近","快車道","柏油","乾燥","良好","無號誌","行車分向線","快慢車道分隔線","有",77,"不明",120.739159,21.945571,"屏東縣","恆春鎮"
"追撞","2022",11,26,11,"晴","日間自然光線",50,"直路","路肩、路緣","柏油","乾燥","良好","無號誌","行車分向線","未繪設快慢車道分隔線","有",66,"未使用",120.412607,23.389502,"臺南市","白河區"
"追撞","2022",11,26,11,"晴","日間自然光線",50,"直路","路肩、路緣","柏油","乾燥","良好","無號誌","行車分向線","未繪設快慢車道分隔線","有",56,"未使用",120.412607,23.389502,"臺南市","白河區"
"側撞","2022",11,26,15,"陰","日間自然光線",50,"四岔路","交叉路口內","柏油","乾燥","良好","正常","無","未繪設快慢車道分隔線","無",38,"未使用",121.190328,24.942254,"桃園市","平鎮區"
"側撞","2022",11,26,15,"陰","日間自然光線",50,"四岔路","交叉路口內","柏油","乾燥","良好","正常","無","未繪設快慢車道分隔線","無",22,"未使用",121.190328,24.942254,"桃園市","平鎮區"
"穿越道路中","2022",11,26,19,"晴","夜間(或隧道、地下道、涵洞)有照明",70,"直路","快車道","柏油","乾燥","不良","無號誌","中央分向島","未繪設快慢車道分隔線","無",33,"不明",120.572445,24.09749,"彰化縣","彰化市"
"穿越道路中","2022",11,26,19,"晴","夜間(或隧道、地下道、涵洞)有照明",70,"直路","快車道","柏油","乾燥","不良","無號誌","中央分向島","未繪設快慢車道分隔線","無",77,"非駕駛人",120.572445,24.09749,"彰化縣","彰化市"
"側撞","2022",11,26,23,"晴","日間自然光線",50,"四岔路","交叉路口內","柏油","乾燥","良好","正常","無","未繪設快慢車道分隔線","無",62,"不明",120.461199,23.846986,"彰化縣","埤頭鄉"
"側撞","2022",11,26,23,"晴","日間自然光線",50,"四岔路","交叉路口內","柏油","乾燥","良好","正常","無","未繪設快慢車道分隔線","無",20,"未使用",120.461199,23.846986,"彰化縣","埤頭鄉"
"側撞","2022",11,27,1,"晴","夜間(或隧道、地下道、涵洞)無照明",30,"直路","一般車道(未劃分快慢車道)","柏油","乾燥","良好","不正常","中央分向島","未繪設快慢車道分隔線","有",22,"未使用",120.295751,22.746474,"高雄市","橋頭區"
"側撞","2022",11,27,1,"晴","夜間(或隧道、地下道、涵洞)無照明",30,"直路","一般車道(未劃分快慢車道)","柏油","乾燥","良好","不正常","中央分向島","未繪設快慢車道分隔線","有",55,"未使用",120.295751,22.746474,"高雄市","橋頭區"
"側撞","2022",11,27,1,"晴","夜間(或隧道、地下道、涵洞)無照明",30,"直路","一般車道(未劃分快慢車道)","柏油","乾燥","良好","不正常","中央分向島","未繪設快慢車道分隔線","有",58,"未使用",120.295751,22.746474,"高雄市","橋頭區"
"穿越道路中","2022",11,27,3,"晴","夜間(或隧道、地下道、涵洞)有照明",50,"直路","行人穿越道","柏油","乾燥","良好","正常","中央分向島","未繪設快慢車道分隔線","無",27,"非駕駛人",121.568748,25.041091,"臺北市","信義區"
"穿越道路中","2022",11,27,3,"晴","夜間(或隧道、地下道、涵洞)有照明",50,"直路","行人穿越道","柏油","乾燥","良好","正常","中央分向島","未繪設快慢車道分隔線","無",17,"不明",121.568748,25.041091,"臺北市","信義區"
"穿越道路中","2022",11,27,6,"晴","日間自然光線",50,"四岔路","交叉路口內","柏油","乾燥","良好","正常","中央分向島","快慢車道分隔線","無",71,"未使用",121.515598,25.106783,"臺北市","北投區"
"穿越道路中","2022",11,27,6,"晴","日間自然光線",50,"四岔路","交叉路口內","柏油","乾燥","良好","正常","中央分向島","快慢車道分隔線","無",83,"未使用",121.515598,25.106783,"臺北市","北投區"
"路口交岔撞","2022",11,27,15,"晴","日間自然光線",50,"四岔路","交叉路口內","柏油","乾燥","良好","正常","無","未繪設快慢車道分隔線","無",31,"未使用",121.070477,25.019928,"桃園市","觀音區"
"路口交岔撞","2022",11,27,15,"晴","日間自然光線",50,"四岔路","交叉路口內","柏油","乾燥","良好","正常","無","未繪設快慢車道分隔線","無",40,"未使用",121.070477,25.019928,"桃園市","觀音區"
"路口交岔撞","2022",11,27,20,"晴","夜間(或隧道、地下道、涵洞)有照明",50,"多岔路","交叉路口內","柏油","乾燥","良好","正常","雙向禁止超車線","快慢車道分隔線","有",25,"未使用",120.352997,23.705255,"雲林縣","土庫鎮"
"路口交岔撞","2022",11,27,20,"晴","夜間(或隧道、地下道、涵洞)有照明",50,"多岔路","交叉路口內","柏油","乾燥","良好","正常","雙向禁止超車線","快慢車道分隔線","有",17,"未使用",120.352997,23.705255,"雲林縣","土庫鎮"
"同向通行中","2022",11,28,6,"晴","晨或暮光",50,"直路","一般車道(未劃分快慢車道)","柏油","乾燥","良好","無號誌","無","未繪設快慢車道分隔線","有",34,"未使用",120.247881,23.16609,"臺南市","麻豆區"
"同向通行中","2022",11,28,6,"晴","晨或暮光",50,"直路","一般車道(未劃分快慢車道)","柏油","乾燥","良好","無號誌","無","未繪設快慢車道分隔線","有",71,"非駕駛人",120.247881,23.16609,"臺南市","麻豆區"
"路口交岔撞","2022",11,28,8,"晴","日間自然光線",50,"四岔路","交叉路口內","柏油","乾燥","良好","正常","中央分向島","未繪設快慢車道分隔線","有",64,"不明",120.258978,23.742318,"雲林縣","麥寮鄉"
"路口交岔撞","2022",11,28,8,"晴","日間自然光線",50,"四岔路","交叉路口內","柏油","乾燥","良好","正常","中央分向島","未繪設快慢車道分隔線","有",45,"不明",120.258978,23.742318,"雲林縣","麥寮鄉"
"側撞","2022",11,28,12,"晴","日間自然光線",50,"三岔路","交叉路口內","柏油","乾燥","良好","正常","無","未繪設快慢車道分隔線","無",23,"未使用",120.268279,23.16573,"臺南市","善化區"
"側撞","2022",11,28,12,"晴","日間自然光線",50,"三岔路","交叉路口內","柏油","乾燥","良好","正常","無","未繪設快慢車道分隔線","無",26,"未使用",120.268279,23.16573,"臺南市","善化區"
"側撞","2022",11,28,12,"晴","日間自然光線",50,"三岔路","交叉路口內","柏油","乾燥","良好","正常","無","未繪設快慢車道分隔線","無",29,"未使用",120.268279,23.16573,"臺南市","善化區"
"路口交岔撞","2022",11,28,14,"晴","日間自然光線",30,"四岔路","交叉路口內","柏油","乾燥","良好","無號誌","無","未繪設快慢車道分隔線","無",56,"未使用",120.290299,22.974819,"臺南市","歸仁區"
"路口交岔撞","2022",11,28,14,"晴","日間自然光線",30,"四岔路","交叉路口內","柏油","乾燥","良好","無號誌","無","未繪設快慢車道分隔線","無",44,"未使用",120.290299,22.974819,"臺南市","歸仁區"
"路口交岔撞","2022",11,28,14,"晴","日間自然光線",30,"四岔路","交叉路口內","柏油","乾燥","良好","無號誌","無","未繪設快慢車道分隔線","無",20,"不明",120.290299,22.974819,"臺南市","歸仁區"
"路口交岔撞","2022",11,28,14,"晴","日間自然光線",30,"四岔路","交叉路口內","柏油","乾燥","良好","無號誌","無","未繪設快慢車道分隔線","無",49,"不明",120.290299,22.974819,"臺南市","歸仁區"
"撞路樹、電桿","2022",11,28,17,"晴","夜間(或隧道、地下道、涵洞)無照明",30,"彎曲路及附近","一般車道(未劃分快慢車道)","柏油","乾燥","良好","無號誌","雙向禁止超車線","未繪設快慢車道分隔線","有",70,"不明",120.852487,23.486365,"南投縣","信義鄉"
"撞路樹、電桿","2022",11,28,17,"晴","夜間(或隧道、地下道、涵洞)無照明",30,"彎曲路及附近","一般車道(未劃分快慢車道)","柏油","乾燥","良好","無號誌","雙向禁止超車線","未繪設快慢車道分隔線","有",68,"非駕駛人",120.852487,23.486365,"南投縣","信義鄉"
"追撞","2022",11,28,17,"晴","夜間(或隧道、地下道、涵洞)有照明",70,"三岔路","交叉路口內","柏油","乾燥","良好","正常","無","未繪設快慢車道分隔線","無",53,"未使用",120.260353,23.305015,"臺南市","鹽水區"
"追撞","2022",11,28,17,"晴","夜間(或隧道、地下道、涵洞)有照明",70,"三岔路","交叉路口內","柏油","乾燥","良好","正常","無","未繪設快慢車道分隔線","無",56,"未使用",120.260353,23.305015,"臺南市","鹽水區"
"撞路樹、電桿","2022",11,29,8,"晴","日間自然光線",60,"直路","路肩、路緣","柏油","乾燥","良好","無號誌","雙向禁止超車線","快慢車道分隔線","有",69,"未使用",121.274147,23.208676,"花蓮縣","富里鄉"
"撞路樹、電桿","2022",11,29,8,"晴","日間自然光線",60,"直路","路肩、路緣","柏油","乾燥","良好","無號誌","雙向禁止超車線","快慢車道分隔線","有",90,"未使用",121.274147,23.208676,"花蓮縣","富里鄉"
"同向擦撞","2022",11,29,14,"晴","日間自然光線",50,"四岔路","交叉路口內","柏油","乾燥","良好","正常","無","未繪設快慢車道分隔線","無",50,"不明",121.487095,25.05159,"新北市","三重區"
"同向擦撞","2022",11,29,14,"晴","日間自然光線",50,"四岔路","交叉路口內","柏油","乾燥","良好","正常","無","未繪設快慢車道分隔線","無",61,"不明",121.487095,25.05159,"新北市","三重區"
"撞路樹、電桿","2022",11,29,15,"晴","日間自然光線",30,"直路","一般車道(未劃分快慢車道)","柏油","乾燥","良好","無號誌","無","未繪設快慢車道分隔線","有",71,"不明",121.571389,25.268611,"新北市","石門區"
"同向通行中","2022",11,29,20,"晴","夜間(或隧道、地下道、涵洞)有照明",50,"多岔路","快車道","柏油","乾燥","良好","正常","中央分向島","未繪設快慢車道分隔線","無",75,"非駕駛人",120.238771,23.052423,"臺南市","南區"
"同向通行中","2022",11,29,20,"晴","夜間(或隧道、地下道、涵洞)有照明",50,"多岔路","快車道","柏油","乾燥","良好","正常","中央分向島","未繪設快慢車道分隔線","無",44,"未使用",120.238771,23.052423,"臺南市","南區"
"同向擦撞","2022",11,29,21,"晴","夜間(或隧道、地下道、涵洞)有照明",60,"直路","快車道","柏油","乾燥","良好","無號誌","中央分向島","快慢車道分隔線","有",61,"未使用",120.625727,24.35803,"臺中市","大甲區"
"同向擦撞","2022",11,29,21,"晴","夜間(或隧道、地下道、涵洞)有照明",60,"直路","快車道","柏油","乾燥","良好","無號誌","中央分向島","快慢車道分隔線","有",41,"未使用",120.625727,24.35803,"臺中市","大甲區"
"路口交岔撞","2022",11,30,6,"晴","日間自然光線",70,"四岔路","交叉路口內","柏油","乾燥","良好","正常","中央分向島","快慢車道分隔線","有",62,"未使用",120.273729,22.952079,"臺南市","歸仁區"
"路口交岔撞","2022",11,30,6,"晴","日間自然光線",70,"四岔路","交叉路口內","柏油","乾燥","良好","正常","中央分向島","快慢車道分隔線","有",59,"未使用",120.273729,22.952079,"臺南市","歸仁區"
"追撞","2022",11,30,7,"晴","日間自然光線",30,"直路","一般車道(未劃分快慢車道)","柏油","乾燥","良好","無號誌","無","未繪設快慢車道分隔線","有",27,"未使用",120.448473,23.961959,"彰化縣","溪湖鎮"
"追撞","2022",11,30,7,"晴","日間自然光線",30,"直路","一般車道(未劃分快慢車道)","柏油","乾燥","良好","無號誌","無","未繪設快慢車道分隔線","有",33,"未使用",120.448473,23.961959,"彰化縣","溪湖鎮"
"追撞","2022",11,30,7,"晴","日間自然光線",30,"直路","一般車道(未劃分快慢車道)","柏油","乾燥","良好","無號誌","無","未繪設快慢車道分隔線","有",24,"未使用",120.448473,23.961959,"彰化縣","溪湖鎮"
"追撞","2022",11,30,7,"晴","日間自然光線",30,"直路","一般車道(未劃分快慢車道)","柏油","乾燥","良好","無號誌","無","未繪設快慢車道分隔線","有",4,"未使用",120.448473,23.961959,"彰化縣","溪湖鎮"
"追撞","2022",11,30,7,"晴","日間自然光線",30,"直路","一般車道(未劃分快慢車道)","柏油","乾燥","良好","無號誌","無","未繪設快慢車道分隔線","有",3,"未使用",120.448473,23.961959,"彰化縣","溪湖鎮"
"側撞","2022",11,30,7,"晴","日間自然光線",50,"三岔路","交叉路口內","柏油","乾燥","良好","正常","雙向禁止超車線","未繪設快慢車道分隔線","有",33,"不明",120.455393,23.792432,"雲林縣","西螺鎮"
"側撞","2022",11,30,7,"晴","日間自然光線",50,"三岔路","交叉路口內","柏油","乾燥","良好","正常","雙向禁止超車線","未繪設快慢車道分隔線","有",74,"非駕駛人",120.455393,23.792432,"雲林縣","西螺鎮"
"穿越道路中","2022",11,30,8,"晴","日間自然光線",30,"三岔路","行人穿越道","柏油","乾燥","良好","正常","無","未繪設快慢車道分隔線","無",32,"未使用",120.237147,22.982466,"臺南市","東區"
"穿越道路中","2022",11,30,8,"晴","日間自然光線",30,"三岔路","行人穿越道","柏油","乾燥","良好","正常","無","未繪設快慢車道分隔線","無",67,"非駕駛人",120.237147,22.982466,"臺南市","東區"
"側撞","2022",11,30,16,"晴","日間自然光線",50,"四岔路","交叉路口內","柏油","乾燥","良好","無號誌","中央分向島","快慢車道分隔線","有",67,"未使用",120.296444,22.714614,"高雄市","楠梓區"
"側撞","2022",11,30,16,"晴","日間自然光線",50,"四岔路","交叉路口內","柏油","乾燥","良好","無號誌","中央分向島","快慢車道分隔線","有",25,"未使用",120.296444,22.714614,"高雄市","楠梓區"
"側撞","2022",11,30,16,"晴","日間自然光線",50,"四岔路","交叉路口內","柏油","乾燥","良好","無號誌","中央分向島","快慢車道分隔線","有",38,"不明",120.296444,22.714614,"高雄市","楠梓區"
"同向通行中","2022",11,30,17,"晴","日間自然光線",50,"三岔路","一般車道(未劃分快慢車道)","柏油","乾燥","良好","無號誌","雙向禁止超車線","未繪設快慢車道分隔線","有",17,"不明",120.513287,24.029848,"彰化縣","秀水鄉"
"同向通行中","2022",11,30,17,"晴","日間自然光線",50,"三岔路","一般車道(未劃分快慢車道)","柏油","乾燥","良好","無號誌","雙向禁止超車線","未繪設快慢車道分隔線","有",67,"不明",120.513287,24.029848,"彰化縣","秀水鄉"