"事故類型及型態子類別名稱","發生年度","發生月份","發生日期","發生時間","天候名稱","光線名稱","速限.第1當事者","道路型態子類別名稱","事故位置子類別名稱","路面狀況.路面鋪裝名稱","路面狀況.路面狀態名稱","道路障礙.視距品質名稱","號誌.號誌動作名稱","車道劃分設施.分向設施大類別名稱","車道劃分設施.分道設施.快慢車道間名稱","車道劃分設施.分道設施.路面邊線名稱","當事者事故發生時年齡","行動電話或電腦或其他相類功能裝置名稱","經度","緯度","縣市","鄉鎮"
"同向通行中","2022",11,30,17,"晴","日間自然光線",50,"三岔路","一般車道(未劃分快慢車道)","柏油","乾燥","良好","無號誌","雙向禁止超車線","未繪設快慢車道分隔線","有",45,"不明",120.513287,24.029848,"彰化縣","秀水鄉"
"同向通行中","2022",11,30,17,"晴","日間自然光線",50,"三岔路","一般車道(未劃分快慢車道)","柏油","乾燥","良好","無號誌","雙向禁止超車線","未繪設快慢車道分隔線","有",15,"不明",120.513287,24.029848,"彰化縣","秀水鄉"
"其他","2022",12,1,17,"晴","日間自然光線",40,"直路","一般車道(未劃分快慢車道)","柏油","乾燥","良好","無號誌","雙向禁止超車線","未繪設快慢車道分隔線","有",73,"未使用",120.786692,23.794333,"南投縣","鹿谷鄉"
"其他","2022",12,1,17,"晴","日間自然光線",40,"直路","一般車道(未劃分快慢車道)","柏油","乾燥","良好","無號誌","雙向禁止超車線","未繪設快慢車道分隔線","有",66,"未使用",120.786692,23.794333,"南投縣","鹿谷鄉"
"其他","2022",12,1,17,"晴","日間自然光線",40,"直路","一般車道(未劃分快慢車道)","柏油","乾燥","良好","無號誌","雙向禁止超車線","未繪設快慢車道分隔線","有",22,"未使用",120.786692,23.794333,"南投縣","鹿谷鄉"
"穿越道路中","2022",12,2,5,"雨","夜間(或隧道、地下道、涵洞)有照明",50,"三岔路","交叉路口內","柏油","濕潤","不良","正常","無","未繪設快慢車道分隔線","無",61,"非駕駛人",121.148285,24.907339,"桃園市","楊梅區"
"穿越道路中","2022",12,2,5,"雨","夜間(或隧道、地下道、涵洞)有照明",50,"三岔路","交叉路口內","柏油","濕潤","不良","正常","無","未繪設快慢車道分隔線","無",26,"未使用",121.148285,24.907339,"桃園市","楊梅區"
"側撞","2022",12,2,13,"晴","日間自然光線",70,"四岔路","交叉路口內","柏油","乾燥","良好","無號誌","中央分向島","快慢車道分隔線","有",54,"未使用",120.490148,22.742065,"屏東縣","九如鄉"
"側撞","2022",12,2,13,"晴","日間自然光線",70,"四岔路","交叉路口內","柏油","乾燥","良好","無號誌","中央分向島","快慢車道分隔線","有",65,"未使用",120.490148,22.742065,"屏東縣","九如鄉"
"側撞","2022",12,2,16,"晴","日間自然光線",30,"三岔路","交叉路口內","柏油","乾燥","良好","無號誌","無","未繪設快慢車道分隔線","無",50,"未使用",120.5124,22.86539,"高雄市","美濃區"
"側撞","2022",12,2,16,"晴","日間自然光線",30,"三岔路","交叉路口內","柏油","乾燥","良好","無號誌","無","未繪設快慢車道分隔線","無",22,"未使用",120.5124,22.86539,"高雄市","美濃區"
"穿越道路中","2022",12,2,17,"晴","日間自然光線",50,"直路","快車道","柏油","乾燥","良好","無號誌","雙向禁止超車線","快慢車道分隔線","有",77,"非駕駛人",120.497313,22.687599,"屏東縣","屏東市"
"穿越道路中","2022",12,2,17,"晴","日間自然光線",50,"直路","快車道","柏油","乾燥","良好","無號誌","雙向禁止超車線","快慢車道分隔線","有",28,"未使用",120.497313,22.687599,"屏東縣","屏東市"
"穿越道路中","2022",12,2,17,"晴","日間自然光線",50,"直路","快車道","柏油","乾燥","良好","無號誌","雙向禁止超車線","快慢車道分隔線","有",51,"未使用",120.497313,22.687599,"屏東縣","屏東市"
"穿越道路中","2022",12,2,17,"晴","夜間(或隧道、地下道、涵洞)有照明",50,"四岔路","行人穿越道","柏油","乾燥","良好","正常","無","未繪設快慢車道分隔線","無",54,"未使用",121.249739,24.989114,"桃園市","中壢區"
"穿越道路中","2022",12,2,17,"晴","夜間(或隧道、地下道、涵洞)有照明",50,"四岔路","行人穿越道","柏油","乾燥","良好","正常","無","未繪設快慢車道分隔線","無",10,"不明",121.249739,24.989114,"桃園市","中壢區"
"穿越道路中","2022",12,2,17,"晴","夜間(或隧道、地下道、涵洞)有照明",50,"四岔路","行人穿越道","柏油","乾燥","良好","正常","無","未繪設快慢車道分隔線","無",62,"未使用",121.249739,24.989114,"桃園市","中壢區"
"撞護欄(樁)","2022",12,2,22,"陰","夜間(或隧道、地下道、涵洞)有照明",30,"直路","一般車道(未劃分快慢車道)","柏油","乾燥","良好","無號誌","無","未繪設快慢車道分隔線","無",55,"使用免持或未有礙駕駛安全",120.45775,22.592358,"屏東縣","萬丹鄉"
"側撞","2022",12,2,23,"晴","夜間(或隧道、地下道、涵洞)有照明",60,"三岔路","交叉路口內","柏油","乾燥","良好","正常","中央分向島","未繪設快慢車道分隔線","有",60,"不明",120.780625,24.461016,"苗栗縣","銅鑼鄉"
"側撞","2022",12,2,23,"晴","夜間(或隧道、地下道、涵洞)有照明",60,"三岔路","交叉路口內","柏油","乾燥","良好","正常","中央分向島","未繪設快慢車道分隔線","有",39,"不明",120.780625,24.461016,"苗栗縣","銅鑼鄉"
"路口交岔撞","2022",12,3,9,"晴","日間自然光線",50,"四岔路","交叉路口內","柏油","乾燥","良好","無號誌","雙向禁止超車線","未繪設快慢車道分隔線","有",70,"未使用",120.537406,22.778468,"屏東縣","里港鄉"
"路口交岔撞","2022",12,3,9,"晴","日間自然光線",50,"四岔路","交叉路口內","柏油","乾燥","良好","無號誌","雙向禁止超車線","未繪設快慢車道分隔線","有",37,"未使用",120.537406,22.778468,"屏東縣","里港鄉"
"路口交岔撞","2022",12,3,9,"晴","日間自然光線",50,"四岔路","交叉路口內","柏油","乾燥","良好","無號誌","雙向禁止超車線","未繪設快慢車道分隔線","有",31,"未使用",120.537406,22.778468,"屏東縣","里港鄉"
"側撞","2022",12,3,10,"陰","日間自然光線",50,"三岔路","交叉口附近","柏油","濕潤","良好","正常","中央分向島","未繪設快慢車道分隔線","無",30,"未使用",121.570167,25.041109,"臺北市","信義區"
"側撞","2022",12,3,10,"陰","日間自然光線",50,"三岔路","交叉口附近","柏油","濕潤","良好","正常","中央分向島","未繪設快慢車道分隔線","無",18,"未使用",121.570167,25.041109,"臺北市","信義區"
"路口交岔撞","2022",12,3,11,"晴","日間自然光線",30,"四岔路","交叉路口內","柏油","乾燥","良好","無號誌","無","未繪設快慢車道分隔線","有",55,"未使用",120.282181,22.975446,"臺南市","歸仁區"
"路口交岔撞","2022",12,3,11,"晴","日間自然光線",30,"四岔路","交叉路口內","柏油","乾燥","良好","無號誌","無","未繪設快慢車道分隔線","有",85,"未使用",120.282181,22.975446,"臺南市","歸仁區"
"穿越道路中","2022",12,3,20,"晴","夜間(或隧道、地下道、涵洞)有照明",50,"直路","一般車道(未劃分快慢車道)","柏油","乾燥","良好","無號誌","中央分向島","未繪設快慢車道分隔線","無",74,"非駕駛人",121.543354,24.965422,"新北市","新店區"
"穿越道路中","2022",12,3,20,"晴","夜間(或隧道、地下道、涵洞)有照明",50,"直路","一般車道(未劃分快慢車道)","柏油","乾燥","良好","無號誌","中央分向島","未繪設快慢車道分隔線","無",22,"未使用",121.543354,24.965422,"新北市","新店區"
"穿越道路中","2022",12,3,20,"晴","夜間(或隧道、地下道、涵洞)有照明",50,"直路","一般車道(未劃分快慢車道)","柏油","乾燥","良好","無號誌","中央分向島","未繪設快慢車道分隔線","無",52,"未使用",121.543354,24.965422,"新北市","新店區"
"穿越道路中","2022",12,3,20,"晴","夜間(或隧道、地下道、涵洞)有照明",50,"直路","一般車道(未劃分快慢車道)","柏油","乾燥","良好","無號誌","中央分向島","未繪設快慢車道分隔線","無",47,"未使用",121.543354,24.965422,"新北市","新店區"
"穿越道路中","2022",12,3,20,"晴","夜間(或隧道、地下道、涵洞)有照明",50,"直路","一般車道(未劃分快慢車道)","柏油","乾燥","良好","無號誌","中央分向島","未繪設快慢車道分隔線","無",33,"非駕駛人",121.543354,24.965422,"新北市","新店區"
"穿越道路中","2022",12,3,20,"晴","夜間(或隧道、地下道、涵洞)有照明",50,"直路","一般車道(未劃分快慢車道)","柏油","乾燥","良好","無號誌","中央分向島","未繪設快慢車道分隔線","無",43,"未使用",121.543354,24.965422,"新北市","新店區"
"撞路樹、電桿","2022",12,4,1,"晴","夜間(或隧道、地下道、涵洞)有照明",30,"彎曲路及附近","一般車道(未劃分快慢車道)","柏油","乾燥","良好","無號誌","無","未繪設快慢車道分隔線","有",54,"不明",120.18669,23.371678,"嘉義縣","布袋鎮"
"撞路樹、電桿","2022",12,4,1,"晴","夜間(或隧道、地下道、涵洞)有照明",30,"彎曲路及附近","一般車道(未劃分快慢車道)","柏油","乾燥","良好","無號誌","無","未繪設快慢車道分隔線","有",57,"非駕駛人",120.18669,23.371678,"嘉義縣","布袋鎮"
"撞路樹、電桿","2022",12,4,6,"晴","日間自然光線",60,"直路","路肩、路緣","柏油","乾燥","良好","無號誌","中央分向島","快慢車道分隔線","有",21,"未使用",120.685752,23.990716,"南投縣","草屯鎮"
"其他","2022",12,4,8,"雨","日間自然光線",50,"直路","一般車道(未劃分快慢車道)","柏油","濕潤","良好","無號誌","雙向禁止超車線","未繪設快慢車道分隔線","有",24,"未使用",121.357751,24.953903,"新北市","鶯歌區"
"其他","2022",12,4,8,"雨","日間自然光線",50,"直路","一般車道(未劃分快慢車道)","柏油","濕潤","良好","無號誌","雙向禁止超車線","未繪設快慢車道分隔線","有",40,"未使用",121.357751,24.953903,"新北市","鶯歌區"
"其他","2022",12,4,8,"雨","日間自然光線",50,"直路","一般車道(未劃分快慢車道)","柏油","濕潤","良好","無號誌","雙向禁止超車線","未繪設快慢車道分隔線","有",58,"未使用",121.357751,24.953903,"新北市","鶯歌區"
"撞護欄(樁)","2022",12,4,15,"雨","日間自然光線",50,"彎曲路及附近","快車道","柏油","濕潤","良好","無號誌","中央分向島","未繪設快慢車道分隔線","有",41,"不明",121.733522,25.153697,"基隆市","中山區"
"對撞","2022",12,4,19,"晴","夜間(或隧道、地下道、涵洞)有照明",50,"直路","慢車道","柏油","乾燥","良好","無號誌","行車分向線","快慢車道分隔線","有",71,"未使用",120.505,22.93589,"高雄市","旗山區"
"對撞","2022",12,4,19,"晴","夜間(或隧道、地下道、涵洞)有照明",50,"直路","慢車道","柏油","乾燥","良好","無號誌","行車分向線","快慢車道分隔線","有",17,"未使用",120.505,22.93589,"高雄市","旗山區"
"同向擦撞","2022",12,5,11,"晴","日間自然光線",40,"直路","一般車道(未劃分快慢車道)","柏油","乾燥","良好","無號誌","雙向禁止超車線","未繪設快慢車道分隔線","無",20,"未使用",120.590892,23.99834,"彰化縣","大村鄉"
"同向擦撞","2022",12,5,11,"晴","日間自然光線",40,"直路","一般車道(未劃分快慢車道)","柏油","乾燥","良好","無號誌","雙向禁止超車線","未繪設快慢車道分隔線","無",63,"未使用",120.590892,23.99834,"彰化縣","大村鄉"
"同向擦撞","2022",12,5,11,"晴","日間自然光線",40,"直路","一般車道(未劃分快慢車道)","柏油","乾燥","良好","無號誌","雙向禁止超車線","未繪設快慢車道分隔線","無",19,"未使用",120.590892,23.99834,"彰化縣","大村鄉"
"同向擦撞","2022",12,5,11,"晴","日間自然光線",40,"直路","一般車道(未劃分快慢車道)","柏油","乾燥","良好","無號誌","雙向禁止超車線","未繪設快慢車道分隔線","無",19,"非駕駛人",120.590892,23.99834,"彰化縣","大村鄉"
"追撞","2022",12,5,13,"晴","日間自然光線",110,"直路","快車道","柏油","乾燥","良好","無號誌","中央分向島","未繪設快慢車道分隔線","有",58,"未使用",120.445253,23.645731,"雲林縣","大埤鄉"
"追撞","2022",12,5,13,"晴","日間自然光線",110,"直路","快車道","柏油","乾燥","良好","無號誌","中央分向島","未繪設快慢車道分隔線","有",36,"未使用",120.445253,23.645731,"雲林縣","大埤鄉"
"路口交岔撞","2022",12,5,14,"晴","日間自然光線",50,"四岔路","交叉路口內","柏油","乾燥","良好","正常","無","未繪設快慢車道分隔線","無",70,"未使用",120.296079,23.298601,"臺南市","新營區"
"路口交岔撞","2022",12,5,14,"晴","日間自然光線",50,"四岔路","交叉路口內","柏油","乾燥","良好","正常","無","未繪設快慢車道分隔線","無",21,"未使用",120.296079,23.298601,"臺南市","新營區"
"其他","2022",12,5,19,"晴","夜間(或隧道、地下道、涵洞)有照明",60,"直路","快車道","柏油","乾燥","良好","無號誌","中央分向島","快慢車道分隔線","有",45,"未使用",120.680163,22.21783,"屏東縣","枋山鄉"
"其他","2022",12,5,19,"晴","夜間(或隧道、地下道、涵洞)有照明",60,"直路","快車道","柏油","乾燥","良好","無號誌","中央分向島","快慢車道分隔線","有",65,"未使用",120.680163,22.21783,"屏東縣","枋山鄉"
"其他","2022",12,5,19,"晴","夜間(或隧道、地下道、涵洞)有照明",60,"直路","快車道","柏油","乾燥","良好","無號誌","中央分向島","快慢車道分隔線","有",43,"非駕駛人",120.680163,22.21783,"屏東縣","枋山鄉"
"撞路樹、電桿","2022",12,6,8,"晴","日間自然光線",60,"三岔路","一般車道(未劃分快慢車道)","柏油","乾燥","良好","無號誌","行車分向線","快慢車道分隔線","有",71,"不明",120.272899,23.304139,"臺南市","鹽水區"
"追撞","2022",12,6,13,"晴","日間自然光線",70,"直路","快車道","柏油","乾燥","良好","無號誌","中央分向島","快慢車道分隔線","有",41,"不明",120.217503,23.453838,"嘉義縣","朴子市"
"追撞","2022",12,6,13,"晴","日間自然光線",70,"直路","快車道","柏油","乾燥","良好","無號誌","中央分向島","快慢車道分隔線","有",59,"不明",120.217503,23.453838,"嘉義縣","朴子市"
"側撞","2022",12,6,15,"陰","日間自然光線",50,"四岔路","交叉路口內","柏油","乾燥","良好","正常","無","未繪設快慢車道分隔線","無",56,"未使用",121.221424,24.952966,"桃園市","中壢區"
"側撞","2022",12,6,15,"陰","日間自然光線",50,"四岔路","交叉路口內","柏油","乾燥","良好","正常","無","未繪設快慢車道分隔線","無",19,"未使用",121.221424,24.952966,"桃園市","中壢區"
"穿越道路中","2022",12,6,18,"陰","夜間(或隧道、地下道、涵洞)有照明",40,"直路","一般車道(未劃分快慢車道)","柏油","乾燥","良好","無號誌","無","未繪設快慢車道分隔線","無",23,"未使用",121.518187,25.048378,"臺北市","中正區"
"穿越道路中","2022",12,6,18,"陰","夜間(或隧道、地下道、涵洞)有照明",40,"直路","一般車道(未劃分快慢車道)","柏油","乾燥","良好","無號誌","無","未繪設快慢車道分隔線","無",65,"非駕駛人",121.518187,25.048378,"臺北市","中正區"
"側撞","2022",12,6,21,"晴","夜間(或隧道、地下道、涵洞)有照明",60,"三岔路","交叉路口內","柏油","乾燥","良好","正常","無","未繪設快慢車道分隔線","無",44,"未使用",120.581421,24.209662,"臺中市","沙鹿區"
"側撞","2022",12,6,21,"晴","夜間(或隧道、地下道、涵洞)有照明",60,"三岔路","交叉路口內","柏油","乾燥","良好","正常","無","未繪設快慢車道分隔線","無",23,"未使用",120.581421,24.209662,"臺中市","沙鹿區"
"追撞","2022",12,6,22,"晴","夜間(或隧道、地下道、涵洞)無照明",90,"直路","快車道","柏油","乾燥","良好","無號誌","中央分向島","未繪設快慢車道分隔線","有",66,"不明",120.5678,24.32805,"臺中市","大安區"
"追撞","2022",12,6,22,"晴","夜間(或隧道、地下道、涵洞)無照明",90,"直路","快車道","柏油","乾燥","良好","無號誌","中央分向島","未繪設快慢車道分隔線","有",43,"使用手持或有礙駕駛安全",120.5678,24.32805,"臺中市","大安區"
"追撞","2022",12,6,22,"晴","夜間(或隧道、地下道、涵洞)無照明",90,"直路","快車道","柏油","乾燥","良好","無號誌","中央分向島","未繪設快慢車道分隔線","有",41,"未使用",120.5678,24.32805,"臺中市","大安區"
"側撞","2022",12,7,4,"晴","夜間(或隧道、地下道、涵洞)有照明",50,"四岔路","交叉口附近","柏油","乾燥","良好","正常","無","未繪設快慢車道分隔線","無",65,"未使用",120.706222,24.129627,"臺中市","東區"
"側撞","2022",12,7,4,"晴","夜間(或隧道、地下道、涵洞)有照明",50,"四岔路","交叉口附近","柏油","乾燥","良好","正常","無","未繪設快慢車道分隔線","無",55,"未使用",120.706222,24.129627,"臺中市","東區"
"同向擦撞","2022",12,7,8,"晴","日間自然光線",50,"直路","快車道","柏油","乾燥","良好","無號誌","中央分向島","快慢車道分隔線","有",84,"未使用",120.288247,23.44794,"嘉義縣","朴子市"
"同向擦撞","2022",12,7,8,"晴","日間自然光線",50,"直路","快車道","柏油","乾燥","良好","無號誌","中央分向島","快慢車道分隔線","有",36,"未使用",120.288247,23.44794,"嘉義縣","朴子市"
"衝出路外","2022",12,7,19,"晴","夜間(或隧道、地下道、涵洞)無照明",25,"直路","其他","柏油","乾燥","良好","無號誌","無","未繪設快慢車道分隔線","有",59,"不明",121.135551,24.711966,"新竹縣","橫山鄉"
"撞交通島","2022",12,7,22,"晴","夜間(或隧道、地下道、涵洞)有照明",50,"三岔路","交叉路口內","柏油","乾燥","良好","正常","中央分向島","未繪設快慢車道分隔線","無",61,"不明",120.659724,24.118757,"臺中市","南區"
"對向擦撞","2022",12,8,10,"晴","日間自然光線",30,"彎曲路及附近","一般車道(未劃分快慢車道)","柏油","泥濘","良好","無號誌","行車分向線","未繪設快慢車道分隔線","有",60,"未使用",121.422512,24.482085,"宜蘭縣","大同鄉"
"對向擦撞","2022",12,8,10,"晴","日間自然光線",30,"彎曲路及附近","一般車道(未劃分快慢車道)","柏油","泥濘","良好","無號誌","行車分向線","未繪設快慢車道分隔線","有",60,"未使用",121.422512,24.482085,"宜蘭縣","大同鄉"
"路口交岔撞","2022",12,8,10,"晴","日間自然光線",50,"四岔路","交叉路口內","柏油","乾燥","良好","正常","無","未繪設快慢車道分隔線","無",52,"未使用",120.414993,23.346964,"臺南市","白河區"
"路口交岔撞","2022",12,8,10,"晴","日間自然光線",50,"四岔路","交叉路口內","柏油","乾燥","良好","正常","無","未繪設快慢車道分隔線","無",81,"未使用",120.414993,23.346964,"臺南市","白河區"
"其他","2022",12,8,17,"晴","日間自然光線",50,"直路","一般車道(未劃分快慢車道)","柏油","乾燥","良好","無號誌","中央分向島","未繪設快慢車道分隔線","無",54,"未使用",121.458179,25.09283,"新北市","蘆洲區"
"其他","2022",12,8,17,"晴","日間自然光線",50,"直路","一般車道(未劃分快慢車道)","柏油","乾燥","良好","無號誌","中央分向島","未繪設快慢車道分隔線","無",52,"未使用",121.458179,25.09283,"新北市","蘆洲區"
"其他","2022",12,8,17,"晴","日間自然光線",50,"直路","一般車道(未劃分快慢車道)","柏油","乾燥","良好","無號誌","中央分向島","未繪設快慢車道分隔線","無",52,"不明",121.458179,25.09283,"新北市","蘆洲區"
"穿越道路中","2022",12,8,18,"晴","夜間(或隧道、地下道、涵洞)有照明",60,"直路","一般車道(未劃分快慢車道)","柏油","乾燥","良好","無號誌","中央分向島","未繪設快慢車道分隔線","有",68,"非駕駛人",120.956024,24.753764,"新竹市","香山區"
"穿越道路中","2022",12,8,18,"晴","夜間(或隧道、地下道、涵洞)有照明",60,"直路","一般車道(未劃分快慢車道)","柏油","乾燥","良好","無號誌","中央分向島","未繪設快慢車道分隔線","有",14,"不明",120.956024,24.753764,"新竹市","香山區"
"穿越道路中","2022",12,8,18,"晴","夜間(或隧道、地下道、涵洞)有照明",60,"直路","一般車道(未劃分快慢車道)","柏油","乾燥","良好","無號誌","中央分向島","未繪設快慢車道分隔線","有",15,"不明",120.956024,24.753764,"新竹市","香山區"
"側撞","2022",12,8,18,"晴","夜間(或隧道、地下道、涵洞)有照明",40,"四岔路","交叉路口內","柏油","乾燥","良好","正常","中央分向島","未繪設快慢車道分隔線","有",72,"未使用",120.382792,22.743983,"高雄市","大社區"
"側撞","2022",12,8,18,"晴","夜間(或隧道、地下道、涵洞)有照明",40,"四岔路","交叉路口內","柏油","乾燥","良好","正常","中央分向島","未繪設快慢車道分隔線","有",18,"未使用",120.382792,22.743983,"高雄市","大社區"
"側撞","2022",12,8,18,"晴","夜間(或隧道、地下道、涵洞)有照明",40,"四岔路","交叉路口內","柏油","乾燥","良好","正常","中央分向島","未繪設快慢車道分隔線","有",5,"非駕駛人",120.382792,22.743983,"高雄市","大社區"
"側撞","2022",12,8,18,"晴","夜間(或隧道、地下道、涵洞)有照明",40,"四岔路","交叉路口內","柏油","乾燥","良好","正常","中央分向島","未繪設快慢車道分隔線","有",7,"非駕駛人",120.382792,22.743983,"高雄市","大社區"
"側撞","2022",12,8,18,"晴","夜間(或隧道、地下道、涵洞)有照明",40,"四岔路","交叉路口內","柏油","乾燥","良好","正常","中央分向島","未繪設快慢車道分隔線","有",18,"未使用",120.382792,22.743983,"高雄市","大社區"
"穿越道路中","2022",12,8,19,"晴","夜間(或隧道、地下道、涵洞)有照明",50,"直路","一般車道(未劃分快慢車道)","柏油","乾燥","良好","無號誌","雙向禁止超車線","未繪設快慢車道分隔線","有",72,"非駕駛人",120.574444,22.702116,"屏東縣","長治鄉"
"穿越道路中","2022",12,8,19,"晴","夜間(或隧道、地下道、涵洞)有照明",50,"直路","一般車道(未劃分快慢車道)","柏油","乾燥","良好","無號誌","雙向禁止超車線","未繪設快慢車道分隔線","有",30,"未使用",120.574444,22.702116,"屏東縣","長治鄉"
"同向擦撞","2022",12,8,19,"雨","夜間(或隧道、地下道、涵洞)有照明",50,"直路","其他","柏油","濕潤","良好","無號誌","行車分向線","快慢車道分隔線","有",19,"未使用",121.126186,25.002979,"桃園市","觀音區"
"同向擦撞","2022",12,8,19,"雨","夜間(或隧道、地下道、涵洞)有照明",50,"直路","其他","柏油","濕潤","良好","無號誌","行車分向線","快慢車道分隔線","有",55,"未使用",121.126186,25.002979,"桃園市","觀音區"
"同向擦撞","2022",12,8,19,"雨","夜間(或隧道、地下道、涵洞)有照明",50,"直路","其他","柏油","濕潤","良好","無號誌","行車分向線","快慢車道分隔線","有",24,"非駕駛人",121.126186,25.002979,"桃園市","觀音區"
"路口交岔撞","2022",12,8,21,"雨","夜間(或隧道、地下道、涵洞)有照明",30,"四岔路","交叉路口內","柏油","濕潤","良好","無號誌","無","未繪設快慢車道分隔線","無",35,"未使用",121.774818,24.765388,"宜蘭縣","宜蘭市"
"路口交岔撞","2022",12,8,21,"雨","夜間(或隧道、地下道、涵洞)有照明",30,"四岔路","交叉路口內","柏油","濕潤","良好","無號誌","無","未繪設快慢車道分隔線","無",65,"未使用",121.774818,24.765388,"宜蘭縣","宜蘭市"
"追撞","2022",12,9,4,"雨","日間自然光線",50,"直路","路肩、路緣","柏油","濕潤","良好","無號誌","中央分向島","未繪設快慢車道分隔線","有",18,"未使用",121.320819,24.998682,"桃園市","桃園區"
"追撞","2022",12,9,4,"雨","日間自然光線",50,"直路","路肩、路緣","柏油","濕潤","良好","無號誌","中央分向島","未繪設快慢車道分隔線","有",49,"不明",121.320819,24.998682,"桃園市","桃園區"
"側撞","2022",12,9,7,"晴","日間自然光線",50,"四岔路","交叉路口內","柏油","乾燥","良好","正常","無","未繪設快慢車道分隔線","無",59,"未使用",120.3266,22.61149,"高雄市","前鎮區"
"側撞","2022",12,9,7,"晴","日間自然光線",50,"四岔路","交叉路口內","柏油","乾燥","良好","正常","無","未繪設快慢車道分隔線","無",28,"未使用",120.3266,22.61149,"高雄市","前鎮區"
"對撞","2022",12,9,12,"晴","日間自然光線",50,"直路","一般車道(未劃分快慢車道)","柏油","乾燥","良好","無號誌","行車分向線","未繪設快慢車道分隔線","有",18,"未使用",120.315215,23.7202,"雲林縣","褒忠鄉"
"對撞","2022",12,9,12,"晴","日間自然光線",50,"直路","一般車道(未劃分快慢車道)","柏油","乾燥","良好","無號誌","行車分向線","未繪設快慢車道分隔線","有",50,"未使用",120.315215,23.7202,"雲林縣","褒忠鄉"
"對撞","2022",12,9,12,"晴","日間自然光線",50,"直路","一般車道(未劃分快慢車道)","柏油","乾燥","良好","無號誌","行車分向線","未繪設快慢車道分隔線","有",31,"未使用",120.315215,23.7202,"雲林縣","褒忠鄉"
"對撞","2022",12,9,12,"晴","日間自然光線",50,"直路","一般車道(未劃分快慢車道)","柏油","乾燥","良好","無號誌","行車分向線","未繪設快慢車道分隔線","有",32,"未使用",120.315215,23.7202,"雲林縣","褒忠鄉"
"路口交岔撞","2022",12,9,12,"晴","日間自然光線",50,"四岔路","交叉路口內","柏油","乾燥","良好","正常","無","未繪設快慢車道分隔線","無",19,"未使用",120.184662,22.950666,"臺南市","南區"
"路口交岔撞","2022",12,9,12,"晴","日間自然光線",50,"四岔路","交叉路口內","柏油","乾燥","良好","正常","無","未繪設快慢車道分隔線","無",43,"未使用",120.184662,22.950666,"臺南市","南區"
"路口交岔撞","2022",12,9,12,"晴","日間自然光線",50,"四岔路","交叉路口內","柏油","乾燥","良好","正常","無","未繪設快慢車道分隔線","無",20,"未使用",120.184662,22.950666,"臺南市","南區"
"其他","2022",12,9,21,"雨","夜間(或隧道、地下道、涵洞)有照明",60,"直路","快車道","柏油","濕潤","良好","無號誌","雙向禁止超車線","快慢車道分隔線","有",82,"非駕駛人",121.70007,24.667223,"宜蘭縣","三星鄉"
"其他","2022",12,9,21,"雨","夜間(或隧道、地下道、涵洞)有照明",60,"直路","快車道","柏油","濕潤","良好","無號誌","雙向禁止超車線","快慢車道分隔線","有",18,"不明",121.70007,24.667223,"宜蘭縣","三星鄉"
"其他","2022",12,9,21,"雨","夜間(或隧道、地下道、涵洞)有照明",60,"直路","快車道","柏油","濕潤","良好","無號誌","雙向禁止超車線","快慢車道分隔線","有",58,"不明",121.70007,24.667223,"宜蘭縣","三星鄉"
"撞號誌、標誌桿","2022",12,10,6,"雨","夜間(或隧道、地下道、涵洞)有照明",50,"直路","一般車道(未劃分快慢車道)","柏油","濕潤","良好","無號誌","中央分向島","未繪設快慢車道分隔線","有",46,"不明",121.212626,25.103638,"桃園市","大園區"
"路口交岔撞","2022",12,10,8,"晴","日間自然光線",50,"四岔路","交叉路口內","柏油","乾燥","良好","正常","無","未繪設快慢車道分隔線","無",77,"不明",120.1049,23.236527,"臺南市","北門區"
"路口交岔撞","2022",12,10,8,"晴","日間自然光線",50,"四岔路","交叉路口內","柏油","乾燥","良好","正常","無","未繪設快慢車道分隔線","無",58,"未使用",120.1049,23.236527,"臺南市","北門區"
"側撞","2022",12,10,11,"晴","日間自然光線",70,"直路","快車道","柏油","乾燥","良好","無號誌","中央分向島","寛式快慢車道分隔島(50公分以上)","有",75,"未使用",120.555317,22.545617,"屏東縣","潮州鎮"
"側撞","2022",12,10,11,"晴","日間自然光線",70,"直路","快車道","柏油","乾燥","良好","無號誌","中央分向島","寛式快慢車道分隔島(50公分以上)","有",45,"未使用",120.555317,22.545617,"屏東縣","潮州鎮"
"路口交岔撞","2022",12,10,11,"晴","日間自然光線",30,"四岔路","交叉路口內","柏油","乾燥","良好","無號誌","無","未繪設快慢車道分隔線","無",76,"未使用",120.443504,23.986915,"彰化縣","埔鹽鄉"
"路口交岔撞","2022",12,10,11,"晴","日間自然光線",30,"四岔路","交叉路口內","柏油","乾燥","良好","無號誌","無","未繪設快慢車道分隔線","無",35,"未使用",120.443504,23.986915,"彰化縣","埔鹽鄉"
"路上翻車、摔倒","2022",12,10,13,"暴雨","日間自然光線",60,"彎曲路及附近","機車優先道","柏油","濕潤","良好","無號誌","行車分向線","快慢車道分隔線","有",53,"未使用",121.834626,24.602182,"宜蘭縣","蘇澳鎮"
"其他","2022",12,10,13,"雨","日間自然光線",50,"四岔路","交叉路口內","柏油","濕潤","良好","正常","無","未繪設快慢車道分隔線","無",56,"未使用",121.267359,24.991246,"桃園市","蘆竹區"
"佇立路邊(外)","2022",12,10,16,"陰","晨或暮光",50,"橋樑","一般車道(未劃分快慢車道)","柏油","乾燥","不良","無號誌","雙向禁止超車線","未繪設快慢車道分隔線","有",61,"未使用",120.881704,24.667712,"苗栗縣","頭份市"