"事故類型及型態子類別名稱","發生年度","發生月份","發生日期","發生時間","天候名稱","光線名稱","速限.第1當事者","道路型態子類別名稱","事故位置子類別名稱","路面狀況.路面鋪裝名稱","路面狀況.路面狀態名稱","道路障礙.視距品質名稱","號誌.號誌動作名稱","車道劃分設施.分向設施大類別名稱","車道劃分設施.分道設施.快慢車道間名稱","車道劃分設施.分道設施.路面邊線名稱","當事者事故發生時年齡","行動電話或電腦或其他相類功能裝置名稱","經度","緯度","縣市","鄉鎮"
"佇立路邊(外)","2022",12,10,16,"陰","晨或暮光",50,"橋樑","一般車道(未劃分快慢車道)","柏油","乾燥","不良","無號誌","雙向禁止超車線","未繪設快慢車道分隔線","有",76,"非駕駛人",120.881704,24.667712,"苗栗縣","頭份市"
"衝出路外","2022",12,10,23,"陰","夜間(或隧道、地下道、涵洞)有照明",30,"直路","一般車道(未劃分快慢車道)","柏油","乾燥","良好","無號誌","無","未繪設快慢車道分隔線","有",68,"不明",120.387068,23.498445,"嘉義縣","太保市"
"其他","2022",12,11,4,"晴","夜間(或隧道、地下道、涵洞)有照明",50,"四岔路","交叉路口內","柏油","乾燥","良好","正常","無","未繪設快慢車道分隔線","無",41,"未使用",120.670424,24.237872,"臺中市","大雅區"
"其他","2022",12,11,4,"晴","夜間(或隧道、地下道、涵洞)有照明",50,"四岔路","交叉路口內","柏油","乾燥","良好","正常","無","未繪設快慢車道分隔線","無",64,"不明",120.670424,24.237872,"臺中市","大雅區"
"衝出路外","2022",12,11,5,"晴","夜間(或隧道、地下道、涵洞)有照明",70,"直路","路肩、路緣","柏油","乾燥","良好","無號誌","中央分向島","快慢車道分隔線","有",35,"未使用",120.597484,22.378813,"屏東縣","枋寮鄉"
"衝出路外","2022",12,11,5,"晴","夜間(或隧道、地下道、涵洞)有照明",70,"直路","路肩、路緣","柏油","乾燥","良好","無號誌","中央分向島","快慢車道分隔線","有",36,"非駕駛人",120.597484,22.378813,"屏東縣","枋寮鄉"
"穿越道路中","2022",12,11,6,"雨","日間自然光線",50,"三岔路","行人穿越道","柏油","濕潤","良好","正常","無","未繪設快慢車道分隔線","無",62,"未使用",121.259111,24.973282,"桃園市","中壢區"
"穿越道路中","2022",12,11,6,"雨","日間自然光線",50,"三岔路","行人穿越道","柏油","濕潤","良好","正常","無","未繪設快慢車道分隔線","無",70,"非駕駛人",121.259111,24.973282,"桃園市","中壢區"
"同向擦撞","2022",12,11,8,"晴","日間自然光線",50,"直路","一般車道(未劃分快慢車道)","柏油","乾燥","良好","無號誌","雙向禁止超車線","未繪設快慢車道分隔線","有",71,"不明",120.723596,24.13404,"臺中市","太平區"
"同向擦撞","2022",12,11,8,"晴","日間自然光線",50,"直路","一般車道(未劃分快慢車道)","柏油","乾燥","良好","無號誌","雙向禁止超車線","未繪設快慢車道分隔線","有",73,"不明",120.723596,24.13404,"臺中市","太平區"
"側撞","2022",12,11,9,"晴","日間自然光線",60,"四岔路","交叉路口內","柏油","乾燥","良好","正常","中央分向島","未繪設快慢車道分隔線","有",64,"不明",120.446401,22.495707,"屏東縣","新園鄉"
"側撞","2022",12,11,9,"晴","日間自然光線",60,"四岔路","交叉路口內","柏油","乾燥","良好","正常","中央分向島","未繪設快慢車道分隔線","有",50,"未使用",120.446401,22.495707,"屏東縣","新園鄉"
"側撞","2022",12,11,9,"晴","日間自然光線",60,"四岔路","交叉路口內","柏油","乾燥","良好","正常","中央分向島","未繪設快慢車道分隔線","有",17,"非駕駛人",120.446401,22.495707,"屏東縣","新園鄉"
"路口交岔撞","2022",12,11,10,"晴","日間自然光線",50,"三岔路","交叉路口內","柏油","濕潤","良好","正常","無","未繪設快慢車道分隔線","無",20,"未使用",121.233191,25.093947,"桃園市","大園區"
"路口交岔撞","2022",12,11,10,"晴","日間自然光線",50,"三岔路","交叉路口內","柏油","濕潤","良好","正常","無","未繪設快慢車道分隔線","無",36,"未使用",121.233191,25.093947,"桃園市","大園區"
"路口交岔撞","2022",12,11,10,"晴","日間自然光線",50,"三岔路","交叉路口內","柏油","濕潤","良好","正常","無","未繪設快慢車道分隔線","無",35,"非駕駛人",121.233191,25.093947,"桃園市","大園區"
"路口交岔撞","2022",12,11,15,"晴","日間自然光線",30,"四岔路","交叉路口內","柏油","乾燥","良好","無號誌","無","未繪設快慢車道分隔線","無",89,"未使用",120.316296,23.092863,"臺南市","新市區"
"路口交岔撞","2022",12,11,15,"晴","日間自然光線",30,"四岔路","交叉路口內","柏油","乾燥","良好","無號誌","無","未繪設快慢車道分隔線","無",61,"未使用",120.316296,23.092863,"臺南市","新市區"
"其他","2022",12,12,0,"雨","夜間(或隧道、地下道、涵洞)有照明",50,"直路","一般車道(未劃分快慢車道)","柏油","濕潤","良好","正常","行車分向線","未繪設快慢車道分隔線","有",60,"未使用",121.807362,24.46232,"宜蘭縣","蘇澳鎮"
"其他","2022",12,12,0,"雨","夜間(或隧道、地下道、涵洞)有照明",50,"直路","一般車道(未劃分快慢車道)","柏油","濕潤","良好","正常","行車分向線","未繪設快慢車道分隔線","有",79,"非駕駛人",121.807362,24.46232,"宜蘭縣","蘇澳鎮"
"側撞","2022",12,12,13,"晴","日間自然光線",50,"三岔路","一般車道(未劃分快慢車道)","柏油","乾燥","良好","無號誌","雙向禁止超車線","未繪設快慢車道分隔線","有",85,"未使用",120.733318,24.152316,"臺中市","太平區"
"側撞","2022",12,12,13,"晴","日間自然光線",50,"三岔路","一般車道(未劃分快慢車道)","柏油","乾燥","良好","無號誌","雙向禁止超車線","未繪設快慢車道分隔線","有",59,"未使用",120.733318,24.152316,"臺中市","太平區"
"側撞","2022",12,12,16,"雨","日間自然光線",50,"四岔路","交叉路口內","柏油","濕潤","良好","正常","無","未繪設快慢車道分隔線","無",26,"未使用",121.425814,25.064194,"新北市","泰山區"
"側撞","2022",12,12,16,"雨","日間自然光線",50,"四岔路","交叉路口內","柏油","濕潤","良好","正常","無","未繪設快慢車道分隔線","無",63,"未使用",121.425814,25.064194,"新北市","泰山區"
"其他","2022",12,12,16,"陰","日間自然光線",100,"高架道路","快車道","柏油","濕潤","良好","無號誌","無","未繪設快慢車道分隔線","有",68,"未使用",121.280378,25.024416,"桃園市","蘆竹區"
"其他","2022",12,12,16,"陰","日間自然光線",100,"高架道路","快車道","柏油","濕潤","良好","無號誌","無","未繪設快慢車道分隔線","有",43,"未使用",121.280378,25.024416,"桃園市","蘆竹區"
"對向擦撞","2022",12,12,19,"晴","夜間(或隧道、地下道、涵洞)有照明",50,"四岔路","交叉口附近","柏油","乾燥","良好","正常","中央分向島","快慢車道分隔線","有",80,"未使用",120.820866,24.521846,"苗栗縣","公館鄉"
"對向擦撞","2022",12,12,19,"晴","夜間(或隧道、地下道、涵洞)有照明",50,"四岔路","交叉口附近","柏油","乾燥","良好","正常","中央分向島","快慢車道分隔線","有",25,"未使用",120.820866,24.521846,"苗栗縣","公館鄉"
"對向擦撞","2022",12,12,19,"晴","夜間(或隧道、地下道、涵洞)有照明",50,"四岔路","交叉口附近","柏油","乾燥","良好","正常","中央分向島","快慢車道分隔線","有",40,"使用手持或有礙駕駛安全",120.820866,24.521846,"苗栗縣","公館鄉"
"追撞","2022",12,13,17,"晴","夜間(或隧道、地下道、涵洞)有照明",40,"直路","機車優先道","柏油","乾燥","良好","正常","中央分向島","快慢車道分隔線","有",58,"未使用",120.295817,23.070735,"臺南市","新市區"
"追撞","2022",12,13,17,"晴","夜間(或隧道、地下道、涵洞)有照明",40,"直路","機車優先道","柏油","乾燥","良好","正常","中央分向島","快慢車道分隔線","有",35,"未使用",120.295817,23.070735,"臺南市","新市區"
"追撞","2022",12,13,17,"晴","夜間(或隧道、地下道、涵洞)有照明",40,"直路","機車優先道","柏油","乾燥","良好","正常","中央分向島","快慢車道分隔線","有",27,"未使用",120.295817,23.070735,"臺南市","新市區"
"路上翻車、摔倒","2022",12,13,20,"晴","夜間(或隧道、地下道、涵洞)無照明",30,"直路","一般車道(未劃分快慢車道)","其他鋪裝","乾燥","良好","無號誌","無","未繪設快慢車道分隔線","無",65,"未使用",121.1291,22.784357,"臺東縣","臺東市"
"撞路樹、電桿","2022",12,13,20,"晴","夜間(或隧道、地下道、涵洞)有照明",50,"直路","一般車道(未劃分快慢車道)","柏油","乾燥","良好","無號誌","雙向禁止超車線","未繪設快慢車道分隔線","無",35,"未使用",120.346433,23.789321,"雲林縣","崙背鄉"
"其他","2022",12,14,2,"晴","夜間(或隧道、地下道、涵洞)有照明",50,"四岔路","交叉路口內","柏油","乾燥","良好","無號誌","無","未繪設快慢車道分隔線","無",19,"未使用",120.187826,23.189106,"臺南市","佳里區"
"其他","2022",12,14,2,"晴","夜間(或隧道、地下道、涵洞)有照明",50,"四岔路","交叉路口內","柏油","乾燥","良好","無號誌","無","未繪設快慢車道分隔線","無",55,"非駕駛人",120.187826,23.189106,"臺南市","佳里區"
"其他","2022",12,14,6,"晴","晨或暮光",60,"四岔路","交叉路口內","柏油","乾燥","良好","正常","無","未繪設快慢車道分隔線","無",37,"不明",120.516387,24.103009,"彰化縣","和美鎮"
"其他","2022",12,14,6,"晴","晨或暮光",60,"四岔路","交叉路口內","柏油","乾燥","良好","正常","無","未繪設快慢車道分隔線","無",77,"不明",120.516387,24.103009,"彰化縣","和美鎮"
"路口交岔撞","2022",12,14,8,"陰","日間自然光線",30,"四岔路","交叉路口內","柏油","乾燥","良好","正常","無","未繪設快慢車道分隔線","無",34,"未使用",120.464834,23.677952,"雲林縣","斗南鎮"
"路口交岔撞","2022",12,14,8,"陰","日間自然光線",30,"四岔路","交叉路口內","柏油","乾燥","良好","正常","無","未繪設快慢車道分隔線","無",74,"未使用",120.464834,23.677952,"雲林縣","斗南鎮"
"同向擦撞","2022",12,15,8,"雨","日間自然光線",50,"直路","一般車道(未劃分快慢車道)","柏油","濕潤","良好","正常","中央分向島","未繪設快慢車道分隔線","有",55,"未使用",121.278407,24.892132,"桃園市","大溪區"
"同向擦撞","2022",12,15,8,"雨","日間自然光線",50,"直路","一般車道(未劃分快慢車道)","柏油","濕潤","良好","正常","中央分向島","未繪設快慢車道分隔線","有",54,"未使用",121.278407,24.892132,"桃園市","大溪區"
"同向擦撞","2022",12,15,10,"晴","日間自然光線",100,"直路","減速車道","柏油","乾燥","良好","無號誌","中央分向島","未繪設快慢車道分隔線","有",32,"未使用",120.455704,22.797633,"高雄市","旗山區"
"同向擦撞","2022",12,15,10,"晴","日間自然光線",100,"直路","減速車道","柏油","乾燥","良好","無號誌","中央分向島","未繪設快慢車道分隔線","有",27,"未使用",120.455704,22.797633,"高雄市","旗山區"
"同向擦撞","2022",12,15,10,"晴","日間自然光線",100,"直路","減速車道","柏油","乾燥","良好","無號誌","中央分向島","未繪設快慢車道分隔線","有",56,"未使用",120.455704,22.797633,"高雄市","旗山區"
"側撞","2022",12,15,10,"雨","日間自然光線",40,"四岔路","交叉路口內","柏油","濕潤","良好","正常","無","未繪設快慢車道分隔線","無",20,"未使用",120.797303,24.645896,"苗栗縣","後龍鎮"
"側撞","2022",12,15,10,"雨","日間自然光線",40,"四岔路","交叉路口內","柏油","濕潤","良好","正常","無","未繪設快慢車道分隔線","無",66,"不明",120.797303,24.645896,"苗栗縣","後龍鎮"
"撞路樹、電桿","2022",12,15,13,"雨","晨或暮光",50,"彎曲路及附近","一般車道(未劃分快慢車道)","柏油","濕潤","良好","無號誌","中央分向島","未繪設快慢車道分隔線","無",37,"未使用",120.979431,24.789256,"新竹市","東區"
"撞護欄(樁)","2022",12,15,15,"晴","日間自然光線",60,"直路","路肩、路緣","柏油","乾燥","良好","無號誌","行車分向線","快慢車道分隔線","有",73,"未使用",121.13613,22.946903,"臺東縣","鹿野鄉"
"撞護欄(樁)","2022",12,15,15,"晴","日間自然光線",60,"直路","路肩、路緣","柏油","乾燥","良好","無號誌","行車分向線","快慢車道分隔線","有",70,"非駕駛人",121.13613,22.946903,"臺東縣","鹿野鄉"
"同向通行中","2022",12,15,16,"晴","日間自然光線",50,"直路","一般車道(未劃分快慢車道)","柏油","乾燥","良好","無號誌","行車分向線","未繪設快慢車道分隔線","有",29,"未使用",120.504608,23.90845,"彰化縣","田尾鄉"
"同向通行中","2022",12,15,16,"晴","日間自然光線",50,"直路","一般車道(未劃分快慢車道)","柏油","乾燥","良好","無號誌","行車分向線","未繪設快慢車道分隔線","有",82,"非駕駛人",120.504608,23.90845,"彰化縣","田尾鄉"
"側撞","2022",12,15,16,"晴","日間自然光線",50,"三岔路","交叉路口內","柏油","乾燥","良好","無號誌","行車分向線","未繪設快慢車道分隔線","有",80,"未使用",120.479437,22.75948,"屏東縣","里港鄉"
"側撞","2022",12,15,16,"晴","日間自然光線",50,"三岔路","交叉路口內","柏油","乾燥","良好","無號誌","行車分向線","未繪設快慢車道分隔線","有",26,"未使用",120.479437,22.75948,"屏東縣","里港鄉"
"路上翻車、摔倒","2022",12,15,17,"陰","夜間(或隧道、地下道、涵洞)有照明",50,"三岔路","交叉路口內","柏油","乾燥","不良","無號誌","無","未繪設快慢車道分隔線","無",34,"未使用",121.612097,24.038331,"花蓮縣","新城鄉"
"路上翻車、摔倒","2022",12,15,17,"陰","夜間(或隧道、地下道、涵洞)有照明",50,"三岔路","交叉路口內","柏油","乾燥","不良","無號誌","無","未繪設快慢車道分隔線","無",54,"未使用",121.612097,24.038331,"花蓮縣","新城鄉"
"側撞","2022",12,15,18,"陰","夜間(或隧道、地下道、涵洞)有照明",50,"四岔路","交叉路口內","柏油","濕潤","良好","正常","無","未繪設快慢車道分隔線","無",39,"不明",121.297695,24.948041,"桃園市","八德區"
"側撞","2022",12,15,18,"陰","夜間(或隧道、地下道、涵洞)有照明",50,"四岔路","交叉路口內","柏油","濕潤","良好","正常","無","未繪設快慢車道分隔線","無",34,"不明",121.297695,24.948041,"桃園市","八德區"
"衝出路外","2022",12,15,21,"雨","夜間(或隧道、地下道、涵洞)有照明",50,"四岔路","交叉口附近","柏油","濕潤","良好","正常","中央分向島","寛式快慢車道分隔島(50公分以上)","無",18,"未使用",121.516776,25.03498,"臺北市","中正區"
"衝出路外","2022",12,15,21,"雨","夜間(或隧道、地下道、涵洞)有照明",50,"四岔路","交叉口附近","柏油","濕潤","良好","正常","中央分向島","寛式快慢車道分隔島(50公分以上)","無",19,"未使用",121.516776,25.03498,"臺北市","中正區"
"撞路樹、電桿","2022",12,16,17,"晴","夜間(或隧道、地下道、涵洞)有照明",50,"四岔路","交叉路口內","柏油","乾燥","良好","無號誌","雙向禁止超車線","未繪設快慢車道分隔線","有",57,"未使用",120.296571,23.341293,"臺南市","後壁區"
"其他","2022",12,16,19,"雨","夜間(或隧道、地下道、涵洞)有照明",50,"直路","一般車道(未劃分快慢車道)","柏油","濕潤","良好","無號誌","行車分向線","未繪設快慢車道分隔線","有",29,"未使用",121.486842,24.998232,"新北市","中和區"
"其他","2022",12,16,19,"雨","夜間(或隧道、地下道、涵洞)有照明",50,"直路","一般車道(未劃分快慢車道)","柏油","濕潤","良好","無號誌","行車分向線","未繪設快慢車道分隔線","有",51,"非駕駛人",121.486842,24.998232,"新北市","中和區"
"其他","2022",12,17,5,"雨","夜間(或隧道、地下道、涵洞)有照明",40,"直路","慢車道","柏油","濕潤","良好","無號誌","中央分向島","快慢車道分隔線","有",59,"未使用",120.414669,23.486802,"嘉義市","西區"
"其他","2022",12,17,5,"雨","夜間(或隧道、地下道、涵洞)有照明",40,"直路","慢車道","柏油","濕潤","良好","無號誌","中央分向島","快慢車道分隔線","有",75,"非駕駛人",120.414669,23.486802,"嘉義市","西區"
"其他","2022",12,17,5,"雨","夜間(或隧道、地下道、涵洞)有照明",40,"直路","慢車道","柏油","濕潤","良好","無號誌","中央分向島","快慢車道分隔線","有",45,"未使用",120.414669,23.486802,"嘉義市","西區"
"其他","2022",12,17,5,"雨","夜間(或隧道、地下道、涵洞)有照明",40,"直路","慢車道","柏油","濕潤","良好","無號誌","中央分向島","快慢車道分隔線","有",62,"非駕駛人",120.414669,23.486802,"嘉義市","西區"
"衝出路外","2022",12,17,13,"陰","日間自然光線",50,"直路","路肩、路緣","柏油","濕潤","良好","無號誌","雙向禁止超車線","快慢車道分隔線","有",23,"不明",120.512396,23.477448,"嘉義縣","番路鄉"
"側撞","2022",12,17,20,"雨","夜間(或隧道、地下道、涵洞)有照明",50,"四岔路","交叉路口內","柏油","濕潤","良好","正常","無","未繪設快慢車道分隔線","有",23,"未使用",121.455191,25.019544,"新北市","板橋區"
"側撞","2022",12,17,20,"雨","夜間(或隧道、地下道、涵洞)有照明",50,"四岔路","交叉路口內","柏油","濕潤","良好","正常","無","未繪設快慢車道分隔線","有",41,"未使用",121.455191,25.019544,"新北市","板橋區"
"其他","2022",12,18,3,"晴","夜間(或隧道、地下道、涵洞)有照明",50,"四岔路","交叉口附近","柏油","乾燥","良好","正常","雙向禁止超車線","快慢車道分隔線","有",16,"未使用",120.484192,24.08967,"彰化縣","鹿港鎮"
"其他","2022",12,18,3,"晴","夜間(或隧道、地下道、涵洞)有照明",50,"四岔路","交叉口附近","柏油","乾燥","良好","正常","雙向禁止超車線","快慢車道分隔線","有",70,"不明",120.484192,24.08967,"彰化縣","鹿港鎮"
"其他","2022",12,18,3,"晴","夜間(或隧道、地下道、涵洞)有照明",50,"四岔路","交叉口附近","柏油","乾燥","良好","正常","雙向禁止超車線","快慢車道分隔線","有",51,"不明",120.484192,24.08967,"彰化縣","鹿港鎮"
"撞護欄(樁)","2022",12,18,18,"晴","夜間(或隧道、地下道、涵洞)無照明",50,"直路","一般車道(未劃分快慢車道)","柏油","乾燥","良好","無號誌","雙向禁止超車線","未繪設快慢車道分隔線","有",71,"未使用",120.265282,23.703452,"雲林縣","東勢鄉"
"同向通行中","2022",12,18,20,"晴","夜間(或隧道、地下道、涵洞)有照明",50,"直路","一般車道(未劃分快慢車道)","柏油","乾燥","良好","無號誌","雙向禁止超車線","未繪設快慢車道分隔線","有",83,"非駕駛人",120.891557,24.697521,"苗栗縣","頭份市"
"同向通行中","2022",12,18,20,"晴","夜間(或隧道、地下道、涵洞)有照明",50,"直路","一般車道(未劃分快慢車道)","柏油","乾燥","良好","無號誌","雙向禁止超車線","未繪設快慢車道分隔線","有",29,"不明",120.891557,24.697521,"苗栗縣","頭份市"
"撞護欄(樁)","2022",12,19,10,"晴","日間自然光線",40,"彎曲路及附近","一般車道(未劃分快慢車道)","柏油","乾燥","良好","無號誌","雙向禁止超車線","未繪設快慢車道分隔線","有",63,"未使用",121.423007,24.909873,"新北市","三峽區"
"撞護欄(樁)","2022",12,19,10,"晴","日間自然光線",40,"彎曲路及附近","一般車道(未劃分快慢車道)","柏油","乾燥","良好","無號誌","雙向禁止超車線","未繪設快慢車道分隔線","有",65,"",121.423007,24.909873,"新北市","三峽區"
"撞護欄(樁)","2022",12,19,10,"晴","日間自然光線",40,"彎曲路及附近","一般車道(未劃分快慢車道)","柏油","乾燥","良好","無號誌","雙向禁止超車線","未繪設快慢車道分隔線","有",80,"",121.423007,24.909873,"新北市","三峽區"
"穿越道路中","2022",12,19,10,"晴","日間自然光線",50,"三岔路","交叉路口內","柏油","乾燥","良好","無號誌","無","未繪設快慢車道分隔線","無",76,"不明",120.688697,24.152433,"臺中市","北區"
"穿越道路中","2022",12,19,10,"晴","日間自然光線",50,"三岔路","交叉路口內","柏油","乾燥","良好","無號誌","無","未繪設快慢車道分隔線","無",25,"不明",120.688697,24.152433,"臺中市","北區"
"穿越道路中","2022",12,19,10,"晴","日間自然光線",50,"三岔路","交叉路口內","柏油","乾燥","良好","無號誌","無","未繪設快慢車道分隔線","無",58,"不明",120.688697,24.152433,"臺中市","北區"
"路上翻車、摔倒","2022",12,19,11,"晴","日間自然光線",50,"直路","一般車道(未劃分快慢車道)","柏油","乾燥","良好","無號誌","行車分向線","未繪設快慢車道分隔線","無",20,"不明",121.523199,24.972216,"新北市","新店區"
"路上翻車、摔倒","2022",12,19,15,"晴","日間自然光線",30,"彎曲路及附近","一般車道(未劃分快慢車道)","柏油","乾燥","良好","無號誌","無","未繪設快慢車道分隔線","無",72,"不明",120.39153,23.500041,"嘉義市","西區"
"路口交岔撞","2022",12,19,18,"晴","夜間(或隧道、地下道、涵洞)有照明",30,"四岔路","交叉路口內","柏油","乾燥","良好","正常","無","未繪設快慢車道分隔線","無",55,"未使用",120.4102,22.53779,"高雄市","大寮區"
"路口交岔撞","2022",12,19,18,"晴","夜間(或隧道、地下道、涵洞)有照明",30,"四岔路","交叉路口內","柏油","乾燥","良好","正常","無","未繪設快慢車道分隔線","無",18,"未使用",120.4102,22.53779,"高雄市","大寮區"
"路口交岔撞","2022",12,19,18,"晴","夜間(或隧道、地下道、涵洞)有照明",30,"四岔路","交叉路口內","柏油","乾燥","良好","正常","無","未繪設快慢車道分隔線","無",20,"非駕駛人",120.4102,22.53779,"高雄市","大寮區"
"路口交岔撞","2022",12,19,18,"晴","日間自然光線",30,"四岔路","交叉路口內","柏油","乾燥","良好","無號誌","無","未繪設快慢車道分隔線","無",22,"未使用",120.462922,24.072283,"彰化縣","鹿港鎮"
"路口交岔撞","2022",12,19,18,"晴","日間自然光線",30,"四岔路","交叉路口內","柏油","乾燥","良好","無號誌","無","未繪設快慢車道分隔線","無",20,"未使用",120.462922,24.072283,"彰化縣","鹿港鎮"
"其他","2022",12,19,22,"晴","夜間(或隧道、地下道、涵洞)無照明",30,"四岔路","交叉口附近","柏油","乾燥","良好","無號誌","無","未繪設快慢車道分隔線","無",63,"不明",121.236641,23.12025,"臺東縣","池上鄉"
"撞護欄(樁)","2022",12,20,2,"晴","夜間(或隧道、地下道、涵洞)有照明",60,"直路","路肩、路緣","柏油","乾燥","良好","無號誌","中央分向島","未繪設快慢車道分隔線","無",18,"不明",121.378362,25.052678,"桃園市","龜山區"
"同向擦撞","2022",12,20,8,"晴","日間自然光線",30,"彎曲路及附近","一般車道(未劃分快慢車道)","柏油","乾燥","良好","無號誌","雙向禁止超車線","未繪設快慢車道分隔線","有",75,"不明",121.781372,25.095531,"新北市","瑞芳區"
"同向擦撞","2022",12,20,8,"晴","日間自然光線",30,"彎曲路及附近","一般車道(未劃分快慢車道)","柏油","乾燥","良好","無號誌","雙向禁止超車線","未繪設快慢車道分隔線","有",59,"不明",121.781372,25.095531,"新北市","瑞芳區"
"追撞","2022",12,20,10,"晴","日間自然光線",100,"直路","快車道","柏油","乾燥","良好","無號誌","中央分向島","未繪設快慢車道分隔線","有",64,"未使用",121.289599,25.032191,"桃園市","蘆竹區"
"追撞","2022",12,20,10,"晴","日間自然光線",100,"直路","快車道","柏油","乾燥","良好","無號誌","中央分向島","未繪設快慢車道分隔線","有",41,"未使用",121.289599,25.032191,"桃園市","蘆竹區"
"追撞","2022",12,20,10,"晴","日間自然光線",100,"直路","快車道","柏油","乾燥","良好","無號誌","中央分向島","未繪設快慢車道分隔線","有",69,"非駕駛人",121.289599,25.032191,"桃園市","蘆竹區"
"路口交岔撞","2022",12,20,10,"晴","日間自然光線",50,"四岔路","交叉路口內","柏油","乾燥","良好","正常","無","未繪設快慢車道分隔線","無",43,"未使用",120.435684,23.489549,"嘉義市","西區"
"路口交岔撞","2022",12,20,10,"晴","日間自然光線",50,"四岔路","交叉路口內","柏油","乾燥","良好","正常","無","未繪設快慢車道分隔線","無",80,"未使用",120.435684,23.489549,"嘉義市","西區"
"側撞","2022",12,20,14,"晴","日間自然光線",50,"四岔路","交叉路口內","柏油","乾燥","良好","正常","中央分向島","快慢車道分隔線","有",75,"未使用",120.488843,22.595801,"屏東縣","萬丹鄉"
"側撞","2022",12,20,14,"晴","日間自然光線",50,"四岔路","交叉路口內","柏油","乾燥","良好","正常","中央分向島","快慢車道分隔線","有",35,"未使用",120.488843,22.595801,"屏東縣","萬丹鄉"
"路口交岔撞","2022",12,20,17,"晴","晨或暮光",30,"四岔路","交叉路口內","柏油","乾燥","良好","無號誌","中央分向島","快慢車道分隔線","有",75,"未使用",120.325088,23.238943,"臺南市","六甲區"
"路口交岔撞","2022",12,20,17,"晴","晨或暮光",30,"四岔路","交叉路口內","柏油","乾燥","良好","無號誌","中央分向島","快慢車道分隔線","有",36,"未使用",120.325088,23.238943,"臺南市","六甲區"
"側撞","2022",12,20,17,"晴","晨或暮光",50,"三岔路","交叉口附近","柏油","乾燥","良好","無號誌","雙向禁止超車線","快慢車道分隔線","有",24,"未使用",120.29774,23.300262,"臺南市","新營區"
"側撞","2022",12,20,17,"晴","晨或暮光",50,"三岔路","交叉口附近","柏油","乾燥","良好","無號誌","雙向禁止超車線","快慢車道分隔線","有",86,"未使用",120.29774,23.300262,"臺南市","新營區"
"追撞","2022",12,20,23,"晴","夜間(或隧道、地下道、涵洞)有照明",40,"三岔路","交叉口附近","柏油","乾燥","良好","無號誌","無","未繪設快慢車道分隔線","無",72,"未使用",120.3147,22.58932,"高雄市","前鎮區"
"追撞","2022",12,20,23,"晴","夜間(或隧道、地下道、涵洞)有照明",40,"三岔路","交叉口附近","柏油","乾燥","良好","無號誌","無","未繪設快慢車道分隔線","無",50,"未使用",120.3147,22.58932,"高雄市","前鎮區"
"路口交岔撞","2022",12,21,7,"晴","日間自然光線",30,"多岔路","交叉路口內","柏油","乾燥","良好","正常","無","未繪設快慢車道分隔線","有",82,"未使用",120.457375,22.534874,"屏東縣","新園鄉"
"路口交岔撞","2022",12,21,7,"晴","日間自然光線",30,"多岔路","交叉路口內","柏油","乾燥","良好","正常","無","未繪設快慢車道分隔線","有",38,"未使用",120.457375,22.534874,"屏東縣","新園鄉"
"其他","2022",12,21,13,"陰","日間自然光線",50,"直路","路肩、路緣","柏油","乾燥","良好","無號誌","中央分向島","未繪設快慢車道分隔線","有",60,"不明",121.671947,25.076984,"新北市","汐止區"
"其他","2022",12,21,13,"陰","日間自然光線",50,"直路","路肩、路緣","柏油","乾燥","良好","無號誌","中央分向島","未繪設快慢車道分隔線","有",44,"不明",121.671947,25.076984,"新北市","汐止區"
"其他","2022",12,21,13,"陰","日間自然光線",50,"直路","路肩、路緣","柏油","乾燥","良好","無號誌","中央分向島","未繪設快慢車道分隔線","有",44,"不明",121.671947,25.076984,"新北市","汐止區"
"其他","2022",12,21,13,"陰","日間自然光線",50,"直路","路肩、路緣","柏油","乾燥","良好","無號誌","中央分向島","未繪設快慢車道分隔線","有",47,"不明",121.671947,25.076984,"新北市","汐止區"
"其他","2022",12,21,13,"陰","日間自然光線",50,"直路","路肩、路緣","柏油","乾燥","良好","無號誌","中央分向島","未繪設快慢車道分隔線","有",72,"不明",121.671947,25.076984,"新北市","汐止區"
"其他","2022",12,21,13,"陰","日間自然光線",50,"直路","路肩、路緣","柏油","乾燥","良好","無號誌","中央分向島","未繪設快慢車道分隔線","有",44,"不明",121.671947,25.076984,"新北市","汐止區"
"其他","2022",12,21,13,"陰","日間自然光線",50,"直路","路肩、路緣","柏油","乾燥","良好","無號誌","中央分向島","未繪設快慢車道分隔線","有",41,"不明",121.671947,25.076984,"新北市","汐止區"
"其他","2022",12,21,13,"陰","日間自然光線",50,"直路","路肩、路緣","柏油","乾燥","良好","無號誌","中央分向島","未繪設快慢車道分隔線","有",41,"不明",121.671947,25.076984,"新北市","汐止區"
"其他","2022",12,21,13,"陰","日間自然光線",50,"直路","路肩、路緣","柏油","乾燥","良好","無號誌","中央分向島","未繪設快慢車道分隔線","有",37,"不明",121.671947,25.076984,"新北市","汐止區"