"事故類型及型態子類別名稱","發生年度","發生月份","發生日期","發生時間","天候名稱","光線名稱","速限.第1當事者","道路型態子類別名稱","事故位置子類別名稱","路面狀況.路面鋪裝名稱","路面狀況.路面狀態名稱","道路障礙.視距品質名稱","號誌.號誌動作名稱","車道劃分設施.分向設施大類別名稱","車道劃分設施.分道設施.快慢車道間名稱","車道劃分設施.分道設施.路面邊線名稱","當事者事故發生時年齡","行動電話或電腦或其他相類功能裝置名稱","經度","緯度","縣市","鄉鎮"
"其他","2022",12,21,13,"陰","日間自然光線",50,"直路","路肩、路緣","柏油","乾燥","良好","無號誌","中央分向島","未繪設快慢車道分隔線","有",40,"不明",121.671947,25.076984,"新北市","汐止區"
"其他","2022",12,21,13,"陰","日間自然光線",50,"直路","路肩、路緣","柏油","乾燥","良好","無號誌","中央分向島","未繪設快慢車道分隔線","有",41,"不明",121.671947,25.076984,"新北市","汐止區"
"路口交岔撞","2022",12,21,15,"晴","日間自然光線",30,"四岔路","交叉路口內","柏油","乾燥","良好","無號誌","雙向禁止超車線","未繪設快慢車道分隔線","無",46,"未使用",120.642615,24.145497,"臺中市","南屯區"
"路口交岔撞","2022",12,21,15,"晴","日間自然光線",30,"四岔路","交叉路口內","柏油","乾燥","良好","無號誌","雙向禁止超車線","未繪設快慢車道分隔線","無",29,"未使用",120.642615,24.145497,"臺中市","南屯區"
"撞護欄(樁)","2022",12,22,11,"晴","日間自然光線",60,"彎曲路及附近","一般車道(未劃分快慢車道)","柏油","乾燥","良好","無號誌","中央分向島","未繪設快慢車道分隔線","有",28,"未使用",120.798203,24.580375,"苗栗縣","苗栗市"
"側撞","2022",12,22,11,"晴","日間自然光線",30,"四岔路","交叉路口內","柏油","乾燥","良好","無號誌","無","未繪設快慢車道分隔線","無",58,"未使用",120.273233,23.244195,"臺南市","下營區"
"側撞","2022",12,22,11,"晴","日間自然光線",30,"四岔路","交叉路口內","柏油","乾燥","良好","無號誌","無","未繪設快慢車道分隔線","無",46,"未使用",120.273233,23.244195,"臺南市","下營區"
"側撞","2022",12,22,12,"晴","日間自然光線",50,"直路","一般車道(未劃分快慢車道)","柏油","乾燥","良好","無號誌","雙向禁止超車線","未繪設快慢車道分隔線","有",44,"未使用",120.501977,22.582878,"屏東縣","萬丹鄉"
"側撞","2022",12,22,12,"晴","日間自然光線",50,"直路","一般車道(未劃分快慢車道)","柏油","乾燥","良好","無號誌","雙向禁止超車線","未繪設快慢車道分隔線","有",32,"未使用",120.501977,22.582878,"屏東縣","萬丹鄉"
"撞路樹、電桿","2022",12,22,15,"晴","日間自然光線",60,"直路","一般車道(未劃分快慢車道)","柏油","乾燥","良好","無號誌","雙向禁止超車線","未繪設快慢車道分隔線","有",73,"未使用",121.26323,24.824915,"桃園市","大溪區"
"撞路樹、電桿","2022",12,22,15,"晴","日間自然光線",60,"直路","一般車道(未劃分快慢車道)","柏油","乾燥","良好","無號誌","雙向禁止超車線","未繪設快慢車道分隔線","有",73,"未使用",121.26323,24.824915,"桃園市","大溪區"
"其他","2022",12,22,19,"陰","夜間(或隧道、地下道、涵洞)有照明",50,"三岔路","交叉路口內","柏油","乾燥","良好","無號誌","雙向禁止超車線","未繪設快慢車道分隔線","無",55,"不明",120.864037,23.55085,"南投縣","信義鄉"
"其他","2022",12,22,19,"陰","夜間(或隧道、地下道、涵洞)有照明",50,"三岔路","交叉路口內","柏油","乾燥","良好","無號誌","雙向禁止超車線","未繪設快慢車道分隔線","無",52,"非駕駛人",120.864037,23.55085,"南投縣","信義鄉"
"其他","2022",12,23,4,"晴","夜間(或隧道、地下道、涵洞)有照明",50,"直路","路肩、路緣","柏油","乾燥","良好","無號誌","中央分向島","快慢車道分隔線","有",46,"未使用",120.210172,23.090871,"臺南市","安定區"
"同向擦撞","2022",12,23,9,"晴","日間自然光線",60,"直路","一般車道(未劃分快慢車道)","柏油","乾燥","良好","正常","雙向禁止超車線","快慢車道分隔線","有",23,"不明",120.701091,24.496334,"苗栗縣","通霄鎮"
"同向擦撞","2022",12,23,9,"晴","日間自然光線",60,"直路","一般車道(未劃分快慢車道)","柏油","乾燥","良好","正常","雙向禁止超車線","快慢車道分隔線","有",82,"不明",120.701091,24.496334,"苗栗縣","通霄鎮"
"同向擦撞","2022",12,23,9,"晴","日間自然光線",60,"直路","一般車道(未劃分快慢車道)","柏油","乾燥","良好","正常","雙向禁止超車線","快慢車道分隔線","有",46,"不明",120.701091,24.496334,"苗栗縣","通霄鎮"
"其他","2022",12,23,10,"晴","日間自然光線",40,"直路","一般車道(未劃分快慢車道)","柏油","乾燥","良好","無號誌","無","未繪設快慢車道分隔線","有",84,"未使用",120.691743,24.411162,"苗栗縣","苑裡鎮"
"路口交岔撞","2022",12,23,11,"陰","日間自然光線",30,"四岔路","交叉路口內","柏油","乾燥","良好","無號誌","無","未繪設快慢車道分隔線","無",58,"未使用",121.720248,24.725673,"宜蘭縣","員山鄉"
"路口交岔撞","2022",12,23,11,"陰","日間自然光線",30,"四岔路","交叉路口內","柏油","乾燥","良好","無號誌","無","未繪設快慢車道分隔線","無",31,"未使用",121.720248,24.725673,"宜蘭縣","員山鄉"
"側撞","2022",12,23,13,"晴","日間自然光線",50,"四岔路","交叉路口內","柏油","乾燥","良好","無號誌","無","未繪設快慢車道分隔線","無",60,"未使用",121.260708,25.023022,"桃園市","蘆竹區"
"側撞","2022",12,23,13,"晴","日間自然光線",50,"四岔路","交叉路口內","柏油","乾燥","良好","無號誌","無","未繪設快慢車道分隔線","無",30,"未使用",121.260708,25.023022,"桃園市","蘆竹區"
"其他","2022",12,23,19,"晴","夜間(或隧道、地下道、涵洞)有照明",60,"直路","快車道","柏油","乾燥","良好","無號誌","中央分向島","快慢車道分隔線","有",58,"未使用",120.490049,23.730978,"雲林縣","虎尾鎮"
"其他","2022",12,23,19,"晴","夜間(或隧道、地下道、涵洞)有照明",60,"直路","快車道","柏油","乾燥","良好","無號誌","中央分向島","快慢車道分隔線","有",89,"未使用",120.490049,23.730978,"雲林縣","虎尾鎮"
"撞護欄(樁)","2022",12,24,3,"陰","夜間(或隧道、地下道、涵洞)有照明",40,"直路","一般車道(未劃分快慢車道)","柏油","乾燥","良好","無號誌","單向禁止超車線","未繪設快慢車道分隔線","有",67,"未使用",121.532257,23.6367,"花蓮縣","豐濱鄉"
"同向通行中","2022",12,24,5,"晴","晨或暮光",70,"直路","慢車道","柏油","乾燥","良好","無號誌","中央分向島","快慢車道分隔線","有",28,"不明",120.538018,24.204276,"臺中市","龍井區"
"同向通行中","2022",12,24,5,"晴","晨或暮光",70,"直路","慢車道","柏油","乾燥","良好","無號誌","中央分向島","快慢車道分隔線","有",61,"非駕駛人",120.538018,24.204276,"臺中市","龍井區"
"側撞","2022",12,24,9,"晴","日間自然光線",50,"四岔路","交叉口附近","柏油","乾燥","良好","正常","雙向禁止超車線","未繪設快慢車道分隔線","有",46,"未使用",120.272216,23.323804,"臺南市","鹽水區"
"側撞","2022",12,24,9,"晴","日間自然光線",50,"四岔路","交叉口附近","柏油","乾燥","良好","正常","雙向禁止超車線","未繪設快慢車道分隔線","有",63,"未使用",120.272216,23.323804,"臺南市","鹽水區"
"側撞","2022",12,24,12,"晴","日間自然光線",50,"四岔路","交叉路口內","柏油","乾燥","良好","正常","無","未繪設快慢車道分隔線","無",52,"未使用",121.249749,24.988996,"桃園市","中壢區"
"側撞","2022",12,24,12,"晴","日間自然光線",50,"四岔路","交叉路口內","柏油","乾燥","良好","正常","無","未繪設快慢車道分隔線","無",62,"未使用",121.249749,24.988996,"桃園市","中壢區"
"側撞","2022",12,24,13,"晴","日間自然光線",30,"四岔路","交叉路口內","柏油","乾燥","良好","無號誌","無","未繪設快慢車道分隔線","無",41,"不明",120.536844,23.753048,"雲林縣","莿桐鄉"
"側撞","2022",12,24,13,"晴","日間自然光線",30,"四岔路","交叉路口內","柏油","乾燥","良好","無號誌","無","未繪設快慢車道分隔線","無",67,"未使用",120.536844,23.753048,"雲林縣","莿桐鄉"
"路上翻車、摔倒","2022",12,24,15,"晴","日間自然光線",50,"彎曲路及附近","一般車道(未劃分快慢車道)","柏油","乾燥","良好","無號誌","雙向禁止超車線","快慢車道分隔線","有",70,"未使用",121.435191,24.995727,"新北市","樹林區"
"穿越道路中","2022",12,25,18,"晴","日間自然光線",50,"直路","一般車道(未劃分快慢車道)","柏油","乾燥","良好","無號誌","雙向禁止超車線","未繪設快慢車道分隔線","有",24,"未使用",120.823729,24.549527,"苗栗縣","苗栗市"
"穿越道路中","2022",12,25,18,"晴","日間自然光線",50,"直路","一般車道(未劃分快慢車道)","柏油","乾燥","良好","無號誌","雙向禁止超車線","未繪設快慢車道分隔線","有",76,"非駕駛人",120.823729,24.549527,"苗栗縣","苗栗市"
"衝出路外","2022",12,25,21,"晴","夜間(或隧道、地下道、涵洞)有照明",60,"直路","路肩、路緣","柏油","乾燥","良好","無號誌","行車分向線","未繪設快慢車道分隔線","有",58,"不明",120.426967,23.36774,"臺南市","白河區"
"對撞","2022",12,26,6,"晴","日間自然光線",60,"直路","一般車道(未劃分快慢車道)","柏油","乾燥","良好","無號誌","雙向禁止超車線","未繪設快慢車道分隔線","有",66,"未使用",120.303593,23.401948,"嘉義縣","鹿草鄉"
"對撞","2022",12,26,6,"晴","日間自然光線",60,"直路","一般車道(未劃分快慢車道)","柏油","乾燥","良好","無號誌","雙向禁止超車線","未繪設快慢車道分隔線","有",37,"未使用",120.303593,23.401948,"嘉義縣","鹿草鄉"
"同向擦撞","2022",12,26,11,"晴","日間自然光線",50,"直路","一般車道(未劃分快慢車道)","柏油","乾燥","良好","無號誌","行車分向線","未繪設快慢車道分隔線","有",54,"未使用",120.3339,22.88503,"高雄市","阿蓮區"
"同向擦撞","2022",12,26,11,"晴","日間自然光線",50,"直路","一般車道(未劃分快慢車道)","柏油","乾燥","良好","無號誌","行車分向線","未繪設快慢車道分隔線","有",69,"未使用",120.3339,22.88503,"高雄市","阿蓮區"
"同向擦撞","2022",12,26,11,"晴","日間自然光線",50,"直路","一般車道(未劃分快慢車道)","柏油","乾燥","良好","無號誌","行車分向線","未繪設快慢車道分隔線","有",44,"不明",120.3339,22.88503,"高雄市","阿蓮區"
"其他","2022",12,26,14,"晴","日間自然光線",50,"直路","一般車道(未劃分快慢車道)","柏油","乾燥","良好","無號誌","行車分向線","未繪設快慢車道分隔線","有",28,"未使用",121.465244,24.980301,"新北市","土城區"
"其他","2022",12,26,14,"晴","日間自然光線",50,"直路","一般車道(未劃分快慢車道)","柏油","乾燥","良好","無號誌","行車分向線","未繪設快慢車道分隔線","有",29,"未使用",121.465244,24.980301,"新北市","土城區"
"路口交岔撞","2022",12,26,16,"晴","日間自然光線",30,"四岔路","交叉路口內","柏油","乾燥","良好","無號誌","無","未繪設快慢車道分隔線","無",66,"未使用",120.161462,23.143926,"臺南市","佳里區"
"路口交岔撞","2022",12,26,16,"晴","日間自然光線",30,"四岔路","交叉路口內","柏油","乾燥","良好","無號誌","無","未繪設快慢車道分隔線","無",65,"未使用",120.161462,23.143926,"臺南市","佳里區"
"路口交岔撞","2022",12,27,2,"晴","日間自然光線",50,"四岔路","交叉路口內","柏油","乾燥","良好","正常","無","未繪設快慢車道分隔線","無",59,"未使用",120.662705,24.127322,"臺中市","南區"
"路口交岔撞","2022",12,27,2,"晴","日間自然光線",50,"四岔路","交叉路口內","柏油","乾燥","良好","正常","無","未繪設快慢車道分隔線","無",22,"未使用",120.662705,24.127322,"臺中市","南區"
"路口交岔撞","2022",12,27,5,"晴","夜間(或隧道、地下道、涵洞)有照明",60,"四岔路","交叉路口內","柏油","乾燥","良好","正常","無","未繪設快慢車道分隔線","無",64,"未使用",120.708962,24.259443,"臺中市","神岡區"
"路口交岔撞","2022",12,27,5,"晴","夜間(或隧道、地下道、涵洞)有照明",60,"四岔路","交叉路口內","柏油","乾燥","良好","正常","無","未繪設快慢車道分隔線","無",72,"不明",120.708962,24.259443,"臺中市","神岡區"
"路上翻車、摔倒","2022",12,27,7,"晴","日間自然光線",50,"直路","其他","柏油","乾燥","良好","無號誌","行車分向線","未繪設快慢車道分隔線","有",73,"不明",120.264546,23.028089,"臺南市","永康區"
"追撞","2022",12,27,7,"晴","日間自然光線",50,"直路","慢車道","柏油","乾燥","良好","無號誌","中央分向島","寛式快慢車道分隔島(50公分以上)","有",30,"未使用",120.634497,24.09475,"臺中市","烏日區"
"追撞","2022",12,27,7,"晴","日間自然光線",50,"直路","慢車道","柏油","乾燥","良好","無號誌","中央分向島","寛式快慢車道分隔島(50公分以上)","有",58,"未使用",120.634497,24.09475,"臺中市","烏日區"
"穿越道路中","2022",12,27,10,"晴","日間自然光線",50,"直路","一般車道(未劃分快慢車道)","柏油","乾燥","良好","無號誌","中央分向島","快慢車道分隔線","有",96,"不明",120.954066,24.801047,"新竹市","北區"
"穿越道路中","2022",12,27,10,"晴","日間自然光線",50,"直路","一般車道(未劃分快慢車道)","柏油","乾燥","良好","無號誌","中央分向島","快慢車道分隔線","有",22,"不明",120.954066,24.801047,"新竹市","北區"
"同向擦撞","2022",12,27,10,"晴","日間自然光線",50,"三岔路","交叉口附近","柏油","乾燥","良好","無號誌","中央分向島","快慢車道分隔線","有",54,"未使用",121.188458,25.067581,"桃園市","大園區"
"同向擦撞","2022",12,27,10,"晴","日間自然光線",50,"三岔路","交叉口附近","柏油","乾燥","良好","無號誌","中央分向島","快慢車道分隔線","有",45,"未使用",121.188458,25.067581,"桃園市","大園區"
"追撞","2022",12,27,13,"晴","夜間(或隧道、地下道、涵洞)有照明",90,"隧道","快車道","柏油","乾燥","良好","無號誌","無","未繪設快慢車道分隔線","有",46,"未使用",120.4985,23.483937,"嘉義市","東區"
"追撞","2022",12,27,13,"晴","夜間(或隧道、地下道、涵洞)有照明",90,"隧道","快車道","柏油","乾燥","良好","無號誌","無","未繪設快慢車道分隔線","有",45,"未使用",120.4985,23.483937,"嘉義市","東區"
"追撞","2022",12,27,13,"晴","夜間(或隧道、地下道、涵洞)有照明",90,"隧道","快車道","柏油","乾燥","良好","無號誌","無","未繪設快慢車道分隔線","有",31,"未使用",120.4985,23.483937,"嘉義市","東區"
"追撞","2022",12,27,13,"晴","夜間(或隧道、地下道、涵洞)有照明",90,"隧道","快車道","柏油","乾燥","良好","無號誌","無","未繪設快慢車道分隔線","有",29,"未使用",120.4985,23.483937,"嘉義市","東區"
"追撞","2022",12,27,13,"晴","夜間(或隧道、地下道、涵洞)有照明",90,"隧道","快車道","柏油","乾燥","良好","無號誌","無","未繪設快慢車道分隔線","有",53,"未使用",120.4985,23.483937,"嘉義市","東區"
"追撞","2022",12,27,13,"晴","夜間(或隧道、地下道、涵洞)有照明",90,"隧道","快車道","柏油","乾燥","良好","無號誌","無","未繪設快慢車道分隔線","有",70,"未使用",120.4985,23.483937,"嘉義市","東區"
"追撞","2022",12,27,13,"晴","夜間(或隧道、地下道、涵洞)有照明",90,"隧道","快車道","柏油","乾燥","良好","無號誌","無","未繪設快慢車道分隔線","有",56,"非駕駛人",120.4985,23.483937,"嘉義市","東區"
"追撞","2022",12,27,13,"晴","夜間(或隧道、地下道、涵洞)有照明",90,"隧道","快車道","柏油","乾燥","良好","無號誌","無","未繪設快慢車道分隔線","有",28,"未使用",120.4985,23.483937,"嘉義市","東區"
"追撞","2022",12,27,15,"晴","日間自然光線",70,"直路","快車道","柏油","乾燥","良好","正常","中央分向島","窄式快慢車道分隔島(無柵欄)","有",28,"未使用",120.590333,24.304186,"臺中市","清水區"
"追撞","2022",12,27,15,"晴","日間自然光線",70,"直路","快車道","柏油","乾燥","良好","正常","中央分向島","窄式快慢車道分隔島(無柵欄)","有",59,"未使用",120.590333,24.304186,"臺中市","清水區"
"追撞","2022",12,27,15,"晴","日間自然光線",70,"直路","快車道","柏油","乾燥","良好","正常","中央分向島","窄式快慢車道分隔島(無柵欄)","有",65,"未使用",120.590333,24.304186,"臺中市","清水區"
"追撞","2022",12,27,15,"晴","日間自然光線",70,"直路","快車道","柏油","乾燥","良好","正常","中央分向島","窄式快慢車道分隔島(無柵欄)","有",39,"未使用",120.590333,24.304186,"臺中市","清水區"
"追撞","2022",12,27,15,"晴","日間自然光線",70,"直路","快車道","柏油","乾燥","良好","正常","中央分向島","窄式快慢車道分隔島(無柵欄)","有",54,"未使用",120.590333,24.304186,"臺中市","清水區"
"追撞","2022",12,27,15,"晴","日間自然光線",70,"直路","快車道","柏油","乾燥","良好","正常","中央分向島","窄式快慢車道分隔島(無柵欄)","有",53,"未使用",120.590333,24.304186,"臺中市","清水區"
"追撞","2022",12,27,15,"晴","日間自然光線",70,"直路","快車道","柏油","乾燥","良好","正常","中央分向島","窄式快慢車道分隔島(無柵欄)","有",66,"未使用",120.590333,24.304186,"臺中市","清水區"
"追撞","2022",12,27,15,"晴","日間自然光線",70,"直路","快車道","柏油","乾燥","良好","正常","中央分向島","窄式快慢車道分隔島(無柵欄)","有",70,"未使用",120.590333,24.304186,"臺中市","清水區"
"追撞","2022",12,27,15,"晴","日間自然光線",70,"直路","快車道","柏油","乾燥","良好","正常","中央分向島","窄式快慢車道分隔島(無柵欄)","有",38,"未使用",120.590333,24.304186,"臺中市","清水區"
"路口交岔撞","2022",12,27,16,"晴","日間自然光線",50,"四岔路","交叉路口內","柏油","乾燥","良好","無動作","無","未繪設快慢車道分隔線","無",61,"未使用",121.2055,25.004103,"桃園市","中壢區"
"路口交岔撞","2022",12,27,16,"晴","日間自然光線",50,"四岔路","交叉路口內","柏油","乾燥","良好","無動作","無","未繪設快慢車道分隔線","無",58,"不明",121.2055,25.004103,"桃園市","中壢區"
"撞路樹、電桿","2022",12,27,21,"晴","夜間(或隧道、地下道、涵洞)有照明",20,"直路","路肩、路緣","柏油","乾燥","良好","無號誌","雙向禁止超車線","未繪設快慢車道分隔線","有",45,"未使用",120.82118,24.51114,"苗栗縣","公館鄉"
"撞路樹、電桿","2022",12,27,21,"晴","夜間(或隧道、地下道、涵洞)有照明",20,"直路","路肩、路緣","柏油","乾燥","良好","無號誌","雙向禁止超車線","未繪設快慢車道分隔線","有",42,"未使用",120.82118,24.51114,"苗栗縣","公館鄉"
"穿越道路中","2022",12,27,23,"晴","夜間(或隧道、地下道、涵洞)有照明",50,"四岔路","交叉路口內","柏油","乾燥","良好","正常","無","未繪設快慢車道分隔線","無",53,"未使用",120.681441,24.155715,"臺中市","北區"
"穿越道路中","2022",12,27,23,"晴","夜間(或隧道、地下道、涵洞)有照明",50,"四岔路","交叉路口內","柏油","乾燥","良好","正常","無","未繪設快慢車道分隔線","無",32,"非駕駛人",120.681441,24.155715,"臺中市","北區"
"穿越道路中","2022",12,27,23,"晴","夜間(或隧道、地下道、涵洞)有照明",50,"四岔路","交叉路口內","柏油","乾燥","良好","正常","無","未繪設快慢車道分隔線","無",30,"非駕駛人",120.681441,24.155715,"臺中市","北區"
"穿越道路中","2022",12,27,23,"晴","夜間(或隧道、地下道、涵洞)有照明",50,"四岔路","交叉路口內","柏油","乾燥","良好","正常","無","未繪設快慢車道分隔線","無",1,"非駕駛人",120.681441,24.155715,"臺中市","北區"
"其他","2022",12,28,6,"晴","日間自然光線",60,"直路","路肩、路緣","柏油","乾燥","良好","無號誌","行車分向線","未繪設快慢車道分隔線","有",60,"不明",120.926899,23.916759,"南投縣","魚池鄉"
"穿越道路中","2022",12,28,6,"晴","晨或暮光",70,"三岔路","交叉路口內","柏油","乾燥","良好","正常","中央分向島","快慢車道分隔線","有",70,"不明",120.484582,23.768775,"雲林縣","西螺鎮"
"穿越道路中","2022",12,28,6,"晴","晨或暮光",70,"三岔路","交叉路口內","柏油","乾燥","良好","正常","中央分向島","快慢車道分隔線","有",75,"非駕駛人",120.484582,23.768775,"雲林縣","西螺鎮"
"側撞","2022",12,28,12,"晴","日間自然光線",60,"三岔路","交叉口附近","柏油","乾燥","良好","無號誌","雙向禁止超車線","未繪設快慢車道分隔線","有",40,"未使用",120.46977,23.688482,"雲林縣","斗南鎮"
"側撞","2022",12,28,12,"晴","日間自然光線",60,"三岔路","交叉口附近","柏油","乾燥","良好","無號誌","雙向禁止超車線","未繪設快慢車道分隔線","有",25,"未使用",120.46977,23.688482,"雲林縣","斗南鎮"
"撞護欄(樁)","2022",12,28,13,"晴","日間自然光線",60,"三岔路","慢車道","柏油","乾燥","良好","無號誌","中央分向島","快慢車道分隔線","有",69,"未使用",120.901339,24.670864,"苗栗縣","頭份市"
"撞護欄(樁)","2022",12,28,13,"晴","日間自然光線",60,"三岔路","慢車道","柏油","乾燥","良好","無號誌","中央分向島","快慢車道分隔線","有",67,"未使用",120.901339,24.670864,"苗栗縣","頭份市"
"其他","2022",12,28,17,"陰","晨或暮光",30,"其他","一般車道(未劃分快慢車道)","柏油","濕潤","良好","無號誌","無","未繪設快慢車道分隔線","無",53,"未使用",121.586667,25.010228,"臺北市","文山區"
"撞路樹、電桿","2022",12,29,0,"晴","夜間(或隧道、地下道、涵洞)有照明",50,"直路","一般車道(未劃分快慢車道)","柏油","乾燥","良好","無號誌","行車分向線","未繪設快慢車道分隔線","有",34,"未使用",120.393312,22.612391,"高雄市","大寮區"
"撞路樹、電桿","2022",12,29,0,"晴","夜間(或隧道、地下道、涵洞)有照明",50,"直路","一般車道(未劃分快慢車道)","柏油","乾燥","良好","無號誌","行車分向線","未繪設快慢車道分隔線","有",111,"",120.393312,22.612391,"高雄市","大寮區"
"衝出路外","2022",12,29,3,"陰","夜間(或隧道、地下道、涵洞)有照明",50,"直路","路肩、路緣","柏油","乾燥","良好","無號誌","中央分向島","快慢車道分隔線","有",45,"不明",120.385051,23.411761,"嘉義縣","水上鄉"
"衝出路外","2022",12,29,3,"陰","夜間(或隧道、地下道、涵洞)有照明",50,"直路","路肩、路緣","柏油","乾燥","良好","無號誌","中央分向島","快慢車道分隔線","有",43,"非駕駛人",120.385051,23.411761,"嘉義縣","水上鄉"
"穿越道路中","2022",12,29,15,"陰","日間自然光線",30,"四岔路","交叉路口內","柏油","乾燥","良好","無號誌","無","未繪設快慢車道分隔線","無",84,"不明",120.245503,23.706465,"雲林縣","東勢鄉"
"穿越道路中","2022",12,29,15,"陰","日間自然光線",30,"四岔路","交叉路口內","柏油","乾燥","良好","無號誌","無","未繪設快慢車道分隔線","無",63,"不明",120.245503,23.706465,"雲林縣","東勢鄉"
"穿越道路中","2022",12,29,17,"晴","夜間(或隧道、地下道、涵洞)有照明",60,"直路","一般車道(未劃分快慢車道)","柏油","乾燥","良好","無號誌","中央分向島","未繪設快慢車道分隔線","有",64,"未使用",120.701977,23.76409,"南投縣","竹山鎮"
"穿越道路中","2022",12,29,17,"晴","夜間(或隧道、地下道、涵洞)有照明",60,"直路","一般車道(未劃分快慢車道)","柏油","乾燥","良好","無號誌","中央分向島","未繪設快慢車道分隔線","有",92,"非駕駛人",120.701977,23.76409,"南投縣","竹山鎮"
"衝進路中","2022",12,29,19,"雨","夜間(或隧道、地下道、涵洞)有照明",50,"直路","公車專用道","柏油","濕潤","良好","無號誌","中央分向島","未繪設快慢車道分隔線","無",50,"非駕駛人",121.559099,25.033065,"臺北市","信義區"
"衝進路中","2022",12,29,19,"雨","夜間(或隧道、地下道、涵洞)有照明",50,"直路","公車專用道","柏油","濕潤","良好","無號誌","中央分向島","未繪設快慢車道分隔線","無",57,"未使用",121.559099,25.033065,"臺北市","信義區"
"路上翻車、摔倒","2022",12,30,21,"晴","夜間(或隧道、地下道、涵洞)有照明",50,"直路","機車優先道","柏油","乾燥","良好","無號誌","雙向禁止超車線","快慢車道分隔線","有",52,"未使用",120.203123,23.048105,"臺南市","南區"
"同向擦撞","2022",12,30,22,"晴","夜間(或隧道、地下道、涵洞)有照明",50,"四岔路","交叉口附近","柏油","乾燥","良好","正常","無","未繪設快慢車道分隔線","無",33,"未使用",120.296205,22.641694,"高雄市","三民區"
"同向擦撞","2022",12,30,22,"晴","夜間(或隧道、地下道、涵洞)有照明",50,"四岔路","交叉口附近","柏油","乾燥","良好","正常","無","未繪設快慢車道分隔線","無",65,"未使用",120.296205,22.641694,"高雄市","三民區"
"其他","2022",12,31,4,"晴","夜間(或隧道、地下道、涵洞)有照明",50,"直路","一般車道(未劃分快慢車道)","柏油","乾燥","良好","無號誌","雙向禁止超車線","未繪設快慢車道分隔線","無",35,"未使用",120.676694,24.140699,"臺中市","中區"
"其他","2022",12,31,4,"晴","夜間(或隧道、地下道、涵洞)有照明",50,"直路","一般車道(未劃分快慢車道)","柏油","乾燥","良好","無號誌","雙向禁止超車線","未繪設快慢車道分隔線","無",70,"非駕駛人",120.676694,24.140699,"臺中市","中區"
"撞號誌、標誌桿","2022",12,31,6,"晴","夜間(或隧道、地下道、涵洞)有照明",60,"直路","路肩、路緣","柏油","乾燥","良好","無號誌","雙向禁止超車線","快慢車道分隔線","有",22,"不明",120.215318,23.135665,"臺南市","西港區"
"穿越道路中","2022",12,31,6,"雨","日間自然光線",50,"直路","行人穿越道","柏油","濕潤","良好","正常","無","未繪設快慢車道分隔線","有",61,"未使用",121.744734,25.130054,"基隆市","仁愛區"
"穿越道路中","2022",12,31,6,"雨","日間自然光線",50,"直路","行人穿越道","柏油","濕潤","良好","正常","無","未繪設快慢車道分隔線","有",23,"未使用",121.744734,25.130054,"基隆市","仁愛區"
"穿越道路中","2022",12,31,6,"雨","日間自然光線",50,"直路","行人穿越道","柏油","濕潤","良好","正常","無","未繪設快慢車道分隔線","有",70,"非駕駛人",121.744734,25.130054,"基隆市","仁愛區"
"撞路樹、電桿","2022",12,31,6,"雨","日間自然光線",60,"直路","一般車道(未劃分快慢車道)","柏油","濕潤","良好","無號誌","無","快慢車道分隔線","有",19,"未使用",121.767577,24.814266,"宜蘭縣","礁溪鄉"
"其他","2022",12,31,9,"晴","日間自然光線",50,"直路","一般車道(未劃分快慢車道)","柏油","乾燥","良好","無號誌","中央分向島","未繪設快慢車道分隔線","無",79,"不明",120.970207,24.81426,"新竹市","東區"
"其他","2022",12,31,9,"晴","日間自然光線",50,"直路","一般車道(未劃分快慢車道)","柏油","乾燥","良好","無號誌","中央分向島","未繪設快慢車道分隔線","無",34,"不明",120.970207,24.81426,"新竹市","東區"
"路口交岔撞","2022",12,31,15,"陰","日間自然光線",40,"四岔路","交叉路口內","柏油","乾燥","良好","正常","無","未繪設快慢車道分隔線","無",26,"未使用",120.385054,22.500869,"高雄市","林園區"
"路口交岔撞","2022",12,31,15,"陰","日間自然光線",40,"四岔路","交叉路口內","柏油","乾燥","良好","正常","無","未繪設快慢車道分隔線","無",57,"未使用",120.385054,22.500869,"高雄市","林園區"
"其他","2022",12,31,18,"雨","夜間(或隧道、地下道、涵洞)有照明",50,"直路","一般車道(未劃分快慢車道)","柏油","濕潤","良好","無號誌","行車分向線","未繪設快慢車道分隔線","有",40,"不明",121.708376,25.091229,"基隆市","七堵區"
"其他","2022",12,31,18,"雨","夜間(或隧道、地下道、涵洞)有照明",50,"直路","一般車道(未劃分快慢車道)","柏油","濕潤","良好","無號誌","行車分向線","未繪設快慢車道分隔線","有",64,"不明",121.708376,25.091229,"基隆市","七堵區"
"其他","2022",12,31,18,"雨","夜間(或隧道、地下道、涵洞)有照明",50,"直路","一般車道(未劃分快慢車道)","柏油","濕潤","良好","無號誌","行車分向線","未繪設快慢車道分隔線","有",29,"不明",121.708376,25.091229,"基隆市","七堵區"